-- MySQL dump 10.13  Distrib 8.0.31, for Win64 (x86_64)
--
-- Host: 3.38.211.113    Database: jobtender
-- ------------------------------------------------------
-- Server version	8.0.31

/*!40101 SET @OLD_CHARACTER_SET_CLIENT=@@CHARACTER_SET_CLIENT */;
/*!40101 SET @OLD_CHARACTER_SET_RESULTS=@@CHARACTER_SET_RESULTS */;
/*!40101 SET @OLD_COLLATION_CONNECTION=@@COLLATION_CONNECTION */;
/*!50503 SET NAMES utf8 */;
/*!40103 SET @OLD_TIME_ZONE=@@TIME_ZONE */;
/*!40103 SET TIME_ZONE='+00:00' */;
/*!40014 SET @OLD_UNIQUE_CHECKS=@@UNIQUE_CHECKS, UNIQUE_CHECKS=0 */;
/*!40014 SET @OLD_FOREIGN_KEY_CHECKS=@@FOREIGN_KEY_CHECKS, FOREIGN_KEY_CHECKS=0 */;
/*!40101 SET @OLD_SQL_MODE=@@SQL_MODE, SQL_MODE='NO_AUTO_VALUE_ON_ZERO' */;
/*!40111 SET @OLD_SQL_NOTES=@@SQL_NOTES, SQL_NOTES=0 */;

--
-- Table structure for table `companies`
--

DROP TABLE IF EXISTS `companies`;
/*!40101 SET @saved_cs_client     = @@character_set_client */;
/*!50503 SET character_set_client = utf8mb4 */;
CREATE TABLE `companies` (
  `company_id` bigint NOT NULL AUTO_INCREMENT,
  `address` varchar(255) COLLATE utf8mb4_0900_as_cs NOT NULL,
  `employees_number` varchar(255) COLLATE utf8mb4_0900_as_cs NOT NULL,
  `name` varchar(255) COLLATE utf8mb4_0900_as_cs NOT NULL,
  `salary` varchar(255) COLLATE utf8mb4_0900_as_cs NOT NULL,
  `scale` varchar(255) COLLATE utf8mb4_0900_as_cs NOT NULL,
  `type` varchar(255) COLLATE utf8mb4_0900_as_cs NOT NULL,
  `year_founded` bigint NOT NULL,
  PRIMARY KEY (`company_id`)
) ENGINE=InnoDB AUTO_INCREMENT=70 DEFAULT CHARSET=utf8mb4 COLLATE=utf8mb4_0900_as_cs;
/*!40101 SET character_set_client = @saved_cs_client */;

--
-- Dumping data for table `companies`
--

LOCK TABLES `companies` WRITE;
/*!40000 ALTER TABLE `companies` DISABLE KEYS */;
INSERT INTO `companies` VALUES (1,'경기도 수원시','10,000+(명)','삼성전자','3,202만원 ~ 1.4억원','대기업','반도체/전자기기 제조업',1969),(2,'서울특별시 영등포구','10,000+(명)','LG전자','3,000만원 ~ 1.3억원','대기업','반도체/전자기기 제조업',2002),(3,'경기도 이천시','10,000+(명)','SK하이닉스','3,000만원 ~ 1.2억원','대기업','반도체/전자기기 제조업',1949),(4,'서울특별시 서초구','10,000+(명)','현대자동차','2,760만원 ~ 1.4억원','대기업','자동차/트레일러 제조업',1967),(5,'전라남도 나주시','10,000+(명)','한국전력공사','2,700만원 ~ 1.2억원','대기업','국가/공공기관',1961),(6,'서울특별시 영등포구','1,001~5,000(명)','한화생명','2,565만원 ~ 1.5억원','대기업','보험 및 연금업',1946),(7,'서울특별시 중구','51~200(명)','하나금융지주','2,415만원 ~ 1.1억원','대기업','금융업',2005),(8,'서울특별시 서초구','5,001~10,000(명)','삼성생명','2,409만원 ~ 1.3억원','대기업','보험 및 연금업',1957),(9,'서울특별시 종로구','1,001~5,000(명)','SK이노베이션','2,653만원 ~ 1.3억원','대기업','석유정제품 제조업',2007),(10,'서울특별시 송파구','10,000+(명)','삼성SDS','3,045만원 ~ 1.4억원','대기업','전산시스템 통합 및 관리업',1985),(11,'경기도 성남시','10,000+(명)','KT','2,495만원 ~ 1.3억원','대기업','통신/네트워크',1981),(12,'서울특별시 중구','5,001~10,000(명)','SK텔레콤','2,578만원 ~ 1.5억원','대기업','통신/네트워크',1984),(13,'서울특별시 용산구','10,000+(명)','LG유플러스','2,450만원 ~ 1.3억원','대기업','통신/네트워크',1996),(14,'제주특별자치도 제주시','1,001~5,000(명)','카카오','-','대기업','정보서비스업',1995),(15,'경기도 용인시','1,001~5,000(명)','녹십자','2,800만원 ~ 1.1억원','대기업','의약품 제조/판매업',1969),(16,'인천광역시 연수구','1,001~5,000(명)','셀트리온','2,832만원 ~ 1.2억원','대기업','의약품 제조/판매업',1991),(17,'서울특별시 강남구','10,000+(명)','현대모비스','2,639만원 ~ 1.2억원','대기업','자동차/트레일러 제조업',1977),(18,'서울특별시 영등포구','10,000+(명)','LG디스플레이','2,823만원 ~ 1.1억원','대기업','반도체/전자기기 제조업',1985),(19,'경기도 수원시','10,000+(명)','삼성전기','2,900만원 ~ 1.2억원','대기업','반도체/전자기기 제조업',1973),(20,'서울특별시 중구','10,000+(명)','우리은행','2,663만원 ~ 1.8억원','대기업','금융업',1899),(21,'서울특별시 중구','10,000+(명)','신한은행','2,617만원 ~ 1.8억원','대기업','금융업',1943),(22,'0','0','네이버','0','0','0',0),(23,'서울특별시 구로구','501~1,000(명)','넷마블','2,635만원 ~ 1.4억원','대기업','게임',2011),(24,'경기도 성남시','501~1,000(명)','크래프톤','-','대기업','게임',2007),(25,'서울특별시 금천구','1,001~5,000(명)','컴투스','2,543만원 ~ 1.2억원','대기업','게임',1998),(26,'0','0','엔씨소프트','0','0','0',0),(27,'0','0','포스코 ICT','0','0','0',0),(28,'0','0','쿠팡','0','0','0',0),(29,'0','0','배달의민족','0','0','0',0),(30,'서울특별시 용산구 한남대로 98','201~500(명)','라인프렌즈','2,552만원 ~ 1.0억원','대기업','유통/무역/상사',2015),(31,'강원도 춘천시','1,001~5,000(명)','더존비즈온','2,601만원 ~ 1.2억원','대기업','전산시스템 통합 및 관리업',1977),(32,'제주특별자치도 제주시','201~500(명)','쏘카','2,287만원 ~ 1.2억원','대기업','여행사/여행서비스업',2011),(33,'서울특별시 강남구','501~1,000(명)','비바리퍼블리카','3,000만원 ~ 3.8억원','대기업','금융 및 보험관련 서비스업',2013),(34,'서울특별시 서초구','201~500(명)','라인게임즈','2,704만원 ~ 1.2억원','대기업','게임',2012),(35,'서울특별시 강남구','1,001~5,000(명)','위메프','2,337만원 ~ 1.1억원','대기업','종합 소매업',2010),(36,'서울특별시 강남구 압구정로 118(신사동, 아리지빌딩)','501~1,000(명)','티몬','2,300만원 ~ 1.3억원','대기업','종합 소매업',2010),(37,'경기도 성남시','201~500(명)','아프리카TV','3,080만원 ~ 1.1억원','대기업','IT/소프트웨어',1996),(38,'서울특별시 강남구','51~200(명)','스포카','-','대기업','IT/소프트웨어',2011),(39,'서울특별시 강남구','501~1,000(명)','야놀자','2,461만원 ~ 1.6억원','대기업','IT/소프트웨어',2007),(40,'서울특별시 강남구','51~200(명)','피키캐스트','-','대기업','광고업',2013),(41,'0','0','스마일게이트','0','0','0',0),(42,'0','0','마켓컬리','0','0','0',0),(43,'서울특별시 강남구','201~500(명)','에이블리코퍼레이션','2,316만원 ~ 1.8억원','대기업','온라인커머스',2018),(44,'0','0','옥션','0','0','0',0),(45,'서울특별시 강남구','501~1,000(명)','지마켓','2,600만원 ~ 1.5억원','대기업','종합 소매업',2000),(46,'0','0','올리브영','0','0','0',0),(47,'0','0','티맵모빌리티','0','0','0',0),(48,'서울특별시 강남구','201~500(명)','하이퍼커넥트','2,800만원 ~ 1.5억원','대기업','IT/소프트웨어',2014),(49,'0','0','유니티 코리아','0','0','0',0),(50,'0','0','비욘드플랫폼','0','0','0',0),(51,'경기도 성남시','501~1,000(명)','카카오엔터테인먼트','-','대기업','컨텐츠/엔터테인먼트',2021),(52,'서울특별시 강서구','5,001~10,000(명)','LG CNS','-','대기업','전산시스템 통합 및 관리업',1987),(53,'0','0','SK C&C','0','0','0',0),(54,'서울특별시 중구','201~500(명)','한국정보통신','2,629만원 ~ 1.1억원','대기업','통신/네트워크',1986),(55,'서울시 강남구','5,001~10,000(명)','현대오토에버','-','대기업','IT/소프트웨어',2000),(56,'서울특별시 서초구','1,001~5,000(명)','KT ds','2,521만원 ~ 1.1억원','대기업','건설/부동산업',2008),(57,'서울특별시 금천구','1,001~5,000(명)','롯데정보통신','2,844만원 ~ 1.1억원','대기업','전산시스템 통합 및 관리업',2017),(58,'0','0','네오위즈','0','0','0',0),(59,'서울특별시 강남구','201~500(명)','지니뮤직','2,682만원 ~ 1.1억원','대기업','온라인 정보 제공업',1991),(60,'경기도 성남시','1,001~5,000(명)','NAVER','3,100만원 ~ 1.8억원','대기업','정보서비스업',1999),(61,'서울특별시 강남구','1,001~5,000(명)','NCSOFT','2,700만원 ~ 1.4억원','대기업','게임',1997),(62,'경상북도 포항시','1,001~5,000(명)','포스코DX','2,795만원 ~ 1.0억원','대기업','건축/엔지니어링 서비스업',1989),(63,'서울특별시 송파구','10,000+(명)','COUPANG','2,300만원 ~ 1.8억원','대기업','종합 소매업',2013),(64,'서울특별시 송파구','1,001~5,000(명)','우아한형제들','2,781만원 ~ 1.5억원','대기업','IT/소프트웨어',2011),(65,'경기도 성남시','201~500(명)','스마일게이트엔터테인먼트','2,662만원 ~ 1.5억원','대기업','게임',2005),(66,'서울특별시 강남구','201~500(명)','컬리','2,483만원 ~ 1.5억원','대기업','종합 소매업',2014),(67,'서울특별시 용산구','1,001~5,000(명)','CJ올리브영','2,400만원 ~ 9,961만원','대기업','종합 소매업',2019),(68,'서울특별시 강남구','51~200(명)','유니티테크놀로지코리아','2,500만원 ~ 2.4억원','대기업','게임',2011),(69,'경기도 성남시','1,001~5,000(명)','NEOWIZ','2,581만원 ~ 1.1억원','대기업','게임',2007);
/*!40000 ALTER TABLE `companies` ENABLE KEYS */;
UNLOCK TABLES;

--
-- Table structure for table `company_measures`
--

DROP TABLE IF EXISTS `company_measures`;
/*!40101 SET @saved_cs_client     = @@character_set_client */;
/*!50503 SET character_set_client = utf8mb4 */;
CREATE TABLE `company_measures` (
  `company_measure_id` bigint NOT NULL AUTO_INCREMENT,
  `score` varchar(255) COLLATE utf8mb4_0900_as_cs NOT NULL,
  `company_id` bigint DEFAULT NULL,
  `extracted_keyword_id` bigint DEFAULT NULL,
  PRIMARY KEY (`company_measure_id`),
  KEY `FK63ikgh28gms2cohpao8ssamuu` (`company_id`),
  KEY `FKmlynise4gvu07sf8qgfop7pkk` (`extracted_keyword_id`),
  CONSTRAINT `FK63ikgh28gms2cohpao8ssamuu` FOREIGN KEY (`company_id`) REFERENCES `companies` (`company_id`),
  CONSTRAINT `FKmlynise4gvu07sf8qgfop7pkk` FOREIGN KEY (`extracted_keyword_id`) REFERENCES `extracted_keywords` (`extract_keyword_id`)
) ENGINE=InnoDB AUTO_INCREMENT=15931 DEFAULT CHARSET=utf8mb4 COLLATE=utf8mb4_0900_as_cs;
/*!40101 SET character_set_client = @saved_cs_client */;

--
-- Dumping data for table `company_measures`
--

LOCK TABLES `company_measures` WRITE;
/*!40000 ALTER TABLE `company_measures` DISABLE KEYS */;
INSERT INTO `company_measures` VALUES (1,'0.0',1,1),(2,'0.0',1,2),(3,'0.0',1,3),(4,'0.0',1,4),(5,'0.0',1,5),(6,'0.0',1,6),(7,'0.0',1,7),(8,'0.0',1,8),(9,'0.0',1,9),(10,'0.0',1,10),(11,'0.0',1,11),(12,'0.0',1,12),(13,'0.0',1,13),(14,'0.0',1,14),(15,'0.0',1,15),(16,'0.0',1,16),(17,'0.0',1,17),(18,'0.0',1,18),(19,'0.0',1,19),(20,'0.0',1,20),(21,'0.0',1,21),(22,'0.0',1,22),(23,'0.0',1,23),(24,'0.0',1,24),(25,'0.0',1,25),(26,'0.0',1,26),(27,'0.0',1,27),(28,'0.0',1,28),(29,'0.0',1,29),(30,'0.0',1,30),(31,'0.0',1,31),(32,'0.0',1,32),(33,'0.0',1,33),(34,'0.0',1,34),(35,'0.0',1,35),(36,'0.0',1,36),(37,'0.0',1,37),(38,'0.0',1,38),(39,'0.0',1,39),(40,'0.0',1,40),(41,'0.0',1,41),(42,'0.0',1,42),(43,'0.0',1,43),(44,'0.0',1,44),(45,'0.0',1,45),(46,'0.0',1,46),(47,'0.0',1,47),(48,'0.0',1,48),(49,'0.0',1,49),(50,'0.0',1,50),(51,'0.0',1,51),(52,'0.0',1,52),(53,'0.0',1,53),(54,'0.0',1,54),(55,'0.0',1,55),(56,'0.0',1,56),(57,'0.0',1,57),(58,'0.0',1,58),(59,'0.0',1,59),(60,'0.0',1,60),(61,'0.0',1,61),(62,'0.0',1,62),(63,'0.0',1,63),(64,'0.49854585026901',1,64),(65,'0.0',1,65),(66,'0.0',1,66),(67,'0.0',1,67),(68,'0.0',1,68),(69,'0.0',1,69),(70,'0.0',1,70),(71,'0.0',1,71),(72,'0.0',1,72),(73,'0.0',1,73),(74,'0.0',1,74),(75,'0.0',1,75),(76,'0.0',1,76),(77,'0.0',1,77),(78,'0.0',1,78),(79,'0.0',1,79),(80,'0.0',1,80),(81,'0.0',1,81),(82,'0.0',1,82),(83,'0.0',1,83),(84,'0.0',1,84),(85,'0.0',1,85),(86,'0.709157295921785',1,86),(87,'0.0',1,87),(88,'0.0',1,88),(89,'0.0',1,89),(90,'0.0',1,90),(91,'0.0',1,91),(92,'0.0',1,92),(93,'0.0',1,93),(94,'0.0',1,94),(95,'0.0',1,95),(96,'0.0',1,96),(97,'0.0',1,97),(98,'0.0',1,98),(99,'0.0',1,99),(100,'0.0',1,100),(101,'0.0',1,101),(102,'0.0',1,102),(103,'0.0',1,103),(104,'0.0',1,104),(105,'0.0',1,105),(106,'0.0',1,106),(107,'0.0',1,107),(108,'0.0',1,108),(109,'0.0',1,109),(110,'0.0',1,110),(111,'0.0',1,111),(112,'0.0',1,112),(113,'0.0',1,113),(114,'0.0',1,114),(115,'0.0',1,115),(116,'0.0',1,116),(117,'0.0',1,117),(118,'0.0',1,118),(119,'0.0',1,119),(120,'0.0',1,120),(121,'0.0',1,121),(122,'0.0',1,122),(123,'0.0',1,123),(124,'0.0',1,124),(125,'0.0',1,125),(126,'0.0',1,126),(127,'0.0',1,127),(128,'0.0',1,128),(129,'0.0',1,129),(130,'0.0',1,130),(131,'0.0',1,131),(132,'0.0',1,132),(133,'0.0',1,133),(134,'0.0',1,134),(135,'0.0',1,135),(136,'0.0',1,136),(137,'0.0',1,137),(138,'0.0',1,138),(139,'0.0',1,139),(140,'0.0',1,140),(141,'0.0',1,141),(142,'0.0',1,142),(143,'0.0',1,143),(144,'0.0',1,144),(145,'0.0',1,145),(146,'0.49854585026901',1,146),(147,'0.0',1,147),(148,'0.0',1,148),(149,'0.0',1,149),(150,'0.0',1,150),(151,'0.0',1,151),(152,'0.0',1,152),(153,'0.0',1,153),(154,'0.0',1,154),(155,'0.0',1,155),(156,'0.0',1,156),(157,'0.0',1,157),(158,'0.0',1,158),(159,'0.0',1,159),(160,'0.0',1,160),(161,'0.0',1,161),(162,'0.0',1,162),(163,'0.0',1,163),(164,'0.0',1,164),(165,'0.0',1,165),(166,'0.0',1,166),(167,'0.0',1,167),(168,'0.0',1,168),(169,'0.0',1,169),(170,'0.0',1,170),(171,'0.0',1,171),(172,'0.0',1,172),(173,'0.0',1,173),(174,'0.0',1,174),(175,'0.0',1,175),(176,'0.0',1,176),(177,'0.0',1,177),(178,'0.0',1,178),(179,'0.0',1,179),(180,'0.0',1,180),(181,'0.0',1,181),(182,'0.0',1,182),(183,'0.0',1,183),(184,'0.0',1,184),(185,'0.0',1,185),(186,'0.0',1,186),(187,'0.0',1,187),(188,'0.0',1,188),(189,'0.0',1,189),(190,'0.0',1,190),(191,'0.0',1,191),(192,'0.0',1,192),(193,'0.0',1,193),(194,'0.0',1,194),(195,'0.0',1,195),(196,'0.0',1,196),(197,'0.0',1,197),(198,'0.0',1,198),(199,'0.0',1,199),(200,'0.0',1,200),(201,'0.0',1,201),(202,'0.0',1,202),(203,'0.0',1,203),(204,'0.0',1,204),(205,'0.0',1,205),(206,'0.0',1,206),(207,'0.0',1,207),(208,'0.0',1,208),(209,'0.0',1,209),(210,'0.0',1,210),(211,'0.0',1,211),(212,'0.0',1,212),(213,'0.0',1,213),(214,'0.0',1,214),(215,'0.0',1,215),(216,'0.0',1,216),(217,'0.0',1,217),(218,'0.0',1,218),(219,'0.0',1,219),(220,'0.0',1,220),(221,'0.0',1,221),(222,'0.0',1,222),(223,'0.0',1,223),(224,'0.0',1,224),(225,'0.0',1,225),(226,'0.0',1,226),(227,'0.0',1,227),(228,'0.0',1,228),(229,'0.0',1,229),(230,'0.0',1,230),(231,'0.0',1,231),(232,'0.0',1,232),(233,'0.0',1,233),(234,'0.0',1,234),(235,'0.0',1,235),(236,'0.0',1,236),(237,'0.0',1,237),(238,'0.0',1,238),(239,'0.0',1,239),(240,'0.0',1,240),(241,'0.0',1,241),(242,'0.0',1,242),(243,'0.0',1,243),(244,'0.0',1,244),(245,'0.0',1,245),(246,'0.0',1,246),(247,'0.0',1,247),(248,'0.0',1,248),(249,'0.0',1,249),(250,'0.0',1,250),(251,'0.0',1,251),(252,'0.0',1,252),(253,'0.0',1,253),(254,'0.0',1,254),(255,'0.0',1,255),(256,'0.0',1,256),(257,'0.0',1,257),(258,'0.0',1,258),(259,'0.0',1,259),(260,'0.0',1,260),(261,'0.0',1,261),(262,'0.0',1,262),(263,'0.0',1,263),(264,'0.0',1,264),(265,'0.0',1,265),(266,'0.0',1,266),(267,'0.0',1,267),(268,'0.0',1,268),(269,'0.0',1,269),(270,'0.0',1,270),(271,'0.0',2,1),(272,'0.0',2,2),(273,'0.0',2,3),(274,'0.0',2,4),(275,'0.0',2,5),(276,'0.0',2,6),(277,'0.0',2,7),(278,'0.0',2,8),(279,'0.0',2,9),(280,'0.0',2,10),(281,'0.0',2,11),(282,'0.0',2,12),(283,'0.0',2,13),(284,'0.0',2,14),(285,'0.0',2,15),(286,'0.323218242909992',2,16),(287,'0.0',2,17),(288,'0.0',2,18),(289,'0.187400026237799',2,19),(290,'0.0',2,20),(291,'0.0',2,21),(292,'0.0',2,22),(293,'0.0',2,23),(294,'0.0',2,24),(295,'0.0',2,25),(296,'0.0',2,26),(297,'0.0',2,27),(298,'0.0',2,28),(299,'0.0',2,29),(300,'0.0',2,30),(301,'0.0',2,31),(302,'0.0',2,32),(303,'0.0',2,33),(304,'0.0',2,34),(305,'0.0',2,35),(306,'0.0',2,36),(307,'0.0',2,37),(308,'0.0',2,38),(309,'0.0',2,39),(310,'0.0',2,40),(311,'0.0',2,41),(312,'0.0',2,42),(313,'0.0',2,43),(314,'0.0',2,44),(315,'0.0',2,45),(316,'0.0',2,46),(317,'0.0',2,47),(318,'0.0',2,48),(319,'0.0',2,49),(320,'0.0',2,50),(321,'0.0',2,51),(322,'0.0',2,52),(323,'0.0',2,53),(324,'0.0',2,54),(325,'0.0',2,55),(326,'0.0',2,56),(327,'0.0',2,57),(328,'0.0',2,58),(329,'0.0',2,59),(330,'0.0',2,60),(331,'0.0',2,61),(332,'0.0',2,62),(333,'0.0',2,63),(334,'0.202379634138187',2,64),(335,'0.0',2,65),(336,'0.0',2,66),(337,'0.0',2,67),(338,'0.0',2,68),(339,'0.0',2,69),(340,'0.0',2,70),(341,'0.0',2,71),(342,'0.0',2,72),(343,'0.0',2,73),(344,'0.0',2,74),(345,'0.0',2,75),(346,'0.0',2,76),(347,'0.0',2,77),(348,'0.0',2,78),(349,'0.0',2,79),(350,'0.0',2,80),(351,'0.0',2,81),(352,'0.0',2,82),(353,'0.0',2,83),(354,'0.0',2,84),(355,'0.0',2,85),(356,'0.0',2,86),(357,'0.0',2,87),(358,'0.0',2,88),(359,'0.0',2,89),(360,'0.0',2,90),(361,'0.0',2,91),(362,'0.0',2,92),(363,'0.0',2,93),(364,'0.0',2,94),(365,'0.0',2,95),(366,'0.348294519910484',2,96),(367,'0.0',2,97),(368,'0.0',2,98),(369,'0.0',2,99),(370,'0.0',2,100),(371,'0.0',2,101),(372,'0.0',2,102),(373,'0.0',2,103),(374,'0.0',2,104),(375,'0.0',2,105),(376,'0.0',2,106),(377,'0.0',2,107),(378,'0.0',2,108),(379,'0.0',2,109),(380,'0.0',2,110),(381,'0.0',2,111),(382,'0.214019115740835',2,112),(383,'0.0',2,113),(384,'0.0',2,114),(385,'0.0',2,115),(386,'0.0',2,116),(387,'0.0',2,117),(388,'0.0',2,118),(389,'0.323218242909992',2,119),(390,'0.0',2,120),(391,'0.0',2,121),(392,'0.0',2,122),(393,'0.0',2,123),(394,'0.0',2,124),(395,'0.0',2,125),(396,'0.0',2,126),(397,'0.0',2,127),(398,'0.0',2,128),(399,'0.0',2,129),(400,'0.0',2,130),(401,'0.0',2,131),(402,'0.0',2,132),(403,'0.303767571354619',2,133),(404,'0.0',2,134),(405,'0.0',2,135),(406,'0.0',2,136),(407,'0.0',2,137),(408,'0.0',2,138),(409,'0.0',2,139),(410,'0.0',2,140),(411,'0.0',2,141),(412,'0.0',2,142),(413,'0.0',2,143),(414,'0.0',2,144),(415,'0.0',2,145),(416,'0.202379634138187',2,146),(417,'0.0',2,147),(418,'0.0',2,148),(419,'0.0',2,149),(420,'0.0',2,150),(421,'0.0',2,151),(422,'0.0',2,152),(423,'0.0',2,153),(424,'0.0',2,154),(425,'0.0',2,155),(426,'0.0',2,156),(427,'0.0',2,157),(428,'0.0',2,158),(429,'0.0',2,159),(430,'0.0',2,160),(431,'0.0',2,161),(432,'0.0',2,162),(433,'0.0',2,163),(434,'0.0',2,164),(435,'0.0',2,165),(436,'0.0',2,166),(437,'0.0',2,167),(438,'0.0',2,168),(439,'0.0',2,169),(440,'0.0',2,170),(441,'0.0',2,171),(442,'0.0',2,172),(443,'0.0',2,173),(444,'0.0',2,174),(445,'0.0',2,175),(446,'0.348294519910484',2,176),(447,'0.0',2,177),(448,'0.0',2,178),(449,'0.0',2,179),(450,'0.0',2,180),(451,'0.0',2,181),(452,'0.0',2,182),(453,'0.0',2,183),(454,'0.0',2,184),(455,'0.0',2,185),(456,'0.0',2,186),(457,'0.0',2,187),(458,'0.0',2,188),(459,'0.0',2,189),(460,'0.0',2,190),(461,'0.0',2,191),(462,'0.0',2,192),(463,'0.0',2,193),(464,'0.0',2,194),(465,'0.0',2,195),(466,'0.0',2,196),(467,'0.0',2,197),(468,'0.0',2,198),(469,'0.0',2,199),(470,'0.0',2,200),(471,'0.0',2,201),(472,'0.0',2,202),(473,'0.0',2,203),(474,'0.0',2,204),(475,'0.0',2,205),(476,'0.0',2,206),(477,'0.0',2,207),(478,'0.0',2,208),(479,'0.0',2,209),(480,'0.0',2,210),(481,'0.0',2,211),(482,'0.214019115740835',2,212),(483,'0.0',2,213),(484,'0.0',2,214),(485,'0.0',2,215),(486,'0.0',2,216),(487,'0.0',2,217),(488,'0.0',2,218),(489,'0.220478857989747',2,219),(490,'0.0',2,220),(491,'0.0',2,221),(492,'0.0',2,222),(493,'0.0',2,223),(494,'0.0',2,224),(495,'0.0',2,225),(496,'0.0',2,226),(497,'0.0',2,227),(498,'0.0',2,228),(499,'0.0',2,229),(500,'0.0',2,230),(501,'0.0',2,231),(502,'0.0',2,232),(503,'0.0',2,233),(504,'0.0',2,234),(505,'0.0',2,235),(506,'0.0',2,236),(507,'0.383637547295894',2,237),(508,'0.0',2,238),(509,'0.0',2,239),(510,'0.0',2,240),(511,'0.0',2,241),(512,'0.0',2,242),(513,'0.0',2,243),(514,'0.0',2,244),(515,'0.0',2,245),(516,'0.0',2,246),(517,'0.0',2,247),(518,'0.0',2,248),(519,'0.0',2,249),(520,'0.0',2,250),(521,'0.0',2,251),(522,'0.0',2,252),(523,'0.0',2,253),(524,'0.227455911138679',2,254),(525,'0.0',2,255),(526,'0.0',2,256),(527,'0.0',2,257),(528,'0.0',2,258),(529,'0.0',2,259),(530,'0.0',2,260),(531,'0.0',2,261),(532,'0.0',2,262),(533,'0.0',2,263),(534,'0.0',2,264),(535,'0.0',2,265),(536,'0.0',2,266),(537,'0.0',2,267),(538,'0.0',2,268),(539,'0.0',2,269),(540,'0.0',2,270),(541,'0.0',3,1),(542,'0.0',3,2),(543,'0.0',3,3),(544,'0.0',3,4),(545,'0.0',3,5),(546,'0.0',3,6),(547,'0.0',3,7),(548,'0.0',3,8),(549,'0.0',3,9),(550,'0.0',3,10),(551,'0.308577769537889',3,11),(552,'0.0',3,12),(553,'0.0',3,13),(554,'0.0',3,14),(555,'0.0',3,15),(556,'0.0',3,16),(557,'0.0',3,17),(558,'0.0',3,18),(559,'0.0',3,19),(560,'0.0',3,20),(561,'0.0',3,21),(562,'0.0',3,22),(563,'0.0',3,23),(564,'0.0',3,24),(565,'0.0',3,25),(566,'0.286360992693066',3,26),(567,'0.0',3,27),(568,'0.0',3,28),(569,'0.0',3,29),(570,'0.0',3,30),(571,'0.0',3,31),(572,'0.255048204418047',3,32),(573,'0.0',3,33),(574,'0.0',3,34),(575,'0.0',3,35),(576,'0.0',3,36),(577,'0.0',3,37),(578,'0.0',3,38),(579,'0.0',3,39),(580,'0.0',3,40),(581,'0.0',3,41),(582,'0.0',3,42),(583,'0.0',3,43),(584,'0.0',3,44),(585,'0.0',3,45),(586,'0.0',3,46),(587,'0.0',3,47),(588,'0.0',3,48),(589,'0.0',3,49),(590,'0.0',3,50),(591,'0.0',3,51),(592,'0.0',3,52),(593,'0.0',3,53),(594,'0.0',3,54),(595,'0.0',3,55),(596,'0.0',3,56),(597,'0.0',3,57),(598,'0.0',3,58),(599,'0.0',3,59),(600,'0.0',3,60),(601,'0.0',3,61),(602,'0.0',3,62),(603,'0.0',3,63),(604,'0.179301862453381',3,64),(605,'0.0',3,65),(606,'0.0',3,66),(607,'0.0',3,67),(608,'0.0',3,68),(609,'0.0',3,69),(610,'0.0',3,70),(611,'0.339890557812908',3,71),(612,'0.0',3,72),(613,'0.0',3,73),(614,'0.0',3,74),(615,'0.0',3,75),(616,'0.0',3,76),(617,'0.0',3,77),(618,'0.0',3,78),(619,'0.0',3,79),(620,'0.0',3,80),(621,'0.0',3,81),(622,'0.195337194068465',3,82),(623,'0.0',3,83),(624,'0.0',3,84),(625,'0.0',3,85),(626,'0.0',3,86),(627,'0.0',3,87),(628,'0.0',3,88),(629,'0.0',3,89),(630,'0.0',3,90),(631,'0.0',3,91),(632,'0.0',3,92),(633,'0.0',3,93),(634,'0.0',3,94),(635,'0.0',3,95),(636,'0.0',3,96),(637,'0.0',3,97),(638,'0.0',3,98),(639,'0.0',3,99),(640,'0.0',3,100),(641,'0.0',3,101),(642,'0.0',3,102),(643,'0.0',3,103),(644,'0.0',3,104),(645,'0.0',3,105),(646,'0.0',3,106),(647,'0.0',3,107),(648,'0.0',3,108),(649,'0.0',3,109),(650,'0.0',3,110),(651,'0.0',3,111),(652,'0.0',3,112),(653,'0.0',3,113),(654,'0.0',3,114),(655,'0.0',3,115),(656,'0.0',3,116),(657,'0.0',3,117),(658,'0.0',3,118),(659,'0.0',3,119),(660,'0.0',3,120),(661,'0.0',3,121),(662,'0.0',3,122),(663,'0.0',3,123),(664,'0.0',3,124),(665,'0.0',3,125),(666,'0.255048204418047',3,126),(667,'0.0',3,127),(668,'0.0',3,128),(669,'0.0',3,129),(670,'0.0',3,130),(671,'0.0',3,131),(672,'0.0',3,132),(673,'0.0',3,133),(674,'0.0',3,134),(675,'0.255048204418047',3,135),(676,'0.0',3,136),(677,'0.0',3,137),(678,'0.0',3,138),(679,'0.0',3,139),(680,'0.0',3,140),(681,'0.0',3,141),(682,'0.0',3,142),(683,'0.0',3,143),(684,'0.0',3,144),(685,'0.0',3,145),(686,'0.0',3,146),(687,'0.0',3,147),(688,'0.0',3,148),(689,'0.0',3,149),(690,'0.0',3,150),(691,'0.0',3,151),(692,'0.0',3,152),(693,'0.0',3,153),(694,'0.0',3,154),(695,'0.0',3,155),(696,'0.0',3,156),(697,'0.0',3,157),(698,'0.0',3,158),(699,'0.0',3,159),(700,'0.0',3,160),(701,'0.0',3,161),(702,'0.0',3,162),(703,'0.0',3,163),(704,'0.339890557812908',3,164),(705,'0.0',3,165),(706,'0.0',3,166),(707,'0.0',3,167),(708,'0.0',3,168),(709,'0.0',3,169),(710,'0.0',3,170),(711,'0.0',3,171),(712,'0.339890557812908',3,172),(713,'0.0',3,173),(714,'0.0',3,174),(715,'0.0',3,175),(716,'0.0',3,176),(717,'0.0',3,177),(718,'0.0',3,178),(719,'0.0',3,179),(720,'0.0',3,180),(721,'0.0',3,181),(722,'0.0',3,182),(723,'0.0',3,183),(724,'0.0',3,184),(725,'0.0',3,185),(726,'0.0',3,186),(727,'0.0',3,187),(728,'0.0',3,188),(729,'0.0',3,189),(730,'0.0',3,190),(731,'0.0',3,191),(732,'0.0',3,192),(733,'0.0',3,193),(734,'0.0',3,194),(735,'0.0',3,195),(736,'0.0',3,196),(737,'0.0',3,197),(738,'0.0',3,198),(739,'0.0',3,199),(740,'0.0',3,200),(741,'0.0',3,201),(742,'0.308577769537889',3,202),(743,'0.0',3,203),(744,'0.0',3,204),(745,'0.0',3,205),(746,'0.0',3,206),(747,'0.0',3,207),(748,'0.0',3,208),(749,'0.0',3,209),(750,'0.0',3,210),(751,'0.0',3,211),(752,'0.0',3,212),(753,'0.0',3,213),(754,'0.0',3,214),(755,'0.0',3,215),(756,'0.0',3,216),(757,'0.0',3,217),(758,'0.0',3,218),(759,'0.0',3,219),(760,'0.0',3,220),(761,'0.0',3,221),(762,'0.0',3,222),(763,'0.0',3,223),(764,'0.0',3,224),(765,'0.0',3,225),(766,'0.0',3,226),(767,'0.0',3,227),(768,'0.0',3,228),(769,'0.0',3,229),(770,'0.0',3,230),(771,'0.0',3,231),(772,'0.0',3,232),(773,'0.0',3,233),(774,'0.0',3,234),(775,'0.0',3,235),(776,'0.0',3,236),(777,'0.0',3,237),(778,'0.0',3,238),(779,'0.0',3,239),(780,'0.0',3,240),(781,'0.0',3,241),(782,'0.0',3,242),(783,'0.0',3,243),(784,'0.0',3,244),(785,'0.0',3,245),(786,'0.0',3,246),(787,'0.0',3,247),(788,'0.0',3,248),(789,'0.0',3,249),(790,'0.0',3,250),(791,'0.0',3,251),(792,'0.0',3,252),(793,'0.339890557812908',3,253),(794,'0.0',3,254),(795,'0.0',3,255),(796,'0.0',3,256),(797,'0.0',3,257),(798,'0.0',3,258),(799,'0.0',3,259),(800,'0.0',3,260),(801,'0.0',3,261),(802,'0.0',3,262),(803,'0.0',3,263),(804,'0.0',3,264),(805,'0.0',3,265),(806,'0.0',3,266),(807,'0.0',3,267),(808,'0.0',3,268),(809,'0.0',3,269),(810,'0.0',3,270),(811,'0.0',4,1),(812,'0.0',4,2),(813,'0.0',4,3),(814,'0.0',4,4),(815,'0.0',4,5),(816,'0.0',4,6),(817,'0.0',4,7),(818,'0.0',4,8),(819,'0.0',4,9),(820,'0.0',4,10),(821,'0.0',4,11),(822,'0.0',4,12),(823,'0.0',4,13),(824,'0.0',4,14),(825,'0.0',4,15),(826,'0.0',4,16),(827,'0.0',4,17),(828,'0.0',4,18),(829,'0.0',4,19),(830,'0.0',4,20),(831,'0.0',4,21),(832,'0.0',4,22),(833,'0.0',4,23),(834,'0.0',4,24),(835,'0.0',4,25),(836,'0.0',4,26),(837,'0.0',4,27),(838,'0.0',4,28),(839,'0.0',4,29),(840,'0.0',4,30),(841,'0.0',4,31),(842,'0.0',4,32),(843,'0.0',4,33),(844,'0.0',4,34),(845,'0.0',4,35),(846,'0.0',4,36),(847,'0.0',4,37),(848,'0.0',4,38),(849,'0.0',4,39),(850,'0.0',4,40),(851,'0.0',4,41),(852,'0.0',4,42),(853,'0.0',4,43),(854,'0.0',4,44),(855,'0.0',4,45),(856,'0.0',4,46),(857,'0.0',4,47),(858,'0.0',4,48),(859,'0.0',4,49),(860,'0.0',4,50),(861,'0.0',4,51),(862,'0.0',4,52),(863,'0.0',4,53),(864,'0.0',4,54),(865,'0.0',4,55),(866,'0.0',4,56),(867,'0.0',4,57),(868,'0.0',4,58),(869,'0.0',4,59),(870,'0.0',4,60),(871,'0.0',4,61),(872,'0.0',4,62),(873,'0.0',4,63),(874,'0.0',4,64),(875,'0.0',4,65),(876,'0.0',4,66),(877,'0.0',4,67),(878,'0.0',4,68),(879,'0.0',4,69),(880,'0.0',4,70),(881,'0.0',4,71),(882,'0.0',4,72),(883,'0.0',4,73),(884,'0.0',4,74),(885,'0.0',4,75),(886,'0.0',4,76),(887,'0.0',4,77),(888,'0.0',4,78),(889,'0.0',4,79),(890,'0.0',4,80),(891,'0.0',4,81),(892,'0.0',4,82),(893,'0.0',4,83),(894,'0.322506116313741',4,84),(895,'0.0',4,85),(896,'0.0',4,86),(897,'0.0',4,87),(898,'0.0',4,88),(899,'0.0',4,89),(900,'0.0',4,90),(901,'0.0',4,91),(902,'0.0',4,92),(903,'0.0',4,93),(904,'0.0',4,94),(905,'0.0',4,95),(906,'0.0',4,96),(907,'0.0',4,97),(908,'0.0',4,98),(909,'0.0',4,99),(910,'0.0',4,100),(911,'0.0',4,101),(912,'0.0',4,102),(913,'0.282911382602233',4,103),(914,'0.0',4,104),(915,'0.0',4,105),(916,'0.0',4,106),(917,'0.0',4,107),(918,'0.0',4,108),(919,'0.0',4,109),(920,'0.0',4,110),(921,'0.0',4,111),(922,'0.0',4,112),(923,'0.0',4,113),(924,'0.0',4,114),(925,'0.0',4,115),(926,'0.0',4,116),(927,'0.0',4,117),(928,'0.0',4,118),(929,'0.0',4,119),(930,'0.0',4,120),(931,'0.0',4,121),(932,'0.282911382602233',4,122),(933,'0.0',4,123),(934,'0.0',4,124),(935,'0.0',4,125),(936,'0.0',4,126),(937,'0.0',4,127),(938,'0.0',4,128),(939,'0.0',4,129),(940,'0.0',4,130),(941,'0.390193760671618',4,131),(942,'0.0',4,132),(943,'0.0',4,133),(944,'0.429788494383127',4,134),(945,'0.0',4,135),(946,'0.0',4,136),(947,'0.0',4,137),(948,'0.0',4,138),(949,'0.0',4,139),(950,'0.0',4,140),(951,'0.0',4,141),(952,'0.0',4,142),(953,'0.0',4,143),(954,'0.0',4,144),(955,'0.0',4,145),(956,'0.0',4,146),(957,'0.0',4,147),(958,'0.0',4,148),(959,'0.0',4,149),(960,'0.0',4,150),(961,'0.0',4,151),(962,'0.0',4,152),(963,'0.0',4,153),(964,'0.0',4,154),(965,'0.0',4,155),(966,'0.0',4,156),(967,'0.0',4,157),(968,'0.0',4,158),(969,'0.0',4,159),(970,'0.0',4,160),(971,'0.0',4,161),(972,'0.0',4,162),(973,'0.0',4,163),(974,'0.0',4,164),(975,'0.0',4,165),(976,'0.0',4,166),(977,'0.362100850025249',4,167),(978,'0.0',4,168),(979,'0.0',4,169),(980,'0.0',4,170),(981,'0.0',4,171),(982,'0.0',4,172),(983,'0.0',4,173),(984,'0.0',4,174),(985,'0.0',4,175),(986,'0.0',4,176),(987,'0.0',4,177),(988,'0.307452897190433',4,178),(989,'0.0',4,179),(990,'0.0',4,180),(991,'0.0',4,181),(992,'0.0',4,182),(993,'0.0',4,183),(994,'0.0',4,184),(995,'0.0',4,185),(996,'0.0',4,186),(997,'0.0',4,187),(998,'0.0',4,188),(999,'0.0',4,189),(1000,'0.0',4,190),(1001,'0.0',4,191),(1002,'0.0',4,192),(1003,'0.340310295629705',4,193),(1004,'0.0',4,194),(1005,'0.0',4,195),(1006,'0.0',4,196),(1007,'0.0',4,197),(1008,'0.0',4,198),(1009,'0.0',4,199),(1010,'0.0',4,200),(1011,'0.0',4,201),(1012,'0.0',4,202),(1013,'0.0',4,203),(1014,'0.0',4,204),(1015,'0.0',4,205),(1016,'0.0',4,206),(1017,'0.0',4,207),(1018,'0.0',4,208),(1019,'0.0',4,209),(1020,'0.0',4,210),(1021,'0.0',4,211),(1022,'0.239765252832555',4,212),(1023,'0.0',4,213),(1024,'0.0',4,214),(1025,'0.0',4,215),(1026,'0.0',4,216),(1027,'0.0',4,217),(1028,'0.0',4,218),(1029,'0.0',4,219),(1030,'0.0',4,220),(1031,'0.0',4,221),(1032,'0.0',4,222),(1033,'0.0',4,223),(1034,'0.0',4,224),(1035,'0.0',4,225),(1036,'0.0',4,226),(1037,'0.0',4,227),(1038,'0.0',4,228),(1039,'0.0',4,229),(1040,'0.0',4,230),(1041,'0.0',4,231),(1042,'0.0',4,232),(1043,'0.0',4,233),(1044,'0.0',4,234),(1045,'0.0',4,235),(1046,'0.0',4,236),(1047,'0.0',4,237),(1048,'0.0',4,238),(1049,'0.0',4,239),(1050,'0.0',4,240),(1051,'0.0',4,241),(1052,'0.0',4,242),(1053,'0.0',4,243),(1054,'0.0',4,244),(1055,'0.0',4,245),(1056,'0.0',4,246),(1057,'0.0',4,247),(1058,'0.0',4,248),(1059,'0.0',4,249),(1060,'0.0',4,250),(1061,'0.0',4,251),(1062,'0.0',4,252),(1063,'0.0',4,253),(1064,'0.0',4,254),(1065,'0.0',4,255),(1066,'0.0',4,256),(1067,'0.0',4,257),(1068,'0.0',4,258),(1069,'0.0',4,259),(1070,'0.0',4,260),(1071,'0.0',4,261),(1072,'0.0',4,262),(1073,'0.0',4,263),(1074,'0.0',4,264),(1075,'0.0',4,265),(1076,'0.0',4,266),(1077,'0.0',4,267),(1078,'0.0',4,268),(1079,'0.0',4,269),(1080,'0.0',4,270),(1081,'0.0',5,1),(1082,'0.0',5,2),(1083,'0.0',5,3),(1084,'0.0',5,4),(1085,'0.0',5,5),(1086,'0.0',5,6),(1087,'0.0',5,7),(1088,'0.0',5,8),(1089,'0.0',5,9),(1090,'0.0',5,10),(1091,'0.0',5,11),(1092,'0.0',5,12),(1093,'0.0',5,13),(1094,'0.0',5,14),(1095,'0.0',5,15),(1096,'0.0',5,16),(1097,'0.276530405641356',5,17),(1098,'0.0',5,18),(1099,'0.160330694227462',5,19),(1100,'0.0',5,20),(1101,'0.0',5,21),(1102,'0.0',5,22),(1103,'0.0',5,23),(1104,'0.0',5,24),(1105,'0.0',5,25),(1106,'0.0',5,26),(1107,'0.0',5,27),(1108,'0.0',5,28),(1109,'0.0',5,29),(1110,'0.276530405641356',5,30),(1111,'0.0',5,31),(1112,'0.0',5,32),(1113,'0.0',5,33),(1114,'0.0',5,34),(1115,'0.0',5,35),(1116,'0.0',5,36),(1117,'0.0',5,37),(1118,'0.0',5,38),(1119,'0.0',5,39),(1120,'0.0',5,40),(1121,'0.0',5,41),(1122,'0.297984494954168',5,42),(1123,'0.0',5,43),(1124,'0.0',5,44),(1125,'0.0',5,45),(1126,'0.0',5,46),(1127,'0.0',5,47),(1128,'0.0',5,48),(1129,'0.0',5,49),(1130,'0.0',5,50),(1131,'0.0',5,51),(1132,'0.0',5,52),(1133,'0.0',5,53),(1134,'0.0',5,54),(1135,'0.0',5,55),(1136,'0.0',5,56),(1137,'0.0',5,57),(1138,'0.0',5,58),(1139,'0.0',5,59),(1140,'0.0',5,60),(1141,'0.0',5,61),(1142,'0.0',5,62),(1143,'0.0',5,63),(1144,'0.0',5,64),(1145,'0.0',5,65),(1146,'0.0',5,66),(1147,'0.0',5,67),(1148,'0.0',5,68),(1149,'0.0',5,69),(1150,'0.0',5,70),(1151,'0.0',5,71),(1152,'0.0',5,72),(1153,'0.0',5,73),(1154,'0.0',5,74),(1155,'0.0',5,75),(1156,'0.0',5,76),(1157,'0.0',5,77),(1158,'0.0',5,78),(1159,'0.0',5,79),(1160,'0.0',5,80),(1161,'0.0',5,81),(1162,'0.0',5,82),(1163,'0.0',5,83),(1164,'0.0',5,84),(1165,'0.0',5,85),(1166,'0.0',5,86),(1167,'0.328222335527426',5,87),(1168,'0.0',5,88),(1169,'0.0',5,89),(1170,'0.0',5,90),(1171,'0.0',5,91),(1172,'0.0',5,92),(1173,'0.0',5,93),(1174,'0.0',5,94),(1175,'0.0',5,95),(1176,'0.0',5,96),(1177,'0.0',5,97),(1178,'0.0',5,98),(1179,'0.0',5,99),(1180,'0.0',5,100),(1181,'0.0',5,101),(1182,'0.0',5,102),(1183,'0.0',5,103),(1184,'0.0',5,104),(1185,'0.0',5,105),(1186,'0.0',5,106),(1187,'0.0',5,107),(1188,'0.0',5,108),(1189,'0.0',5,109),(1190,'0.0',5,110),(1191,'0.0',5,111),(1192,'0.18310474173111',5,112),(1193,'0.0',5,113),(1194,'0.0',5,114),(1195,'0.0',5,115),(1196,'0.0',5,116),(1197,'0.0',5,117),(1198,'0.0',5,118),(1199,'0.276530405641356',5,119),(1200,'0.0',5,120),(1201,'0.0',5,121),(1202,'0.0',5,122),(1203,'0.0',5,123),(1204,'0.0',5,124),(1205,'0.0',5,125),(1206,'0.0',5,126),(1207,'0.0',5,127),(1208,'0.0',5,128),(1209,'0.0',5,129),(1210,'0.0',5,130),(1211,'0.0',5,131),(1212,'0.0',5,132),(1213,'0.0',5,133),(1214,'0.0',5,134),(1215,'0.0',5,135),(1216,'0.0',5,136),(1217,'0.0',5,137),(1218,'0.0',5,138),(1219,'0.0',5,139),(1220,'0.0',5,140),(1221,'0.0',5,141),(1222,'0.0',5,142),(1223,'0.0',5,143),(1224,'0.0',5,144),(1225,'0.0',5,145),(1226,'0.0',5,146),(1227,'0.0',5,147),(1228,'0.0',5,148),(1229,'0.0',5,149),(1230,'0.0',5,150),(1231,'0.0',5,151),(1232,'0.0',5,152),(1233,'0.0',5,153),(1234,'0.0',5,154),(1235,'0.0',5,155),(1236,'0.0',5,156),(1237,'0.0',5,157),(1238,'0.0',5,158),(1239,'0.0',5,159),(1240,'0.0',5,160),(1241,'0.0',5,161),(1242,'0.0',5,162),(1243,'0.0',5,163),(1244,'0.0',5,164),(1245,'0.0',5,165),(1246,'0.0',5,166),(1247,'0.0',5,167),(1248,'0.0',5,168),(1249,'0.0',5,169),(1250,'0.0',5,170),(1251,'0.0',5,171),(1252,'0.0',5,172),(1253,'0.0',5,173),(1254,'0.0',5,174),(1255,'0.0',5,175),(1256,'0.0',5,176),(1257,'0.0',5,177),(1258,'0.0',5,178),(1259,'0.0',5,179),(1260,'0.0',5,180),(1261,'0.0',5,181),(1262,'0.246292565068098',5,182),(1263,'0.0',5,183),(1264,'0.0',5,184),(1265,'0.0',5,185),(1266,'0.0',5,186),(1267,'0.0',5,187),(1268,'0.0',5,188),(1269,'0.0',5,189),(1270,'0.0',5,190),(1271,'0.0',5,191),(1272,'0.0',5,192),(1273,'0.0',5,193),(1274,'0.0',5,194),(1275,'0.0',5,195),(1276,'0.0',5,196),(1277,'0.0',5,197),(1278,'0.0',5,198),(1279,'0.0',5,199),(1280,'0.0',5,200),(1281,'0.0',5,201),(1282,'0.297984494954168',5,202),(1283,'0.0',5,203),(1284,'0.0',5,204),(1285,'0.0',5,205),(1286,'0.0',5,206),(1287,'0.0',5,207),(1288,'0.0',5,208),(1289,'0.0',5,209),(1290,'0.0',5,210),(1291,'0.0',5,211),(1292,'0.0',5,212),(1293,'0.0',5,213),(1294,'0.0',5,214),(1295,'0.0',5,215),(1296,'0.0',5,216),(1297,'0.0',5,217),(1298,'0.0',5,218),(1299,'0.188631394955718',5,219),(1300,'0.0',5,220),(1301,'0.0',5,221),(1302,'0.0',5,222),(1303,'0.0',5,223),(1304,'0.0',5,224),(1305,'0.0',5,225),(1306,'0.0',5,226),(1307,'0.328222335527426',5,227),(1308,'0.0',5,228),(1309,'0.0',5,229),(1310,'0.0',5,230),(1311,'0.0',5,231),(1312,'0.0',5,232),(1313,'0.0',5,233),(1314,'0.0',5,234),(1315,'0.0',5,235),(1316,'0.0',5,236),(1317,'0.0',5,237),(1318,'0.0',5,238),(1319,'0.0',5,239),(1320,'0.0',5,240),(1321,'0.0',5,241),(1322,'0.0',5,242),(1323,'0.0',5,243),(1324,'0.276530405641356',5,244),(1325,'0.0',5,245),(1326,'0.0',5,246),(1327,'0.0',5,247),(1328,'0.0',5,248),(1329,'0.0',5,249),(1330,'0.0',5,250),(1331,'0.0',5,251),(1332,'0.0',5,252),(1333,'0.0',5,253),(1334,'0.194600635182027',5,254),(1335,'0.0',5,255),(1336,'0.0',5,256),(1337,'0.0',5,257),(1338,'0.0',5,258),(1339,'0.0',5,259),(1340,'0.0',5,260),(1341,'0.0',5,261),(1342,'0.0',5,262),(1343,'0.0',5,263),(1344,'0.328222335527426',5,264),(1345,'0.0',5,265),(1346,'0.0',5,266),(1347,'0.0',5,267),(1348,'0.0',5,268),(1349,'0.0',5,269),(1350,'0.0',5,270),(1351,'0.0',6,1),(1352,'0.0',6,2),(1353,'0.0',6,3),(1354,'0.0',6,4),(1355,'0.0',6,5),(1356,'0.0',6,6),(1357,'0.0',6,7),(1358,'0.0',6,8),(1359,'0.0',6,9),(1360,'0.0',6,10),(1361,'0.0',6,11),(1362,'0.0',6,12),(1363,'0.0',6,13),(1364,'0.0',6,14),(1365,'0.0',6,15),(1366,'0.0',6,16),(1367,'0.0',6,17),(1368,'0.0',6,18),(1369,'0.18479639398817',6,19),(1370,'0.0',6,20),(1371,'0.0',6,21),(1372,'0.0',6,22),(1373,'0.0',6,23),(1374,'0.0',6,24),(1375,'0.0',6,25),(1376,'0.0',6,26),(1377,'0.0',6,27),(1378,'0.0',6,28),(1379,'0.0',6,29),(1380,'0.0',6,30),(1381,'0.0',6,31),(1382,'0.0',6,32),(1383,'0.0',6,33),(1384,'0.0',6,34),(1385,'0.0',6,35),(1386,'0.0',6,36),(1387,'0.0',6,37),(1388,'0.0',6,38),(1389,'0.0',6,39),(1390,'0.0',6,40),(1391,'0.0',6,41),(1392,'0.0',6,42),(1393,'0.0',6,43),(1394,'0.0',6,44),(1395,'0.0',6,45),(1396,'0.0',6,46),(1397,'0.0',6,47),(1398,'0.0',6,48),(1399,'0.0',6,49),(1400,'0.0',6,50),(1401,'0.0',6,51),(1402,'0.0',6,52),(1403,'0.0',6,53),(1404,'0.0',6,54),(1405,'0.0',6,55),(1406,'0.0',6,56),(1407,'0.0',6,57),(1408,'0.0',6,58),(1409,'0.0',6,59),(1410,'0.0',6,60),(1411,'0.0',6,61),(1412,'0.0',6,62),(1413,'0.0',6,63),(1414,'0.0',6,64),(1415,'0.0',6,65),(1416,'0.0',6,66),(1417,'0.0',6,67),(1418,'0.0',6,68),(1419,'0.0',6,69),(1420,'0.318727627525333',6,70),(1421,'0.0',6,71),(1422,'0.0',6,72),(1423,'0.0',6,73),(1424,'0.0',6,74),(1425,'0.0',6,75),(1426,'0.0',6,76),(1427,'0.0',6,77),(1428,'0.0',6,78),(1429,'0.0',6,79),(1430,'0.0',6,80),(1431,'0.0',6,81),(1432,'0.217415646758949',6,82),(1433,'0.0',6,83),(1434,'0.0',6,84),(1435,'0.0',6,85),(1436,'0.0',6,86),(1437,'0.0',6,87),(1438,'0.0',6,88),(1439,'0.0',6,89),(1440,'0.0',6,90),(1441,'0.0',6,91),(1442,'0.0',6,92),(1443,'0.0',6,93),(1444,'0.0',6,94),(1445,'0.0',6,95),(1446,'0.0',6,96),(1447,'0.0',6,97),(1448,'0.23996732082644',6,98),(1449,'0.0',6,99),(1450,'0.0',6,100),(1451,'0.0',6,101),(1452,'0.0',6,102),(1453,'0.0',6,103),(1454,'0.0',6,104),(1455,'0.0',6,105),(1456,'0.0',6,106),(1457,'0.0',6,107),(1458,'0.0',6,108),(1459,'0.0',6,109),(1460,'0.0',6,110),(1461,'0.0',6,111),(1462,'0.0',6,112),(1463,'0.0',6,113),(1464,'0.0',6,114),(1465,'0.0',6,115),(1466,'0.0',6,116),(1467,'0.0',6,117),(1468,'0.0',6,118),(1469,'0.0',6,119),(1470,'0.0',6,120),(1471,'0.0',6,121),(1472,'0.0',6,122),(1473,'0.0',6,123),(1474,'0.0',6,124),(1475,'0.0',6,125),(1476,'0.0',6,126),(1477,'0.0',6,127),(1478,'0.0',6,128),(1479,'0.0',6,129),(1480,'0.0',6,130),(1481,'0.0',6,131),(1482,'0.0',6,132),(1483,'0.0',6,133),(1484,'0.0',6,134),(1485,'0.0',6,135),(1486,'0.0',6,136),(1487,'0.0',6,137),(1488,'0.0',6,138),(1489,'0.0',6,139),(1490,'0.0',6,140),(1491,'0.0',6,141),(1492,'0.0',6,142),(1493,'0.0',6,143),(1494,'0.0',6,144),(1495,'0.0',6,145),(1496,'0.0',6,146),(1497,'0.0',6,147),(1498,'0.0',6,148),(1499,'0.0',6,149),(1500,'0.0',6,150),(1501,'0.0',6,151),(1502,'0.0',6,152),(1503,'0.0',6,153),(1504,'0.0',6,154),(1505,'0.0',6,155),(1506,'0.0',6,156),(1507,'0.0',6,157),(1508,'0.0',6,158),(1509,'0.0',6,159),(1510,'0.0',6,160),(1511,'0.0',6,161),(1512,'0.0',6,162),(1513,'0.0',6,163),(1514,'0.0',6,164),(1515,'0.0',6,165),(1516,'0.0',6,166),(1517,'0.0',6,167),(1518,'0.378307499534638',6,168),(1519,'0.0',6,169),(1520,'0.0',6,170),(1521,'0.378307499534638',6,171),(1522,'0.0',6,172),(1523,'0.0',6,173),(1524,'0.0',6,174),(1525,'0.0',6,175),(1526,'0.0',6,176),(1527,'0.0',6,177),(1528,'0.0',6,178),(1529,'0.0',6,179),(1530,'0.0',6,180),(1531,'0.0',6,181),(1532,'0.0',6,182),(1533,'0.0',6,183),(1534,'0.0',6,184),(1535,'0.0',6,185),(1536,'0.0',6,186),(1537,'0.0',6,187),(1538,'0.0',6,188),(1539,'0.0',6,189),(1540,'0.0',6,190),(1541,'0.0',6,191),(1542,'0.0',6,192),(1543,'0.0',6,193),(1544,'0.0',6,194),(1545,'0.0',6,195),(1546,'0.0',6,196),(1547,'0.0',6,197),(1548,'0.0',6,198),(1549,'0.0',6,199),(1550,'0.0',6,200),(1551,'0.0',6,201),(1552,'0.0',6,202),(1553,'0.0',6,203),(1554,'0.0',6,204),(1555,'0.0',6,205),(1556,'0.0',6,206),(1557,'0.0',6,207),(1558,'0.0',6,208),(1559,'0.0',6,209),(1560,'0.0',6,210),(1561,'0.0',6,211),(1562,'0.0',6,212),(1563,'0.0',6,213),(1564,'0.0',6,214),(1565,'0.0',6,215),(1566,'0.0',6,216),(1567,'0.0',6,217),(1568,'0.0',6,218),(1569,'0.217415646758949',6,219),(1570,'0.0',6,220),(1571,'0.0',6,221),(1572,'0.0',6,222),(1573,'0.283875636602124',6,223),(1574,'0.0',6,224),(1575,'0.0',6,225),(1576,'0.0',6,226),(1577,'0.0',6,227),(1578,'0.0',6,228),(1579,'0.0',6,229),(1580,'0.0',6,230),(1581,'0.0',6,231),(1582,'0.0',6,232),(1583,'0.0',6,233),(1584,'0.0',6,234),(1585,'0.0',6,235),(1586,'0.0',6,236),(1587,'0.0',6,237),(1588,'0.0',6,238),(1589,'0.0',6,239),(1590,'0.0',6,240),(1591,'0.0',6,241),(1592,'0.0',6,242),(1593,'0.0',6,243),(1594,'0.0',6,244),(1595,'0.0',6,245),(1596,'0.0',6,246),(1597,'0.0',6,247),(1598,'0.0',6,248),(1599,'0.0',6,249),(1600,'0.0',6,250),(1601,'0.0',6,251),(1602,'0.22429576459282',6,252),(1603,'0.0',6,253),(1604,'0.22429576459282',6,254),(1605,'0.0',6,255),(1606,'0.0',6,256),(1607,'0.0',6,257),(1608,'0.0',6,258),(1609,'0.0',6,259),(1610,'0.0',6,260),(1611,'0.378307499534638',6,261),(1612,'0.0',6,262),(1613,'0.0',6,263),(1614,'0.0',6,264),(1615,'0.0',6,265),(1616,'0.0',6,266),(1617,'0.318727627525333',6,267),(1618,'0.0',6,268),(1619,'0.0',6,269),(1620,'0.0',6,270),(1621,'0.0',7,1),(1622,'0.0',7,2),(1623,'0.0',7,3),(1624,'0.0',7,4),(1625,'0.0',7,5),(1626,'0.0',7,6),(1627,'0.0',7,7),(1628,'0.0',7,8),(1629,'0.0',7,9),(1630,'0.0',7,10),(1631,'0.0',7,11),(1632,'0.0',7,12),(1633,'0.0',7,13),(1634,'0.0',7,14),(1635,'0.28005139265333',7,15),(1636,'0.0',7,16),(1637,'0.0',7,17),(1638,'0.0',7,18),(1639,'0.0',7,19),(1640,'0.0',7,20),(1641,'0.0',7,21),(1642,'0.0',7,22),(1643,'0.308469479858413',7,23),(1644,'0.0',7,24),(1645,'0.0',7,25),(1646,'0.0',7,26),(1647,'0.0',7,27),(1648,'0.0',7,28),(1649,'0.0',7,29),(1650,'0.0',7,30),(1651,'0.0',7,31),(1652,'0.0',7,32),(1653,'0.308469479858413',7,33),(1654,'0.0',7,34),(1655,'0.0',7,35),(1656,'0.0',7,36),(1657,'0.0',7,37),(1658,'0.0',7,38),(1659,'0.0',7,39),(1660,'0.0',7,40),(1661,'0.0',7,41),(1662,'0.0',7,42),(1663,'0.0',7,43),(1664,'0.0',7,44),(1665,'0.0',7,45),(1666,'0.0',7,46),(1667,'0.0',7,47),(1668,'0.0',7,48),(1669,'0.0',7,49),(1670,'0.0',7,50),(1671,'0.0',7,51),(1672,'0.0',7,52),(1673,'0.0',7,53),(1674,'0.0',7,54),(1675,'0.0',7,55),(1676,'0.0',7,56),(1677,'0.0',7,57),(1678,'0.0',7,58),(1679,'0.0',7,59),(1680,'0.0',7,60),(1681,'0.0',7,61),(1682,'0.0',7,62),(1683,'0.0',7,63),(1684,'0.162726356991311',7,64),(1685,'0.0',7,65),(1686,'0.0',7,66),(1687,'0.0',7,67),(1688,'0.0',7,68),(1689,'0.0',7,69),(1690,'0.0',7,70),(1691,'0.0',7,71),(1692,'0.0',7,72),(1693,'0.0',7,73),(1694,'0.0',7,74),(1695,'0.0',7,75),(1696,'0.0',7,76),(1697,'0.0',7,77),(1698,'0.0',7,78),(1699,'0.0',7,79),(1700,'0.0',7,80),(1701,'0.0',7,81),(1702,'0.177279307313',7,82),(1703,'0.0',7,83),(1704,'0.0',7,84),(1705,'0.231470351697629',7,85),(1706,'0.0',7,86),(1707,'0.0',7,87),(1708,'0.0',7,88),(1709,'0.0',7,89),(1710,'0.0',7,90),(1711,'0.0',7,91),(1712,'0.0',7,92),(1713,'0.0',7,93),(1714,'0.0',7,94),(1715,'0.0',7,95),(1716,'0.0',7,96),(1717,'0.0',7,97),(1718,'0.0',7,98),(1719,'0.0',7,99),(1720,'0.0',7,100),(1721,'0.308469479858413',7,101),(1722,'0.0',7,102),(1723,'0.0',7,103),(1724,'0.0',7,104),(1725,'0.0',7,105),(1726,'0.0',7,106),(1727,'0.0',7,107),(1728,'0.0',7,108),(1729,'0.0',7,109),(1730,'0.0',7,110),(1731,'0.0',7,111),(1732,'0.0',7,112),(1733,'0.0',7,113),(1734,'0.0',7,114),(1735,'0.0',7,115),(1736,'0.0',7,116),(1737,'0.0',7,117),(1738,'0.0',7,118),(1739,'0.0',7,119),(1740,'0.0',7,120),(1741,'0.0',7,121),(1742,'0.0',7,122),(1743,'0.0',7,123),(1744,'0.0',7,124),(1745,'0.0',7,125),(1746,'0.231470351697629',7,126),(1747,'0.0',7,127),(1748,'0.0',7,128),(1749,'0.0',7,129),(1750,'0.0',7,130),(1751,'0.0',7,131),(1752,'0.0',7,132),(1753,'0.0',7,133),(1754,'0.0',7,134),(1755,'0.231470351697629',7,135),(1756,'0.0',7,136),(1757,'0.0',7,137),(1758,'0.0',7,138),(1759,'0.0',7,139),(1760,'0.0',7,140),(1761,'0.0',7,141),(1762,'0.0',7,142),(1763,'0.0',7,143),(1764,'0.0',7,144),(1765,'0.0',7,145),(1766,'0.0',7,146),(1767,'0.0',7,147),(1768,'0.0',7,148),(1769,'0.0',7,149),(1770,'0.0',7,150),(1771,'0.0',7,151),(1772,'0.0',7,152),(1773,'0.0',7,153),(1774,'0.0',7,154),(1775,'0.0',7,155),(1776,'0.0',7,156),(1777,'0.0',7,157),(1778,'0.0',7,158),(1779,'0.0',7,159),(1780,'0.0',7,160),(1781,'0.0',7,161),(1782,'0.0',7,162),(1783,'0.0',7,163),(1784,'0.0',7,164),(1785,'0.308469479858413',7,165),(1786,'0.0',7,166),(1787,'0.0',7,167),(1788,'0.0',7,168),(1789,'0.0',7,169),(1790,'0.0',7,170),(1791,'0.0',7,171),(1792,'0.0',7,172),(1793,'0.0',7,173),(1794,'0.0',7,174),(1795,'0.0',7,175),(1796,'0.0',7,176),(1797,'0.0',7,177),(1798,'0.0',7,178),(1799,'0.0',7,179),(1800,'0.0',7,180),(1801,'0.0',7,181),(1802,'0.0',7,182),(1803,'0.0',7,183),(1804,'0.0',7,184),(1805,'0.0',7,185),(1806,'0.0',7,186),(1807,'0.0',7,187),(1808,'0.0',7,188),(1809,'0.0',7,189),(1810,'0.0',7,190),(1811,'0.0',7,191),(1812,'0.231470351697629',7,192),(1813,'0.0',7,193),(1814,'0.0',7,194),(1815,'0.0',7,195),(1816,'0.0',7,196),(1817,'0.0',7,197),(1818,'0.0',7,198),(1819,'0.0',7,199),(1820,'0.0',7,200),(1821,'0.0',7,201),(1822,'0.0',7,202),(1823,'0.0',7,203),(1824,'0.0',7,204),(1825,'0.0',7,205),(1826,'0.0',7,206),(1827,'0.0',7,207),(1828,'0.0',7,208),(1829,'0.0',7,209),(1830,'0.0',7,210),(1831,'0.0',7,211),(1832,'0.0',7,212),(1833,'0.0',7,213),(1834,'0.0',7,214),(1835,'0.0',7,215),(1836,'0.0',7,216),(1837,'0.0',7,217),(1838,'0.0',7,218),(1839,'0.0',7,219),(1840,'0.0',7,220),(1841,'0.0',7,221),(1842,'0.0',7,222),(1843,'0.0',7,223),(1844,'0.0',7,224),(1845,'0.0',7,225),(1846,'0.0',7,226),(1847,'0.0',7,227),(1848,'0.0',7,228),(1849,'0.0',7,229),(1850,'0.0',7,230),(1851,'0.0',7,231),(1852,'0.0',7,232),(1853,'0.0',7,233),(1854,'0.308469479858413',7,234),(1855,'0.0',7,235),(1856,'0.0',7,236),(1857,'0.0',7,237),(1858,'0.0',7,238),(1859,'0.0',7,239),(1860,'0.0',7,240),(1861,'0.0',7,241),(1862,'0.0',7,242),(1863,'0.0',7,243),(1864,'0.0',7,244),(1865,'0.0',7,245),(1866,'0.0',7,246),(1867,'0.0',7,247),(1868,'0.0',7,248),(1869,'0.0',7,249),(1870,'0.0',7,250),(1871,'0.0',7,251),(1872,'0.0',7,252),(1873,'0.0',7,253),(1874,'0.0',7,254),(1875,'0.0',7,255),(1876,'0.0',7,256),(1877,'0.0',7,257),(1878,'0.0',7,258),(1879,'0.0',7,259),(1880,'0.308469479858413',7,260),(1881,'0.0',7,261),(1882,'0.0',7,262),(1883,'0.0',7,263),(1884,'0.0',7,264),(1885,'0.28005139265333',7,265),(1886,'0.0',7,266),(1887,'0.0',7,267),(1888,'0.0',7,268),(1889,'0.0',7,269),(1890,'0.0',7,270),(1891,'0.0',8,1),(1892,'0.0',8,2),(1893,'0.347797780638329',8,3),(1894,'0.0',8,4),(1895,'0.0',8,5),(1896,'0.0',8,6),(1897,'0.0',8,7),(1898,'0.347797780638329',8,8),(1899,'0.0',8,9),(1900,'0.0',8,10),(1901,'0.0',8,11),(1902,'0.0',8,12),(1903,'0.0',8,13),(1904,'0.0',8,14),(1905,'0.0',8,15),(1906,'0.0',8,16),(1907,'0.0',8,17),(1908,'0.0',8,18),(1909,'0.169892946288703',8,19),(1910,'0.0',8,20),(1911,'0.0',8,21),(1912,'0.0',8,22),(1913,'0.0',8,23),(1914,'0.0',8,24),(1915,'0.0',8,25),(1916,'0.0',8,26),(1917,'0.0',8,27),(1918,'0.0',8,28),(1919,'0.0',8,29),(1920,'0.0',8,30),(1921,'0.0',8,31),(1922,'0.260981652515381',8,32),(1923,'0.0',8,33),(1924,'0.0',8,34),(1925,'0.0',8,35),(1926,'0.0',8,36),(1927,'0.0',8,37),(1928,'0.0',8,38),(1929,'0.0',8,39),(1930,'0.0',8,40),(1931,'0.0',8,41),(1932,'0.0',8,42),(1933,'0.0',8,43),(1934,'0.0',8,44),(1935,'0.0',8,45),(1936,'0.0',8,46),(1937,'0.0',8,47),(1938,'0.0',8,48),(1939,'0.0',8,49),(1940,'0.0',8,50),(1941,'0.0',8,51),(1942,'0.0',8,52),(1943,'0.0',8,53),(1944,'0.0',8,54),(1945,'0.0',8,55),(1946,'0.0',8,56),(1947,'0.0',8,57),(1948,'0.0',8,58),(1949,'0.0',8,59),(1950,'0.0',8,60),(1951,'0.0',8,61),(1952,'0.0',8,62),(1953,'0.0',8,63),(1954,'0.0',8,64),(1955,'0.0',8,65),(1956,'0.0',8,66),(1957,'0.0',8,67),(1958,'0.0',8,68),(1959,'0.0',8,69),(1960,'0.0',8,70),(1961,'0.0',8,71),(1962,'0.0',8,72),(1963,'0.0',8,73),(1964,'0.0',8,74),(1965,'0.0',8,75),(1966,'0.0',8,76),(1967,'0.347797780638329',8,77),(1968,'0.0',8,78),(1969,'0.0',8,79),(1970,'0.0',8,80),(1971,'0.0',8,81),(1972,'0.0',8,82),(1973,'0.0',8,83),(1974,'0.0',8,84),(1975,'0.0',8,85),(1976,'0.0',8,86),(1977,'0.0',8,87),(1978,'0.0',8,88),(1979,'0.0',8,89),(1980,'0.0',8,90),(1981,'0.0',8,91),(1982,'0.0',8,92),(1983,'0.0',8,93),(1984,'0.0',8,94),(1985,'0.0',8,95),(1986,'0.0',8,96),(1987,'0.0',8,97),(1988,'0.220614451766955',8,98),(1989,'0.0',8,99),(1990,'0.0',8,100),(1991,'0.0',8,101),(1992,'0.0',8,102),(1993,'0.0',8,103),(1994,'0.0',8,104),(1995,'0.0',8,105),(1996,'0.0',8,106),(1997,'0.0',8,107),(1998,'0.0',8,108),(1999,'0.0',8,109),(2000,'0.0',8,110),(2001,'0.0',8,111),(2002,'0.0',8,112),(2003,'0.0',8,113),(2004,'0.0',8,114),(2005,'0.0',8,115),(2006,'0.0',8,116),(2007,'0.0',8,117),(2008,'0.0',8,118),(2009,'0.0',8,119),(2010,'0.0',8,120),(2011,'0.0',8,121),(2012,'0.0',8,122),(2013,'0.0',8,123),(2014,'0.0',8,124),(2015,'0.0',8,125),(2016,'0.0',8,126),(2017,'0.0',8,127),(2018,'0.0',8,128),(2019,'0.0',8,129),(2020,'0.0',8,130),(2021,'0.0',8,131),(2022,'0.2488001346968',8,132),(2023,'0.0',8,133),(2024,'0.0',8,134),(2025,'0.0',8,135),(2026,'0.347797780638329',8,136),(2027,'0.0',8,137),(2028,'0.0',8,138),(2029,'0.0',8,139),(2030,'0.0',8,140),(2031,'0.0',8,141),(2032,'0.0',8,142),(2033,'0.293022902315689',8,143),(2034,'0.0',8,144),(2035,'0.0',8,145),(2036,'0.18347314567041',8,146),(2037,'0.0',8,147),(2038,'0.0',8,148),(2039,'0.0',8,149),(2040,'0.0',8,150),(2041,'0.0',8,151),(2042,'0.0',8,152),(2043,'0.0',8,153),(2044,'0.0',8,154),(2045,'0.0',8,155),(2046,'0.0',8,156),(2047,'0.0',8,157),(2048,'0.0',8,158),(2049,'0.347797780638329',8,159),(2050,'0.0',8,160),(2051,'0.0',8,161),(2052,'0.0',8,162),(2053,'0.0',8,163),(2054,'0.0',8,164),(2055,'0.0',8,165),(2056,'0.0',8,166),(2057,'0.0',8,167),(2058,'0.0',8,168),(2059,'0.0',8,169),(2060,'0.0',8,170),(2061,'0.0',8,171),(2062,'0.0',8,172),(2063,'0.0',8,173),(2064,'0.0',8,174),(2065,'0.0',8,175),(2066,'0.0',8,176),(2067,'0.0',8,177),(2068,'0.0',8,178),(2069,'0.0',8,179),(2070,'0.0',8,180),(2071,'0.0',8,181),(2072,'0.0',8,182),(2073,'0.0',8,183),(2074,'0.0',8,184),(2075,'0.0',8,185),(2076,'0.0',8,186),(2077,'0.0',8,187),(2078,'0.0',8,188),(2079,'0.0',8,189),(2080,'0.0',8,190),(2081,'0.0',8,191),(2082,'0.260981652515381',8,192),(2083,'0.0',8,193),(2084,'0.0',8,194),(2085,'0.0',8,195),(2086,'0.0',8,196),(2087,'0.0',8,197),(2088,'0.0',8,198),(2089,'0.0',8,199),(2090,'0.0',8,200),(2091,'0.0',8,201),(2092,'0.0',8,202),(2093,'0.0',8,203),(2094,'0.0',8,204),(2095,'0.0',8,205),(2096,'0.0',8,206),(2097,'0.0',8,207),(2098,'0.0',8,208),(2099,'0.0',8,209),(2100,'0.0',8,210),(2101,'0.0',8,211),(2102,'0.0',8,212),(2103,'0.0',8,213),(2104,'0.0',8,214),(2105,'0.0',8,215),(2106,'0.0',8,216),(2107,'0.0',8,217),(2108,'0.0',8,218),(2109,'0.0',8,219),(2110,'0.0',8,220),(2111,'0.0',8,221),(2112,'0.0',8,222),(2113,'0.0',8,223),(2114,'0.0',8,224),(2115,'0.0',8,225),(2116,'0.0',8,226),(2117,'0.0',8,227),(2118,'0.0',8,228),(2119,'0.0',8,229),(2120,'0.0',8,230),(2121,'0.0',8,231),(2122,'0.0',8,232),(2123,'0.0',8,233),(2124,'0.0',8,234),(2125,'0.0',8,235),(2126,'0.0',8,236),(2127,'0.0',8,237),(2128,'0.0',8,238),(2129,'0.0',8,239),(2130,'0.0',8,240),(2131,'0.0',8,241),(2132,'0.0',8,242),(2133,'0.0',8,243),(2134,'0.0',8,244),(2135,'0.0',8,245),(2136,'0.0',8,246),(2137,'0.0',8,247),(2138,'0.0',8,248),(2139,'0.0',8,249),(2140,'0.0',8,250),(2141,'0.0',8,251),(2142,'0.0',8,252),(2143,'0.0',8,253),(2144,'0.0',8,254),(2145,'0.0',8,255),(2146,'0.0',8,256),(2147,'0.0',8,257),(2148,'0.0',8,258),(2149,'0.0',8,259),(2150,'0.0',8,260),(2151,'0.0',8,261),(2152,'0.0',8,262),(2153,'0.0',8,263),(2154,'0.0',8,264),(2155,'0.0',8,265),(2156,'0.0',8,266),(2157,'0.0',8,267),(2158,'0.0',8,268),(2159,'0.0',8,269),(2160,'0.0',8,270),(2161,'0.0',9,1),(2162,'0.0',9,2),(2163,'0.0',9,3),(2164,'0.0',9,4),(2165,'0.0',9,5),(2166,'0.0',9,6),(2167,'0.423510153771353',9,7),(2168,'0.0',9,8),(2169,'0.0',9,9),(2170,'0.0',9,10),(2171,'0.0',9,11),(2172,'0.0',9,12),(2173,'0.0',9,13),(2174,'0.0',9,14),(2175,'0.0',9,15),(2176,'0.0',9,16),(2177,'0.393018551631816',9,17),(2178,'0.0',9,18),(2179,'0.0',9,19),(2180,'0.0',9,20),(2181,'0.0',9,21),(2182,'0.0',9,22),(2183,'0.0',9,23),(2184,'0.0',9,24),(2185,'0.0',9,25),(2186,'0.0',9,26),(2187,'0.0',9,27),(2188,'0.0',9,28),(2189,'0.0',9,29),(2190,'0.0',9,30),(2191,'0.0',9,31),(2192,'0.0',9,32),(2193,'0.0',9,33),(2194,'0.0',9,34),(2195,'0.0',9,35),(2196,'0.0',9,36),(2197,'0.0',9,37),(2198,'0.0',9,38),(2199,'0.0',9,39),(2200,'0.0',9,40),(2201,'0.0',9,41),(2202,'0.0',9,42),(2203,'0.0',9,43),(2204,'0.0',9,44),(2205,'0.0',9,45),(2206,'0.0',9,46),(2207,'0.0',9,47),(2208,'0.0',9,48),(2209,'0.0',9,49),(2210,'0.0',9,50),(2211,'0.0',9,51),(2212,'0.0',9,52),(2213,'0.0',9,53),(2214,'0.0',9,54),(2215,'0.0',9,55),(2216,'0.0',9,56),(2217,'0.0',9,57),(2218,'0.0',9,58),(2219,'0.0',9,59),(2220,'0.0',9,60),(2221,'0.0',9,61),(2222,'0.0',9,62),(2223,'0.0',9,63),(2224,'0.0',9,64),(2225,'0.0',9,65),(2226,'0.0',9,66),(2227,'0.0',9,67),(2228,'0.0',9,68),(2229,'0.0',9,69),(2230,'0.0',9,70),(2231,'0.0',9,71),(2232,'0.0',9,72),(2233,'0.0',9,73),(2234,'0.0',9,74),(2235,'0.0',9,75),(2236,'0.0',9,76),(2237,'0.0',9,77),(2238,'0.0',9,78),(2239,'0.0',9,79),(2240,'0.0',9,80),(2241,'0.0',9,81),(2242,'0.0',9,82),(2243,'0.0',9,83),(2244,'0.0',9,84),(2245,'0.0',9,85),(2246,'0.0',9,86),(2247,'0.0',9,87),(2248,'0.0',9,88),(2249,'0.0',9,89),(2250,'0.0',9,90),(2251,'0.0',9,91),(2252,'0.0',9,92),(2253,'0.0',9,93),(2254,'0.0',9,94),(2255,'0.0',9,95),(2256,'0.0',9,96),(2257,'0.0',9,97),(2258,'0.0',9,98),(2259,'0.0',9,99),(2260,'0.0',9,100),(2261,'0.0',9,101),(2262,'0.0',9,102),(2263,'0.0',9,103),(2264,'0.0',9,104),(2265,'0.0',9,105),(2266,'0.0',9,106),(2267,'0.0',9,107),(2268,'0.0',9,108),(2269,'0.0',9,109),(2270,'0.0',9,110),(2271,'0.0',9,111),(2272,'0.0',9,112),(2273,'0.0',9,113),(2274,'0.0',9,114),(2275,'0.0',9,115),(2276,'0.0',9,116),(2277,'0.0',9,117),(2278,'0.0',9,118),(2279,'0.0',9,119),(2280,'0.0',9,120),(2281,'0.0',9,121),(2282,'0.0',9,122),(2283,'0.0',9,123),(2284,'0.0',9,124),(2285,'0.0',9,125),(2286,'0.0',9,126),(2287,'0.0',9,127),(2288,'0.0',9,128),(2289,'0.0',9,129),(2290,'0.0',9,130),(2291,'0.0',9,131),(2292,'0.0',9,132),(2293,'0.0',9,133),(2294,'0.0',9,134),(2295,'0.0',9,135),(2296,'0.0',9,136),(2297,'0.0',9,137),(2298,'0.0',9,138),(2299,'0.0',9,139),(2300,'0.0',9,140),(2301,'0.0',9,141),(2302,'0.0',9,142),(2303,'0.0',9,143),(2304,'0.393018551631816',9,144),(2305,'0.0',9,145),(2306,'0.0',9,146),(2307,'0.0',9,147),(2308,'0.0',9,148),(2309,'0.0',9,149),(2310,'0.0',9,150),(2311,'0.0',9,151),(2312,'0.0',9,152),(2313,'0.0',9,153),(2314,'0.0',9,154),(2315,'0.0',9,155),(2316,'0.0',9,156),(2317,'0.0',9,157),(2318,'0.0',9,158),(2319,'0.0',9,159),(2320,'0.0',9,160),(2321,'0.0',9,161),(2322,'0.0',9,162),(2323,'0.0',9,163),(2324,'0.0',9,164),(2325,'0.0',9,165),(2326,'0.0',9,166),(2327,'0.0',9,167),(2328,'0.0',9,168),(2329,'0.0',9,169),(2330,'0.0',9,170),(2331,'0.0',9,171),(2332,'0.0',9,172),(2333,'0.0',9,173),(2334,'0.0',9,174),(2335,'0.0',9,175),(2336,'0.0',9,176),(2337,'0.0',9,177),(2338,'0.0',9,178),(2339,'0.0',9,179),(2340,'0.0',9,180),(2341,'0.0',9,181),(2342,'0.0',9,182),(2343,'0.0',9,183),(2344,'0.0',9,184),(2345,'0.0',9,185),(2346,'0.0',9,186),(2347,'0.0',9,187),(2348,'0.0',9,188),(2349,'0.0',9,189),(2350,'0.0',9,190),(2351,'0.0',9,191),(2352,'0.0',9,192),(2353,'0.0',9,193),(2354,'0.0',9,194),(2355,'0.0',9,195),(2356,'0.0',9,196),(2357,'0.0',9,197),(2358,'0.466485653261231',9,198),(2359,'0.0',9,199),(2360,'0.0',9,200),(2361,'0.0',9,201),(2362,'0.0',9,202),(2363,'0.0',9,203),(2364,'0.0',9,204),(2365,'0.0',9,205),(2366,'0.0',9,206),(2367,'0.0',9,207),(2368,'0.0',9,208),(2369,'0.0',9,209),(2370,'0.0',9,210),(2371,'0.0',9,211),(2372,'0.0',9,212),(2373,'0.0',9,213),(2374,'0.0',9,214),(2375,'0.0',9,215),(2376,'0.0',9,216),(2377,'0.0',9,217),(2378,'0.0',9,218),(2379,'0.0',9,219),(2380,'0.0',9,220),(2381,'0.0',9,221),(2382,'0.0',9,222),(2383,'0.0',9,223),(2384,'0.0',9,224),(2385,'0.0',9,225),(2386,'0.0',9,226),(2387,'0.0',9,227),(2388,'0.0',9,228),(2389,'0.0',9,229),(2390,'0.0',9,230),(2391,'0.0',9,231),(2392,'0.0',9,232),(2393,'0.0',9,233),(2394,'0.0',9,234),(2395,'0.0',9,235),(2396,'0.0',9,236),(2397,'0.0',9,237),(2398,'0.0',9,238),(2399,'0.466485653261231',9,239),(2400,'0.0',9,240),(2401,'0.0',9,241),(2402,'0.0',9,242),(2403,'0.0',9,243),(2404,'0.0',9,244),(2405,'0.0',9,245),(2406,'0.0',9,246),(2407,'0.0',9,247),(2408,'0.0',9,248),(2409,'0.0',9,249),(2410,'0.0',9,250),(2411,'0.0',9,251),(2412,'0.0',9,252),(2413,'0.0',9,253),(2414,'0.276575950512524',9,254),(2415,'0.0',9,255),(2416,'0.0',9,256),(2417,'0.0',9,257),(2418,'0.0',9,258),(2419,'0.0',9,259),(2420,'0.0',9,260),(2421,'0.0',9,261),(2422,'0.0',9,262),(2423,'0.0',9,263),(2424,'0.0',9,264),(2425,'0.0',9,265),(2426,'0.0',9,266),(2427,'0.0',9,267),(2428,'0.0',9,268),(2429,'0.0',9,269),(2430,'0.0',9,270),(2431,'0.0',10,1),(2432,'0.0',10,2),(2433,'0.0',10,3),(2434,'0.0',10,4),(2435,'0.0',10,5),(2436,'0.0',10,6),(2437,'0.0',10,7),(2438,'0.0',10,8),(2439,'0.0',10,9),(2440,'0.0',10,10),(2441,'0.0',10,11),(2442,'0.0',10,12),(2443,'0.0',10,13),(2444,'0.0',10,14),(2445,'0.0',10,15),(2446,'0.0',10,16),(2447,'0.0',10,17),(2448,'0.0',10,18),(2449,'0.0',10,19),(2450,'0.0',10,20),(2451,'0.0',10,21),(2452,'0.0',10,22),(2453,'0.0',10,23),(2454,'0.0',10,24),(2455,'0.0',10,25),(2456,'0.0',10,26),(2457,'0.0',10,27),(2458,'0.0',10,28),(2459,'0.0',10,29),(2460,'0.0',10,30),(2461,'0.0',10,31),(2462,'0.0',10,32),(2463,'0.0',10,33),(2464,'0.0',10,34),(2465,'0.0',10,35),(2466,'0.0',10,36),(2467,'0.0',10,37),(2468,'0.0',10,38),(2469,'0.0',10,39),(2470,'0.0',10,40),(2471,'0.0',10,41),(2472,'0.0',10,42),(2473,'0.0',10,43),(2474,'0.0',10,44),(2475,'0.0',10,45),(2476,'0.0',10,46),(2477,'0.0',10,47),(2478,'0.0',10,48),(2479,'0.0',10,49),(2480,'0.0',10,50),(2481,'0.0',10,51),(2482,'0.0',10,52),(2483,'0.0',10,53),(2484,'0.0',10,54),(2485,'0.0',10,55),(2486,'0.0',10,56),(2487,'0.0',10,57),(2488,'0.0',10,58),(2489,'0.0',10,59),(2490,'0.0',10,60),(2491,'0.0',10,61),(2492,'0.0',10,62),(2493,'0.0',10,63),(2494,'0.231839191097111',10,64),(2495,'0.0',10,65),(2496,'0.0',10,66),(2497,'0.0',10,67),(2498,'0.0',10,68),(2499,'0.0',10,69),(2500,'0.0',10,70),(2501,'0.0',10,71),(2502,'0.0',10,72),(2503,'0.0',10,73),(2504,'0.0',10,74),(2505,'0.0',10,75),(2506,'0.0',10,76),(2507,'0.0',10,77),(2508,'0.0',10,78),(2509,'0.0',10,79),(2510,'0.0',10,80),(2511,'0.0',10,81),(2512,'0.0',10,82),(2513,'0.0',10,83),(2514,'0.0',10,84),(2515,'0.0',10,85),(2516,'0.32978000671033',10,86),(2517,'0.0',10,87),(2518,'0.0',10,88),(2519,'0.0',10,89),(2520,'0.0',10,90),(2521,'0.0',10,91),(2522,'0.0',10,92),(2523,'0.0',10,93),(2524,'0.0',10,94),(2525,'0.0',10,95),(2526,'0.0',10,96),(2527,'0.0',10,97),(2528,'0.278771456471694',10,98),(2529,'0.0',10,99),(2530,'0.0',10,100),(2531,'0.0',10,101),(2532,'0.0',10,102),(2533,'0.0',10,103),(2534,'0.0',10,104),(2535,'0.0',10,105),(2536,'0.0',10,106),(2537,'0.0',10,107),(2538,'0.0',10,108),(2539,'0.0',10,109),(2540,'0.0',10,110),(2541,'0.0',10,111),(2542,'0.0',10,112),(2543,'0.0',10,113),(2544,'0.0',10,114),(2545,'0.0',10,115),(2546,'0.0',10,116),(2547,'0.0',10,117),(2548,'0.0',10,118),(2549,'0.0',10,119),(2550,'0.314387273201154',10,120),(2551,'0.0',10,121),(2552,'0.0',10,122),(2553,'0.0',10,123),(2554,'0.0',10,124),(2555,'0.0',10,125),(2556,'0.0',10,126),(2557,'0.0',10,127),(2558,'0.0',10,128),(2559,'0.0',10,129),(2560,'0.0',10,130),(2561,'0.0',10,131),(2562,'0.0',10,132),(2563,'0.0',10,133),(2564,'0.0',10,134),(2565,'0.0',10,135),(2566,'0.0',10,136),(2567,'0.0',10,137),(2568,'0.0',10,138),(2569,'0.0',10,139),(2570,'0.0',10,140),(2571,'0.0',10,141),(2572,'0.0',10,142),(2573,'0.0',10,143),(2574,'0.37026777078229',10,144),(2575,'0.0',10,145),(2576,'0.231839191097111',10,146),(2577,'0.0',10,147),(2578,'0.0',10,148),(2579,'0.0',10,149),(2580,'0.0',10,150),(2581,'0.0',10,151),(2582,'0.0',10,152),(2583,'0.0',10,153),(2584,'0.0',10,154),(2585,'0.0',10,155),(2586,'0.0',10,156),(2587,'0.0',10,157),(2588,'0.0',10,158),(2589,'0.0',10,159),(2590,'0.0',10,160),(2591,'0.0',10,161),(2592,'0.0',10,162),(2593,'0.0',10,163),(2594,'0.0',10,164),(2595,'0.0',10,165),(2596,'0.0',10,166),(2597,'0.0',10,167),(2598,'0.0',10,168),(2599,'0.0',10,169),(2600,'0.0',10,170),(2601,'0.0',10,171),(2602,'0.0',10,172),(2603,'0.0',10,173),(2604,'0.0',10,174),(2605,'0.0',10,175),(2606,'0.0',10,176),(2607,'0.0',10,177),(2608,'0.0',10,178),(2609,'0.0',10,179),(2610,'0.0',10,180),(2611,'0.0',10,181),(2612,'0.0',10,182),(2613,'0.0',10,183),(2614,'0.0',10,184),(2615,'0.0',10,185),(2616,'0.0',10,186),(2617,'0.0',10,187),(2618,'0.0',10,188),(2619,'0.0',10,189),(2620,'0.37026777078229',10,190),(2621,'0.0',10,191),(2622,'0.0',10,192),(2623,'0.0',10,193),(2624,'0.0',10,194),(2625,'0.0',10,195),(2626,'0.0',10,196),(2627,'0.0',10,197),(2628,'0.0',10,198),(2629,'0.0',10,199),(2630,'0.0',10,200),(2631,'0.0',10,201),(2632,'0.0',10,202),(2633,'0.0',10,203),(2634,'0.0',10,204),(2635,'0.0',10,205),(2636,'0.0',10,206),(2637,'0.0',10,207),(2638,'0.0',10,208),(2639,'0.0',10,209),(2640,'0.0',10,210),(2641,'0.0',10,211),(2642,'0.245172983358564',10,212),(2643,'0.0',10,213),(2644,'0.0',10,214),(2645,'0.0',10,215),(2646,'0.37026777078229',10,216),(2647,'0.0',10,217),(2648,'0.0',10,218),(2649,'0.0',10,219),(2650,'0.0',10,220),(2651,'0.0',10,221),(2652,'0.0',10,222),(2653,'0.0',10,223),(2654,'0.0',10,224),(2655,'0.0',10,225),(2656,'0.0',10,226),(2657,'0.0',10,227),(2658,'0.0',10,228),(2659,'0.0',10,229),(2660,'0.0',10,230),(2661,'0.0',10,231),(2662,'0.0',10,232),(2663,'0.0',10,233),(2664,'0.0',10,234),(2665,'0.0',10,235),(2666,'0.0',10,236),(2667,'0.0',10,237),(2668,'0.0',10,238),(2669,'0.0',10,239),(2670,'0.0',10,240),(2671,'0.0',10,241),(2672,'0.0',10,242),(2673,'0.0',10,243),(2674,'0.0',10,244),(2675,'0.0',10,245),(2676,'0.0',10,246),(2677,'0.0',10,247),(2678,'0.0',10,248),(2679,'0.0',10,249),(2680,'0.0',10,250),(2681,'0.0',10,251),(2682,'0.260565716867741',10,252),(2683,'0.0',10,253),(2684,'0.260565716867741',10,254),(2685,'0.0',10,255),(2686,'0.0',10,256),(2687,'0.0',10,257),(2688,'0.0',10,258),(2689,'0.0',10,259),(2690,'0.0',10,260),(2691,'0.0',10,261),(2692,'0.0',10,262),(2693,'0.0',10,263),(2694,'0.0',10,264),(2695,'0.0',10,265),(2696,'0.0',10,266),(2697,'0.0',10,267),(2698,'0.0',10,268),(2699,'0.0',10,269),(2700,'0.0',10,270),(2701,'0.0',11,1),(2702,'0.0',11,2),(2703,'0.0',11,3),(2704,'0.0',11,4),(2705,'0.0',11,5),(2706,'0.349483046141337',11,6),(2707,'0.0',11,7),(2708,'0.0',11,8),(2709,'0.0',11,9),(2710,'0.0',11,10),(2711,'0.0',11,11),(2712,'0.0',11,12),(2713,'0.0',11,13),(2714,'0.0',11,14),(2715,'0.0',11,15),(2716,'0.0',11,16),(2717,'0.0',11,17),(2718,'0.0',11,18),(2719,'0.170716168107598',11,19),(2720,'0.0',11,20),(2721,'0.0',11,21),(2722,'0.0',11,22),(2723,'0.0',11,23),(2724,'0.0',11,24),(2725,'0.0',11,25),(2726,'0.0',11,26),(2727,'0.0',11,27),(2728,'0.0',11,28),(2729,'0.0',11,29),(2730,'0.0',11,30),(2731,'0.0',11,31),(2732,'0.0',11,32),(2733,'0.0',11,33),(2734,'0.0',11,34),(2735,'0.0',11,35),(2736,'0.0',11,36),(2737,'0.0',11,37),(2738,'0.0',11,38),(2739,'0.0',11,39),(2740,'0.0',11,40),(2741,'0.0',11,41),(2742,'0.0',11,42),(2743,'0.0',11,43),(2744,'0.0',11,44),(2745,'0.0',11,45),(2746,'0.0',11,46),(2747,'0.0',11,47),(2748,'0.0',11,48),(2749,'0.0',11,49),(2750,'0.0',11,50),(2751,'0.0',11,51),(2752,'0.0',11,52),(2753,'0.0',11,53),(2754,'0.0',11,54),(2755,'0.0',11,55),(2756,'0.0',11,56),(2757,'0.0',11,57),(2758,'0.0',11,58),(2759,'0.0',11,59),(2760,'0.0',11,60),(2761,'0.0',11,61),(2762,'0.0',11,62),(2763,'0.0',11,63),(2764,'0.0',11,64),(2765,'0.0',11,65),(2766,'0.0',11,66),(2767,'0.0',11,67),(2768,'0.0',11,68),(2769,'0.0',11,69),(2770,'0.0',11,70),(2771,'0.0',11,71),(2772,'0.0',11,72),(2773,'0.0',11,73),(2774,'0.0',11,74),(2775,'0.0',11,75),(2776,'0.0',11,76),(2777,'0.0',11,77),(2778,'0.0',11,78),(2779,'0.0',11,79),(2780,'0.276723738081057',11,80),(2781,'0.0',11,81),(2782,'0.0',11,82),(2783,'0.0',11,83),(2784,'0.0',11,84),(2785,'0.0',11,85),(2786,'0.0',11,86),(2787,'0.0',11,87),(2788,'0.0',11,88),(2789,'0.0',11,89),(2790,'0.0',11,90),(2791,'0.0',11,91),(2792,'0.0',11,92),(2793,'0.0',11,93),(2794,'0.0',11,94),(2795,'0.0',11,95),(2796,'0.0',11,96),(2797,'0.0',11,97),(2798,'0.0',11,98),(2799,'0.0',11,99),(2800,'0.262246247634691',11,100),(2801,'0.0',11,101),(2802,'0.0',11,102),(2803,'0.0',11,103),(2804,'0.0',11,104),(2805,'0.0',11,105),(2806,'0.0',11,106),(2807,'0.0',11,107),(2808,'0.0',11,108),(2809,'0.0',11,109),(2810,'0.0',11,110),(2811,'0.0',11,111),(2812,'0.194965412089587',11,112),(2813,'0.0',11,113),(2814,'0.0',11,114),(2815,'0.0',11,115),(2816,'0.0',11,116),(2817,'0.0',11,117),(2818,'0.0',11,118),(2819,'0.0',11,119),(2820,'0.0',11,120),(2821,'0.0',11,121),(2822,'0.230049740912207',11,122),(2823,'0.0',11,123),(2824,'0.317286539418852',11,124),(2825,'0.0',11,125),(2826,'0.0',11,126),(2827,'0.0',11,127),(2828,'0.0',11,128),(2829,'0.0',11,129),(2830,'0.0',11,130),(2831,'0.0',11,131),(2832,'0.0',11,132),(2833,'0.0',11,133),(2834,'0.0',11,134),(2835,'0.0',11,135),(2836,'0.0',11,136),(2837,'0.0',11,137),(2838,'0.0',11,138),(2839,'0.0',11,139),(2840,'0.0',11,140),(2841,'0.0',11,141),(2842,'0.0',11,142),(2843,'0.0',11,143),(2844,'0.0',11,144),(2845,'0.0',11,145),(2846,'0.0',11,146),(2847,'0.0',11,147),(2848,'0.0',11,148),(2849,'0.0',11,149),(2850,'0.0',11,150),(2851,'0.0',11,151),(2852,'0.0',11,152),(2853,'0.0',11,153),(2854,'0.0',11,154),(2855,'0.0',11,155),(2856,'0.0',11,156),(2857,'0.0',11,157),(2858,'0.0',11,158),(2859,'0.0',11,159),(2860,'0.0',11,160),(2861,'0.0',11,161),(2862,'0.0',11,162),(2863,'0.0',11,163),(2864,'0.0',11,164),(2865,'0.0',11,165),(2866,'0.0',11,166),(2867,'0.0',11,167),(2868,'0.0',11,168),(2869,'0.0',11,169),(2870,'0.0',11,170),(2871,'0.0',11,171),(2872,'0.0',11,172),(2873,'0.317286539418852',11,173),(2874,'0.0',11,174),(2875,'0.0',11,175),(2876,'0.0',11,176),(2877,'0.0',11,177),(2878,'0.0',11,178),(2879,'0.0',11,179),(2880,'0.0',11,180),(2881,'0.0',11,181),(2882,'0.0',11,182),(2883,'0.0',11,183),(2884,'0.0',11,184),(2885,'0.0',11,185),(2886,'0.0',11,186),(2887,'0.0',11,187),(2888,'0.0',11,188),(2889,'0.0',11,189),(2890,'0.0',11,190),(2891,'0.0',11,191),(2892,'0.262246247634691',11,192),(2893,'0.0',11,193),(2894,'0.0',11,194),(2895,'0.317286539418852',11,195),(2896,'0.0',11,196),(2897,'0.0',11,197),(2898,'0.0',11,198),(2899,'0.0',11,199),(2900,'0.0',11,200),(2901,'0.0',11,201),(2902,'0.0',11,202),(2903,'0.0',11,203),(2904,'0.0',11,204),(2905,'0.0',11,205),(2906,'0.0',11,206),(2907,'0.0',11,207),(2908,'0.0',11,208),(2909,'0.349483046141337',11,209),(2910,'0.0',11,210),(2911,'0.0',11,211),(2912,'0.0',11,212),(2913,'0.0',11,213),(2914,'0.0',11,214),(2915,'0.0',11,215),(2916,'0.0',11,216),(2917,'0.0',11,217),(2918,'0.0',11,218),(2919,'0.0',11,219),(2920,'0.0',11,220),(2921,'0.0',11,221),(2922,'0.0',11,222),(2923,'0.0',11,223),(2924,'0.0',11,224),(2925,'0.0',11,225),(2926,'0.0',11,226),(2927,'0.0',11,227),(2928,'0.0',11,228),(2929,'0.0',11,229),(2930,'0.0',11,230),(2931,'0.0',11,231),(2932,'0.0',11,232),(2933,'0.0',11,233),(2934,'0.0',11,234),(2935,'0.0',11,235),(2936,'0.0',11,236),(2937,'0.0',11,237),(2938,'0.0',11,238),(2939,'0.0',11,239),(2940,'0.0',11,240),(2941,'0.0',11,241),(2942,'0.0',11,242),(2943,'0.0',11,243),(2944,'0.0',11,244),(2945,'0.0',11,245),(2946,'0.0',11,246),(2947,'0.0',11,247),(2948,'0.0',11,248),(2949,'0.0',11,249),(2950,'0.0',11,250),(2951,'0.0',11,251),(2952,'0.207205955850531',11,252),(2953,'0.0',11,253),(2954,'0.0',11,254),(2955,'0.0',11,255),(2956,'0.0',11,256),(2957,'0.0',11,257),(2958,'0.0',11,258),(2959,'0.276723738081057',11,259),(2960,'0.0',11,260),(2961,'0.0',11,261),(2962,'0.0',11,262),(2963,'0.0',11,263),(2964,'0.0',11,264),(2965,'0.0',11,265),(2966,'0.0',11,266),(2967,'0.0',11,267),(2968,'0.0',11,268),(2969,'0.0',11,269),(2970,'0.0',11,270),(2971,'0.0',12,1),(2972,'0.387506834650858',12,2),(2973,'0.0',12,3),(2974,'0.0',12,4),(2975,'0.0',12,5),(2976,'0.0',12,6),(2977,'0.0',12,7),(2978,'0.0',12,8),(2979,'0.0',12,9),(2980,'0.0',12,10),(2981,'0.0',12,11),(2982,'0.0',12,12),(2983,'0.0',12,13),(2984,'0.0',12,14),(2985,'0.0',12,15),(2986,'0.0',12,16),(2987,'0.0',12,17),(2988,'0.0',12,18),(2989,'0.208498230174742',12,19),(2990,'0.0',12,20),(2991,'0.0',12,21),(2992,'0.0',12,22),(2993,'0.0',12,23),(2994,'0.0',12,24),(2995,'0.0',12,25),(2996,'0.0',12,26),(2997,'0.0',12,27),(2998,'0.0',12,28),(2999,'0.0',12,29),(3000,'0.0',12,30),(3001,'0.0',12,31),(3002,'0.0',12,32),(3003,'0.0',12,33),(3004,'0.0',12,34),(3005,'0.0',12,35),(3006,'0.0',12,36),(3007,'0.0',12,37),(3008,'0.0',12,38),(3009,'0.0',12,39),(3010,'0.0',12,40),(3011,'0.0',12,41),(3012,'0.0',12,42),(3013,'0.0',12,43),(3014,'0.0',12,44),(3015,'0.0',12,45),(3016,'0.0',12,46),(3017,'0.0',12,47),(3018,'0.0',12,48),(3019,'0.0',12,49),(3020,'0.0',12,50),(3021,'0.0',12,51),(3022,'0.0',12,52),(3023,'0.0',12,53),(3024,'0.0',12,54),(3025,'0.0',12,55),(3026,'0.0',12,56),(3027,'0.0',12,57),(3028,'0.0',12,58),(3029,'0.0',12,59),(3030,'0.0',12,60),(3031,'0.0',12,61),(3032,'0.0',12,62),(3033,'0.0',12,63),(3034,'0.0',12,64),(3035,'0.0',12,65),(3036,'0.0',12,66),(3037,'0.0',12,67),(3038,'0.0',12,68),(3039,'0.0',12,69),(3040,'0.0',12,70),(3041,'0.0',12,71),(3042,'0.359607375515566',12,72),(3043,'0.0',12,73),(3044,'0.0',12,74),(3045,'0.0',12,75),(3046,'0.0',12,76),(3047,'0.0',12,77),(3048,'0.0',12,78),(3049,'0.0',12,79),(3050,'0.0',12,80),(3051,'0.0',12,81),(3052,'0.245301201951157',12,82),(3053,'0.0',12,83),(3054,'0.0',12,84),(3055,'0.0',12,85),(3056,'0.320285296395232',12,86),(3057,'0.0',12,87),(3058,'0.0',12,88),(3059,'0.0',12,89),(3060,'0.0',12,90),(3061,'0.0',12,91),(3062,'0.0',12,92),(3063,'0.0',12,93),(3064,'0.0',12,94),(3065,'0.0',12,95),(3066,'0.0',12,96),(3067,'0.0',12,97),(3068,'0.0',12,98),(3069,'0.426828913771192',12,99),(3070,'0.0',12,100),(3071,'0.0',12,101),(3072,'0.0',12,102),(3073,'0.0',12,103),(3074,'0.0',12,104),(3075,'0.0',12,105),(3076,'0.0',12,106),(3077,'0.0',12,107),(3078,'0.0',12,108),(3079,'0.0',12,109),(3080,'0.0',12,110),(3081,'0.0',12,111),(3082,'0.238114197480975',12,112),(3083,'0.0',12,113),(3084,'0.0',12,114),(3085,'0.0',12,115),(3086,'0.0',12,116),(3087,'0.0',12,117),(3088,'0.0',12,118),(3089,'0.0',12,119),(3090,'0.305335735736602',12,120),(3091,'0.0',12,121),(3092,'0.0',12,122),(3093,'0.0',12,123),(3094,'0.0',12,124),(3095,'0.0',12,125),(3096,'0.0',12,126),(3097,'0.0',12,127),(3098,'0.0',12,128),(3099,'0.0',12,129),(3100,'0.0',12,130),(3101,'0.0',12,131),(3102,'0.0',12,132),(3103,'0.0',12,133),(3104,'0.0',12,134),(3105,'0.0',12,135),(3106,'0.0',12,136),(3107,'0.0',12,137),(3108,'0.0',12,138),(3109,'0.0',12,139),(3110,'0.0',12,140),(3111,'0.0',12,141),(3112,'0.0',12,142),(3113,'0.0',12,143),(3114,'0.0',12,144),(3115,'0.0',12,145),(3116,'0.0',12,146),(3117,'0.0',12,147),(3118,'0.0',12,148),(3119,'0.0',12,149),(3120,'0.0',12,150),(3121,'0.0',12,151),(3122,'0.0',12,152),(3123,'0.0',12,153),(3124,'0.0',12,154),(3125,'0.0',12,155),(3126,'0.0',12,156),(3127,'0.0',12,157),(3128,'0.0',12,158),(3129,'0.0',12,159),(3130,'0.0',12,160),(3131,'0.0',12,161),(3132,'0.0',12,162),(3133,'0.0',12,163),(3134,'0.0',12,164),(3135,'0.0',12,165),(3136,'0.0',12,166),(3137,'0.0',12,167),(3138,'0.0',12,168),(3139,'0.0',12,169),(3140,'0.0',12,170),(3141,'0.0',12,171),(3142,'0.0',12,172),(3143,'0.0',12,173),(3144,'0.0',12,174),(3145,'0.0',12,175),(3146,'0.0',12,176),(3147,'0.0',12,177),(3148,'0.0',12,178),(3149,'0.0',12,179),(3150,'0.0',12,180),(3151,'0.0',12,181),(3152,'0.0',12,182),(3153,'0.0',12,183),(3154,'0.0',12,184),(3155,'0.426828913771192',12,185),(3156,'0.0',12,186),(3157,'0.0',12,187),(3158,'0.0',12,188),(3159,'0.0',12,189),(3160,'0.0',12,190),(3161,'0.0',12,191),(3162,'0.0',12,192),(3163,'0.0',12,193),(3164,'0.0',12,194),(3165,'0.0',12,195),(3166,'0.0',12,196),(3167,'0.0',12,197),(3168,'0.0',12,198),(3169,'0.0',12,199),(3170,'0.0',12,200),(3171,'0.0',12,201),(3172,'0.0',12,202),(3173,'0.0',12,203),(3174,'0.0',12,204),(3175,'0.0',12,205),(3176,'0.0',12,206),(3177,'0.0',12,207),(3178,'0.0',12,208),(3179,'0.0',12,209),(3180,'0.0',12,210),(3181,'0.0',12,211),(3182,'0.0',12,212),(3183,'0.0',12,213),(3184,'0.0',12,214),(3185,'0.0',12,215),(3186,'0.0',12,216),(3187,'0.0',12,217),(3188,'0.0',12,218),(3189,'0.0',12,219),(3190,'0.0',12,220),(3191,'0.0',12,221),(3192,'0.0',12,222),(3193,'0.0',12,223),(3194,'0.0',12,224),(3195,'0.0',12,225),(3196,'0.0',12,226),(3197,'0.0',12,227),(3198,'0.0',12,228),(3199,'0.0',12,229),(3200,'0.0',12,230),(3201,'0.0',12,231),(3202,'0.0',12,232),(3203,'0.0',12,233),(3204,'0.0',12,234),(3205,'0.0',12,235),(3206,'0.0',12,236),(3207,'0.0',12,237),(3208,'0.0',12,238),(3209,'0.0',12,239),(3210,'0.0',12,240),(3211,'0.0',12,241),(3212,'0.0',12,242),(3213,'0.0',12,243),(3214,'0.0',12,244),(3215,'0.0',12,245),(3216,'0.0',12,246),(3217,'0.0',12,247),(3218,'0.0',12,248),(3219,'0.0',12,249),(3220,'0.0',12,250),(3221,'0.0',12,251),(3222,'0.0',12,252),(3223,'0.0',12,253),(3224,'0.0',12,254),(3225,'0.0',12,255),(3226,'0.0',12,256),(3227,'0.0',12,257),(3228,'0.0',12,258),(3229,'0.0',12,259),(3230,'0.0',12,260),(3231,'0.0',12,261),(3232,'0.0',12,262),(3233,'0.0',12,263),(3234,'0.0',12,264),(3235,'0.0',12,265),(3236,'0.0',12,266),(3237,'0.0',12,267),(3238,'0.0',12,268),(3239,'0.0',12,269),(3240,'0.0',12,270),(3241,'0.0',13,1),(3242,'0.0',13,2),(3243,'0.0',13,3),(3244,'0.0',13,4),(3245,'0.0',13,5),(3246,'0.0',13,6),(3247,'0.0',13,7),(3248,'0.0',13,8),(3249,'0.0',13,9),(3250,'0.0',13,10),(3251,'0.0',13,11),(3252,'0.0',13,12),(3253,'0.0',13,13),(3254,'0.0',13,14),(3255,'0.0',13,15),(3256,'0.373630950909539',13,16),(3257,'0.0',13,17),(3258,'0.0',13,18),(3259,'0.216629016274926',13,19),(3260,'0.0',13,20),(3261,'0.0',13,21),(3262,'0.0',13,22),(3263,'0.0',13,23),(3264,'0.0',13,24),(3265,'0.0',13,25),(3266,'0.0',13,26),(3267,'0.0',13,27),(3268,'0.0',13,28),(3269,'0.0',13,29),(3270,'0.0',13,30),(3271,'0.0',13,31),(3272,'0.0',13,32),(3273,'0.0',13,33),(3274,'0.0',13,34),(3275,'0.0',13,35),(3276,'0.0',13,36),(3277,'0.0',13,37),(3278,'0.0',13,38),(3279,'0.0',13,39),(3280,'0.0',13,40),(3281,'0.0',13,41),(3282,'0.0',13,42),(3283,'0.0',13,43),(3284,'0.0',13,44),(3285,'0.0',13,45),(3286,'0.0',13,46),(3287,'0.0',13,47),(3288,'0.0',13,48),(3289,'0.0',13,49),(3290,'0.0',13,50),(3291,'0.0',13,51),(3292,'0.0',13,52),(3293,'0.0',13,53),(3294,'0.0',13,54),(3295,'0.0',13,55),(3296,'0.0',13,56),(3297,'0.0',13,57),(3298,'0.0',13,58),(3299,'0.0',13,59),(3300,'0.0',13,60),(3301,'0.0',13,61),(3302,'0.0',13,62),(3303,'0.0',13,63),(3304,'0.23394501024137',13,64),(3305,'0.0',13,65),(3306,'0.0',13,66),(3307,'0.0',13,67),(3308,'0.0',13,68),(3309,'0.0',13,69),(3310,'0.0',13,70),(3311,'0.0',13,71),(3312,'0.0',13,72),(3313,'0.0',13,73),(3314,'0.0',13,74),(3315,'0.0',13,75),(3316,'0.0',13,76),(3317,'0.0',13,77),(3318,'0.0',13,78),(3319,'0.0',13,79),(3320,'0.0',13,80),(3321,'0.0',13,81),(3322,'0.0',13,82),(3323,'0.0',13,83),(3324,'0.0',13,84),(3325,'0.0',13,85),(3326,'0.0',13,86),(3327,'0.0',13,87),(3328,'0.0',13,88),(3329,'0.0',13,89),(3330,'0.0',13,90),(3331,'0.0',13,91),(3332,'0.0',13,92),(3333,'0.0',13,93),(3334,'0.0',13,94),(3335,'0.0',13,95),(3336,'0.402618402659204',13,96),(3337,'0.0',13,97),(3338,'0.0',13,98),(3339,'0.0',13,99),(3340,'0.0',13,100),(3341,'0.0',13,101),(3342,'0.0',13,102),(3343,'0.0',13,103),(3344,'0.0',13,104),(3345,'0.0',13,105),(3346,'0.0',13,106),(3347,'0.0',13,107),(3348,'0.0',13,108),(3349,'0.0',13,109),(3350,'0.0',13,110),(3351,'0.0',13,111),(3352,'0.247399914705108',13,112),(3353,'0.0',13,113),(3354,'0.0',13,114),(3355,'0.0',13,115),(3356,'0.0',13,116),(3357,'0.0',13,117),(3358,'0.0',13,118),(3359,'0.0',13,119),(3360,'0.0',13,120),(3361,'0.0',13,121),(3362,'0.0',13,122),(3363,'0.0',13,123),(3364,'0.0',13,124),(3365,'0.0',13,125),(3366,'0.0',13,126),(3367,'0.0',13,127),(3368,'0.0',13,128),(3369,'0.0',13,129),(3370,'0.0',13,130),(3371,'0.0',13,131),(3372,'0.0',13,132),(3373,'0.351146536528613',13,133),(3374,'0.0',13,134),(3375,'0.0',13,135),(3376,'0.0',13,136),(3377,'0.0',13,137),(3378,'0.0',13,138),(3379,'0.0',13,139),(3380,'0.0',13,140),(3381,'0.0',13,141),(3382,'0.0',13,142),(3383,'0.0',13,143),(3384,'0.0',13,144),(3385,'0.0',13,145),(3386,'0.23394501024137',13,146),(3387,'0.0',13,147),(3388,'0.0',13,148),(3389,'0.0',13,149),(3390,'0.0',13,150),(3391,'0.0',13,151),(3392,'0.0',13,152),(3393,'0.0',13,153),(3394,'0.0',13,154),(3395,'0.0',13,155),(3396,'0.0',13,156),(3397,'0.0',13,157),(3398,'0.0',13,158),(3399,'0.0',13,159),(3400,'0.0',13,160),(3401,'0.0',13,161),(3402,'0.0',13,162),(3403,'0.0',13,163),(3404,'0.0',13,164),(3405,'0.0',13,165),(3406,'0.0',13,166),(3407,'0.0',13,167),(3408,'0.0',13,168),(3409,'0.0',13,169),(3410,'0.0',13,170),(3411,'0.0',13,171),(3412,'0.0',13,172),(3413,'0.0',13,173),(3414,'0.0',13,174),(3415,'0.0',13,175),(3416,'0.402618402659204',13,176),(3417,'0.0',13,177),(3418,'0.0',13,178),(3419,'0.0',13,179),(3420,'0.0',13,180),(3421,'0.0',13,181),(3422,'0.0',13,182),(3423,'0.0',13,183),(3424,'0.0',13,184),(3425,'0.0',13,185),(3426,'0.0',13,186),(3427,'0.0',13,187),(3428,'0.0',13,188),(3429,'0.0',13,189),(3430,'0.0',13,190),(3431,'0.0',13,191),(3432,'0.0',13,192),(3433,'0.0',13,193),(3434,'0.0',13,194),(3435,'0.0',13,195),(3436,'0.0',13,196),(3437,'0.0',13,197),(3438,'0.0',13,198),(3439,'0.0',13,199),(3440,'0.0',13,200),(3441,'0.0',13,201),(3442,'0.0',13,202),(3443,'0.0',13,203),(3444,'0.0',13,204),(3445,'0.0',13,205),(3446,'0.0',13,206),(3447,'0.0',13,207),(3448,'0.0',13,208),(3449,'0.0',13,209),(3450,'0.0',13,210),(3451,'0.0',13,211),(3452,'0.247399914705108',13,212),(3453,'0.0',13,213),(3454,'0.0',13,214),(3455,'0.0',13,215),(3456,'0.0',13,216),(3457,'0.0',13,217),(3458,'0.0',13,218),(3459,'0.254867190120511',13,219),(3460,'0.0',13,220),(3461,'0.0',13,221),(3462,'0.0',13,222),(3463,'0.0',13,223),(3464,'0.0',13,224),(3465,'0.0',13,225),(3466,'0.0',13,226),(3467,'0.0',13,227),(3468,'0.0',13,228),(3469,'0.0',13,229),(3470,'0.0',13,230),(3471,'0.0',13,231),(3472,'0.0',13,232),(3473,'0.0',13,233),(3474,'0.0',13,234),(3475,'0.0',13,235),(3476,'0.0',13,236),(3477,'0.0',13,237),(3478,'0.0',13,238),(3479,'0.0',13,239),(3480,'0.0',13,240),(3481,'0.0',13,241),(3482,'0.0',13,242),(3483,'0.0',13,243),(3484,'0.0',13,244),(3485,'0.0',13,245),(3486,'0.0',13,246),(3487,'0.0',13,247),(3488,'0.0',13,248),(3489,'0.0',13,249),(3490,'0.0',13,250),(3491,'0.0',13,251),(3492,'0.0',13,252),(3493,'0.0',13,253),(3494,'0.262932461991035',13,254),(3495,'0.0',13,255),(3496,'0.0',13,256),(3497,'0.0',13,257),(3498,'0.0',13,258),(3499,'0.0',13,259),(3500,'0.0',13,260),(3501,'0.0',13,261),(3502,'0.0',13,262),(3503,'0.0',13,263),(3504,'0.0',13,264),(3505,'0.0',13,265),(3506,'0.0',13,266),(3507,'0.0',13,267),(3508,'0.0',13,268),(3509,'0.0',13,269),(3510,'0.0',13,270),(3511,'0.0',14,1),(3512,'0.0',14,2),(3513,'0.0',14,3),(3514,'0.0',14,4),(3515,'0.0',14,5),(3516,'0.0',14,6),(3517,'0.0',14,7),(3518,'0.0',14,8),(3519,'0.0',14,9),(3520,'0.0',14,10),(3521,'0.0',14,11),(3522,'0.0',14,12),(3523,'0.0',14,13),(3524,'0.0',14,14),(3525,'0.0',14,15),(3526,'0.0',14,16),(3527,'0.0',14,17),(3528,'0.0',14,18),(3529,'0.0',14,19),(3530,'0.0',14,20),(3531,'0.0',14,21),(3532,'0.0',14,22),(3533,'0.0',14,23),(3534,'0.0',14,24),(3535,'0.0',14,25),(3536,'0.0',14,26),(3537,'0.0',14,27),(3538,'0.0',14,28),(3539,'0.0',14,29),(3540,'0.0',14,30),(3541,'0.0',14,31),(3542,'0.0',14,32),(3543,'0.0',14,33),(3544,'0.0',14,34),(3545,'0.0',14,35),(3546,'0.0',14,36),(3547,'0.0',14,37),(3548,'0.0',14,38),(3549,'0.0',14,39),(3550,'0.0',14,40),(3551,'0.0',14,41),(3552,'0.0',14,42),(3553,'0.0',14,43),(3554,'0.0',14,44),(3555,'0.0',14,45),(3556,'0.0',14,46),(3557,'0.0',14,47),(3558,'0.0',14,48),(3559,'0.0',14,49),(3560,'0.332526793812474',14,50),(3561,'0.0',14,51),(3562,'0.0',14,52),(3563,'0.0',14,53),(3564,'0.0',14,54),(3565,'0.0',14,55),(3566,'0.332526793812474',14,56),(3567,'0.0',14,57),(3568,'0.0',14,58),(3569,'0.0',14,59),(3570,'0.0',14,60),(3571,'0.0',14,61),(3572,'0.0',14,62),(3573,'0.0',14,63),(3574,'0.0',14,64),(3575,'0.0',14,65),(3576,'0.0',14,66),(3577,'0.0',14,67),(3578,'0.0',14,68),(3579,'0.0',14,69),(3580,'0.308585751059719',14,70),(3581,'0.0',14,71),(3582,'0.0',14,72),(3583,'0.0',14,73),(3584,'0.0',14,74),(3585,'0.0',14,75),(3586,'0.0',14,76),(3587,'0.0',14,77),(3588,'0.0',14,78),(3589,'0.0',14,79),(3590,'0.0',14,80),(3591,'0.0',14,81),(3592,'0.0',14,82),(3593,'0.366269798391235',14,83),(3594,'0.0',14,84),(3595,'0.0',14,85),(3596,'0.0',14,86),(3597,'0.0',14,87),(3598,'0.366269798391235',14,88),(3599,'0.0',14,89),(3600,'0.0',14,90),(3601,'0.0',14,91),(3602,'0.0',14,92),(3603,'0.0',14,93),(3604,'0.0',14,94),(3605,'0.0',14,95),(3606,'0.0',14,96),(3607,'0.0',14,97),(3608,'0.0',14,98),(3609,'0.0',14,99),(3610,'0.0',14,100),(3611,'0.0',14,101),(3612,'0.0',14,102),(3613,'0.0',14,103),(3614,'0.0',14,104),(3615,'0.0',14,105),(3616,'0.0',14,106),(3617,'0.0',14,107),(3618,'0.0',14,108),(3619,'0.0',14,109),(3620,'0.0',14,110),(3621,'0.0',14,111),(3622,'0.204330204190899',14,112),(3623,'0.0',14,113),(3624,'0.0',14,114),(3625,'0.0',14,115),(3626,'0.0',14,116),(3627,'0.0',14,117),(3628,'0.0',14,118),(3629,'0.0',14,119),(3630,'0.262014251522415',14,120),(3631,'0.0',14,121),(3632,'0.0',14,122),(3633,'0.0',14,123),(3634,'0.0',14,124),(3635,'0.0',14,125),(3636,'0.274842746480957',14,126),(3637,'0.0',14,127),(3638,'0.0',14,128),(3639,'0.0',14,129),(3640,'0.0',14,130),(3641,'0.0',14,131),(3642,'0.0',14,132),(3643,'0.0',14,133),(3644,'0.0',14,134),(3645,'0.0',14,135),(3646,'0.0',14,136),(3647,'0.0',14,137),(3648,'0.0',14,138),(3649,'0.0',14,139),(3650,'0.0',14,140),(3651,'0.0',14,141),(3652,'0.0',14,142),(3653,'0.0',14,143),(3654,'0.0',14,144),(3655,'0.0',14,145),(3656,'0.0',14,146),(3657,'0.0',14,147),(3658,'0.0',14,148),(3659,'0.0',14,149),(3660,'0.0',14,150),(3661,'0.0',14,151),(3662,'0.0',14,152),(3663,'0.0',14,153),(3664,'0.0',14,154),(3665,'0.0',14,155),(3666,'0.0',14,156),(3667,'0.0',14,157),(3668,'0.0',14,158),(3669,'0.0',14,159),(3670,'0.0',14,160),(3671,'0.0',14,161),(3672,'0.0',14,162),(3673,'0.0',14,163),(3674,'0.0',14,164),(3675,'0.0',14,165),(3676,'0.0',14,166),(3677,'0.0',14,167),(3678,'0.0',14,168),(3679,'0.0',14,169),(3680,'0.0',14,170),(3681,'0.0',14,171),(3682,'0.0',14,172),(3683,'0.0',14,173),(3684,'0.0',14,174),(3685,'0.0',14,175),(3686,'0.0',14,176),(3687,'0.0',14,177),(3688,'0.0',14,178),(3689,'0.0',14,179),(3690,'0.0',14,180),(3691,'0.0',14,181),(3692,'0.0',14,182),(3693,'0.0',14,183),(3694,'0.0',14,184),(3695,'0.0',14,185),(3696,'0.0',14,186),(3697,'0.0',14,187),(3698,'0.0',14,188),(3699,'0.0',14,189),(3700,'0.0',14,190),(3701,'0.0',14,191),(3702,'0.0',14,192),(3703,'0.0',14,193),(3704,'0.308585751059719',14,194),(3705,'0.0',14,195),(3706,'0.0',14,196),(3707,'0.0',14,197),(3708,'0.0',14,198),(3709,'0.0',14,199),(3710,'0.0',14,200),(3711,'0.0',14,201),(3712,'0.0',14,202),(3713,'0.0',14,203),(3714,'0.0',14,204),(3715,'0.0',14,205),(3716,'0.0',14,206),(3717,'0.0',14,207),(3718,'0.0',14,208),(3719,'0.0',14,209),(3720,'0.0',14,210),(3721,'0.0',14,211),(3722,'0.0',14,212),(3723,'0.0',14,213),(3724,'0.0',14,214),(3725,'0.0',14,215),(3726,'0.0',14,216),(3727,'0.0',14,217),(3728,'0.366269798391235',14,218),(3729,'0.0',14,219),(3730,'0.0',14,220),(3731,'0.0',14,221),(3732,'0.0',14,222),(3733,'0.0',14,223),(3734,'0.0',14,224),(3735,'0.0',14,225),(3736,'0.0',14,226),(3737,'0.0',14,227),(3738,'0.0',14,228),(3739,'0.0',14,229),(3740,'0.0',14,230),(3741,'0.0',14,231),(3742,'0.0',14,232),(3743,'0.0',14,233),(3744,'0.0',14,234),(3745,'0.0',14,235),(3746,'0.0',14,236),(3747,'0.0',14,237),(3748,'0.0',14,238),(3749,'0.0',14,239),(3750,'0.0',14,240),(3751,'0.0',14,241),(3752,'0.0',14,242),(3753,'0.0',14,243),(3754,'0.0',14,244),(3755,'0.0',14,245),(3756,'0.0',14,246),(3757,'0.0',14,247),(3758,'0.0',14,248),(3759,'0.0',14,249),(3760,'0.0',14,250),(3761,'0.0',14,251),(3762,'0.0',14,252),(3763,'0.0',14,253),(3764,'0.0',14,254),(3765,'0.0',14,255),(3766,'0.0',14,256),(3767,'0.0',14,257),(3768,'0.0',14,258),(3769,'0.0',14,259),(3770,'0.0',14,260),(3771,'0.0',14,261),(3772,'0.0',14,262),(3773,'0.0',14,263),(3774,'0.0',14,264),(3775,'0.0',14,265),(3776,'0.0',14,266),(3777,'0.0',14,267),(3778,'0.0',14,268),(3779,'0.0',14,269),(3780,'0.0',14,270),(3781,'0.0',15,1),(3782,'0.0',15,2),(3783,'0.0',15,3),(3784,'0.0',15,4),(3785,'0.0',15,5),(3786,'0.0',15,6),(3787,'0.0',15,7),(3788,'0.0',15,8),(3789,'0.0',15,9),(3790,'0.0',15,10),(3791,'0.0',15,11),(3792,'0.0',15,12),(3793,'0.0',15,13),(3794,'0.0',15,14),(3795,'0.0',15,15),(3796,'0.0',15,16),(3797,'0.0',15,17),(3798,'0.0',15,18),(3799,'0.0',15,19),(3800,'0.0',15,20),(3801,'0.0',15,21),(3802,'0.0',15,22),(3803,'0.0',15,23),(3804,'0.0',15,24),(3805,'0.0',15,25),(3806,'0.0',15,26),(3807,'0.0',15,27),(3808,'0.0',15,28),(3809,'0.0',15,29),(3810,'0.0',15,30),(3811,'0.0',15,31),(3812,'0.0',15,32),(3813,'0.0',15,33),(3814,'0.0',15,34),(3815,'0.0',15,35),(3816,'0.0',15,36),(3817,'0.0',15,37),(3818,'0.0',15,38),(3819,'0.0',15,39),(3820,'0.0',15,40),(3821,'0.0',15,41),(3822,'0.0',15,42),(3823,'0.0',15,43),(3824,'0.0',15,44),(3825,'0.0',15,45),(3826,'0.0',15,46),(3827,'0.0',15,47),(3828,'0.707106781186547',15,48),(3829,'0.0',15,49),(3830,'0.0',15,50),(3831,'0.0',15,51),(3832,'0.0',15,52),(3833,'0.0',15,53),(3834,'0.0',15,54),(3835,'0.0',15,55),(3836,'0.0',15,56),(3837,'0.0',15,57),(3838,'0.0',15,58),(3839,'0.0',15,59),(3840,'0.0',15,60),(3841,'0.0',15,61),(3842,'0.0',15,62),(3843,'0.0',15,63),(3844,'0.0',15,64),(3845,'0.0',15,65),(3846,'0.0',15,66),(3847,'0.0',15,67),(3848,'0.0',15,68),(3849,'0.0',15,69),(3850,'0.0',15,70),(3851,'0.0',15,71),(3852,'0.0',15,72),(3853,'0.0',15,73),(3854,'0.0',15,74),(3855,'0.0',15,75),(3856,'0.0',15,76),(3857,'0.0',15,77),(3858,'0.0',15,78),(3859,'0.0',15,79),(3860,'0.0',15,80),(3861,'0.0',15,81),(3862,'0.0',15,82),(3863,'0.0',15,83),(3864,'0.0',15,84),(3865,'0.0',15,85),(3866,'0.0',15,86),(3867,'0.0',15,87),(3868,'0.0',15,88),(3869,'0.0',15,89),(3870,'0.0',15,90),(3871,'0.0',15,91),(3872,'0.0',15,92),(3873,'0.0',15,93),(3874,'0.0',15,94),(3875,'0.0',15,95),(3876,'0.0',15,96),(3877,'0.0',15,97),(3878,'0.0',15,98),(3879,'0.0',15,99),(3880,'0.0',15,100),(3881,'0.0',15,101),(3882,'0.0',15,102),(3883,'0.0',15,103),(3884,'0.0',15,104),(3885,'0.0',15,105),(3886,'0.0',15,106),(3887,'0.0',15,107),(3888,'0.0',15,108),(3889,'0.0',15,109),(3890,'0.0',15,110),(3891,'0.0',15,111),(3892,'0.0',15,112),(3893,'0.0',15,113),(3894,'0.0',15,114),(3895,'0.0',15,115),(3896,'0.0',15,116),(3897,'0.0',15,117),(3898,'0.0',15,118),(3899,'0.0',15,119),(3900,'0.0',15,120),(3901,'0.0',15,121),(3902,'0.0',15,122),(3903,'0.0',15,123),(3904,'0.0',15,124),(3905,'0.0',15,125),(3906,'0.0',15,126),(3907,'0.0',15,127),(3908,'0.0',15,128),(3909,'0.0',15,129),(3910,'0.0',15,130),(3911,'0.0',15,131),(3912,'0.0',15,132),(3913,'0.0',15,133),(3914,'0.0',15,134),(3915,'0.0',15,135),(3916,'0.0',15,136),(3917,'0.0',15,137),(3918,'0.0',15,138),(3919,'0.0',15,139),(3920,'0.0',15,140),(3921,'0.0',15,141),(3922,'0.0',15,142),(3923,'0.0',15,143),(3924,'0.0',15,144),(3925,'0.0',15,145),(3926,'0.0',15,146),(3927,'0.0',15,147),(3928,'0.0',15,148),(3929,'0.0',15,149),(3930,'0.0',15,150),(3931,'0.0',15,151),(3932,'0.0',15,152),(3933,'0.0',15,153),(3934,'0.0',15,154),(3935,'0.0',15,155),(3936,'0.0',15,156),(3937,'0.0',15,157),(3938,'0.0',15,158),(3939,'0.0',15,159),(3940,'0.0',15,160),(3941,'0.0',15,161),(3942,'0.0',15,162),(3943,'0.0',15,163),(3944,'0.0',15,164),(3945,'0.0',15,165),(3946,'0.0',15,166),(3947,'0.0',15,167),(3948,'0.0',15,168),(3949,'0.0',15,169),(3950,'0.0',15,170),(3951,'0.0',15,171),(3952,'0.0',15,172),(3953,'0.0',15,173),(3954,'0.0',15,174),(3955,'0.0',15,175),(3956,'0.0',15,176),(3957,'0.0',15,177),(3958,'0.0',15,178),(3959,'0.0',15,179),(3960,'0.0',15,180),(3961,'0.0',15,181),(3962,'0.0',15,182),(3963,'0.0',15,183),(3964,'0.0',15,184),(3965,'0.0',15,185),(3966,'0.707106781186547',15,186),(3967,'0.0',15,187),(3968,'0.0',15,188),(3969,'0.0',15,189),(3970,'0.0',15,190),(3971,'0.0',15,191),(3972,'0.0',15,192),(3973,'0.0',15,193),(3974,'0.0',15,194),(3975,'0.0',15,195),(3976,'0.0',15,196),(3977,'0.0',15,197),(3978,'0.0',15,198),(3979,'0.0',15,199),(3980,'0.0',15,200),(3981,'0.0',15,201),(3982,'0.0',15,202),(3983,'0.0',15,203),(3984,'0.0',15,204),(3985,'0.0',15,205),(3986,'0.0',15,206),(3987,'0.0',15,207),(3988,'0.0',15,208),(3989,'0.0',15,209),(3990,'0.0',15,210),(3991,'0.0',15,211),(3992,'0.0',15,212),(3993,'0.0',15,213),(3994,'0.0',15,214),(3995,'0.0',15,215),(3996,'0.0',15,216),(3997,'0.0',15,217),(3998,'0.0',15,218),(3999,'0.0',15,219),(4000,'0.0',15,220),(4001,'0.0',15,221),(4002,'0.0',15,222),(4003,'0.0',15,223),(4004,'0.0',15,224),(4005,'0.0',15,225),(4006,'0.0',15,226),(4007,'0.0',15,227),(4008,'0.0',15,228),(4009,'0.0',15,229),(4010,'0.0',15,230),(4011,'0.0',15,231),(4012,'0.0',15,232),(4013,'0.0',15,233),(4014,'0.0',15,234),(4015,'0.0',15,235),(4016,'0.0',15,236),(4017,'0.0',15,237),(4018,'0.0',15,238),(4019,'0.0',15,239),(4020,'0.0',15,240),(4021,'0.0',15,241),(4022,'0.0',15,242),(4023,'0.0',15,243),(4024,'0.0',15,244),(4025,'0.0',15,245),(4026,'0.0',15,246),(4027,'0.0',15,247),(4028,'0.0',15,248),(4029,'0.0',15,249),(4030,'0.0',15,250),(4031,'0.0',15,251),(4032,'0.0',15,252),(4033,'0.0',15,253),(4034,'0.0',15,254),(4035,'0.0',15,255),(4036,'0.0',15,256),(4037,'0.0',15,257),(4038,'0.0',15,258),(4039,'0.0',15,259),(4040,'0.0',15,260),(4041,'0.0',15,261),(4042,'0.0',15,262),(4043,'0.0',15,263),(4044,'0.0',15,264),(4045,'0.0',15,265),(4046,'0.0',15,266),(4047,'0.0',15,267),(4048,'0.0',15,268),(4049,'0.0',15,269),(4050,'0.0',15,270),(4051,'0.0',16,1),(4052,'0.0',16,2),(4053,'0.0',16,3),(4054,'0.0',16,4),(4055,'0.319751516533616',16,5),(4056,'0.0',16,6),(4057,'0.0',16,7),(4058,'0.0',16,8),(4059,'0.0',16,9),(4060,'0.0',16,10),(4061,'0.0',16,11),(4062,'0.0',16,12),(4063,'0.0',16,13),(4064,'0.0',16,14),(4065,'0.0',16,15),(4066,'0.0',16,16),(4067,'0.269393660944476',16,17),(4068,'0.0',16,18),(4069,'0.0',16,19),(4070,'0.0',16,20),(4071,'0.0',16,21),(4072,'0.0',16,22),(4073,'0.0',16,23),(4074,'0.0',16,24),(4075,'0.0',16,25),(4076,'0.0',16,26),(4077,'0.0',16,27),(4078,'0.0',16,28),(4079,'0.0',16,29),(4080,'0.0',16,30),(4081,'0.0',16,31),(4082,'0.0',16,32),(4083,'0.0',16,33),(4084,'0.0',16,34),(4085,'0.0',16,35),(4086,'0.0',16,36),(4087,'0.0',16,37),(4088,'0.0',16,38),(4089,'0.0',16,39),(4090,'0.0',16,40),(4091,'0.0',16,41),(4092,'0.0',16,42),(4093,'0.0',16,43),(4094,'0.0',16,44),(4095,'0.0',16,45),(4096,'0.0',16,46),(4097,'0.0',16,47),(4098,'0.0',16,48),(4099,'0.0',16,49),(4100,'0.0',16,50),(4101,'0.0',16,51),(4102,'0.0',16,52),(4103,'0.0',16,53),(4104,'0.0',16,54),(4105,'0.0',16,55),(4106,'0.0',16,56),(4107,'0.0',16,57),(4108,'0.0',16,58),(4109,'0.0',16,59),(4110,'0.0',16,60),(4111,'0.0',16,61),(4112,'0.0',16,62),(4113,'0.0',16,63),(4114,'0.0',16,64),(4115,'0.0',16,65),(4116,'0.0',16,66),(4117,'0.0',16,67),(4118,'0.0',16,68),(4119,'0.0',16,69),(4120,'0.0',16,70),(4121,'0.0',16,71),(4122,'0.0',16,72),(4123,'0.0',16,73),(4124,'0.0',16,74),(4125,'0.0',16,75),(4126,'0.0',16,76),(4127,'0.0',16,77),(4128,'0.0',16,78),(4129,'0.0',16,79),(4130,'0.0',16,80),(4131,'0.0',16,81),(4132,'0.0',16,82),(4133,'0.0',16,83),(4134,'0.239936203808098',16,84),(4135,'0.0',16,85),(4136,'0.0',16,86),(4137,'0.0',16,87),(4138,'0.0',16,88),(4139,'0.0',16,89),(4140,'0.0',16,90),(4141,'0.319751516533616',16,91),(4142,'0.0',16,92),(4143,'0.0',16,93),(4144,'0.0',16,94),(4145,'0.0',16,95),(4146,'0.0',16,96),(4147,'0.0',16,97),(4148,'0.0',16,98),(4149,'0.0',16,99),(4150,'0.0',16,100),(4151,'0.0',16,101),(4152,'0.0',16,102),(4153,'0.21047874667172',16,103),(4154,'0.0',16,104),(4155,'0.0',16,105),(4156,'0.0',16,106),(4157,'0.0',16,107),(4158,'0.0',16,108),(4159,'0.0',16,109),(4160,'0.0',16,110),(4161,'0.0',16,111),(4162,'0.0',16,112),(4163,'0.0',16,113),(4164,'0.0',16,114),(4165,'0.0',16,115),(4166,'0.0',16,116),(4167,'0.0',16,117),(4168,'0.0',16,118),(4169,'0.0',16,119),(4170,'0.0',16,120),(4171,'0.0',16,121),(4172,'0.0',16,122),(4173,'0.0',16,123),(4174,'0.0',16,124),(4175,'0.0',16,125),(4176,'0.0',16,126),(4177,'0.0',16,127),(4178,'0.0',16,128),(4179,'0.0',16,129),(4180,'0.0',16,130),(4181,'0.290294059397238',16,131),(4182,'0.228736998370318',16,132),(4183,'0.0',16,133),(4184,'0.0',16,134),(4185,'0.0',16,135),(4186,'0.0',16,136),(4187,'0.0',16,137),(4188,'0.0',16,138),(4189,'0.0',16,139),(4190,'0.0',16,140),(4191,'0.0',16,141),(4192,'0.0',16,142),(4193,'0.0',16,143),(4194,'0.0',16,144),(4195,'0.0',16,145),(4196,'0.0',16,146),(4197,'0.0',16,147),(4198,'0.0',16,148),(4199,'0.0',16,149),(4200,'0.0',16,150),(4201,'0.0',16,151),(4202,'0.0',16,152),(4203,'0.0',16,153),(4204,'0.0',16,154),(4205,'0.290294059397238',16,155),(4206,'0.0',16,156),(4207,'0.0',16,157),(4208,'0.0',16,158),(4209,'0.0',16,159),(4210,'0.0',16,160),(4211,'0.0',16,161),(4212,'0.0',16,162),(4213,'0.0',16,163),(4214,'0.0',16,164),(4215,'0.0',16,165),(4216,'0.0',16,166),(4217,'0.0',16,167),(4218,'0.0',16,168),(4219,'0.0',16,169),(4220,'0.0',16,170),(4221,'0.0',16,171),(4222,'0.0',16,172),(4223,'0.0',16,173),(4224,'0.0',16,174),(4225,'0.0',16,175),(4226,'0.0',16,176),(4227,'0.0',16,177),(4228,'0.0',16,178),(4229,'0.0',16,179),(4230,'0.0',16,180),(4231,'0.0',16,181),(4232,'0.239936203808098',16,182),(4233,'0.0',16,183),(4234,'0.319751516533616',16,184),(4235,'0.0',16,185),(4236,'0.0',16,186),(4237,'0.0',16,187),(4238,'0.0',16,188),(4239,'0.0',16,189),(4240,'0.0',16,190),(4241,'0.0',16,191),(4242,'0.0',16,192),(4243,'0.0',16,193),(4244,'0.0',16,194),(4245,'0.0',16,195),(4246,'0.0',16,196),(4247,'0.0',16,197),(4248,'0.0',16,198),(4249,'0.319751516533616',16,199),(4250,'0.0',16,200),(4251,'0.0',16,201),(4252,'0.0',16,202),(4253,'0.0',16,203),(4254,'0.0',16,204),(4255,'0.0',16,205),(4256,'0.0',16,206),(4257,'0.0',16,207),(4258,'0.0',16,208),(4259,'0.0',16,209),(4260,'0.0',16,210),(4261,'0.0',16,211),(4262,'0.178379142781178',16,212),(4263,'0.0',16,213),(4264,'0.0',16,214),(4265,'0.0',16,215),(4266,'0.0',16,216),(4267,'0.0',16,217),(4268,'0.0',16,218),(4269,'0.18376316318029',16,219),(4270,'0.0',16,220),(4271,'0.0',16,221),(4272,'0.0',16,222),(4273,'0.0',16,223),(4274,'0.0',16,224),(4275,'0.0',16,225),(4276,'0.0',16,226),(4277,'0.0',16,227),(4278,'0.0',16,228),(4279,'0.0',16,229),(4280,'0.0',16,230),(4281,'0.0',16,231),(4282,'0.0',16,232),(4283,'0.0',16,233),(4284,'0.0',16,234),(4285,'0.0',16,235),(4286,'0.0',16,236),(4287,'0.0',16,237),(4288,'0.0',16,238),(4289,'0.0',16,239),(4290,'0.0',16,240),(4291,'0.0',16,241),(4292,'0.0',16,242),(4293,'0.0',16,243),(4294,'0.0',16,244),(4295,'0.0',16,245),(4296,'0.0',16,246),(4297,'0.0',16,247),(4298,'0.0',16,248),(4299,'0.0',16,249),(4300,'0.269393660944476',16,250),(4301,'0.0',16,251),(4302,'0.0',16,252),(4303,'0.0',16,253),(4304,'0.0',16,254),(4305,'0.0',16,255),(4306,'0.0',16,256),(4307,'0.0',16,257),(4308,'0.0',16,258),(4309,'0.0',16,259),(4310,'0.0',16,260),(4311,'0.0',16,261),(4312,'0.0',16,262),(4313,'0.0',16,263),(4314,'0.0',16,264),(4315,'0.0',16,265),(4316,'0.0',16,266),(4317,'0.0',16,267),(4318,'0.0',16,268),(4319,'0.0',16,269),(4320,'0.0',16,270),(4321,'0.0',17,1),(4322,'0.0',17,2),(4323,'0.0',17,3),(4324,'0.0',17,4),(4325,'0.0',17,5),(4326,'0.0',17,6),(4327,'0.0',17,7),(4328,'0.0',17,8),(4329,'0.0',17,9),(4330,'0.0',17,10),(4331,'0.0',17,11),(4332,'0.0',17,12),(4333,'0.0',17,13),(4334,'0.0',17,14),(4335,'0.0',17,15),(4336,'0.0',17,16),(4337,'0.0',17,17),(4338,'0.0',17,18),(4339,'0.0',17,19),(4340,'0.0',17,20),(4341,'0.0',17,21),(4342,'0.0',17,22),(4343,'0.0',17,23),(4344,'0.0',17,24),(4345,'0.0',17,25),(4346,'0.0',17,26),(4347,'0.0',17,27),(4348,'0.0',17,28),(4349,'0.0',17,29),(4350,'0.0',17,30),(4351,'0.0',17,31),(4352,'0.0',17,32),(4353,'0.0',17,33),(4354,'0.0',17,34),(4355,'0.0',17,35),(4356,'0.0',17,36),(4357,'0.0',17,37),(4358,'0.0',17,38),(4359,'0.0',17,39),(4360,'0.0',17,40),(4361,'0.0',17,41),(4362,'0.0',17,42),(4363,'0.0',17,43),(4364,'0.0',17,44),(4365,'0.0',17,45),(4366,'0.0',17,46),(4367,'0.0',17,47),(4368,'0.0',17,48),(4369,'0.0',17,49),(4370,'0.0',17,50),(4371,'0.0',17,51),(4372,'0.0',17,52),(4373,'0.0',17,53),(4374,'0.0',17,54),(4375,'0.0',17,55),(4376,'0.0',17,56),(4377,'0.0',17,57),(4378,'0.0',17,58),(4379,'0.0',17,59),(4380,'0.0',17,60),(4381,'0.0',17,61),(4382,'0.0',17,62),(4383,'0.0',17,63),(4384,'0.0',17,64),(4385,'0.0',17,65),(4386,'0.0',17,66),(4387,'0.0',17,67),(4388,'0.0',17,68),(4389,'0.0',17,69),(4390,'0.0',17,70),(4391,'0.0',17,71),(4392,'0.0',17,72),(4393,'0.0',17,73),(4394,'0.0',17,74),(4395,'0.0',17,75),(4396,'0.0',17,76),(4397,'0.0',17,77),(4398,'0.0',17,78),(4399,'0.0',17,79),(4400,'0.0',17,80),(4401,'0.0',17,81),(4402,'0.0',17,82),(4403,'0.0',17,83),(4404,'0.0',17,84),(4405,'0.0',17,85),(4406,'0.0',17,86),(4407,'0.0',17,87),(4408,'0.0',17,88),(4409,'0.0',17,89),(4410,'0.0',17,90),(4411,'0.0',17,91),(4412,'0.0',17,92),(4413,'0.0',17,93),(4414,'0.0',17,94),(4415,'0.0',17,95),(4416,'0.0',17,96),(4417,'0.0',17,97),(4418,'0.0',17,98),(4419,'0.0',17,99),(4420,'0.0',17,100),(4421,'0.0',17,101),(4422,'0.0',17,102),(4423,'0.0',17,103),(4424,'0.504231322600858',17,104),(4425,'0.0',17,105),(4426,'0.0',17,106),(4427,'0.0',17,107),(4428,'0.0',17,108),(4429,'0.0',17,109),(4430,'0.0',17,110),(4431,'0.0',17,111),(4432,'0.0',17,112),(4433,'0.0',17,113),(4434,'0.0',17,114),(4435,'0.0',17,115),(4436,'0.0',17,116),(4437,'0.0',17,117),(4438,'0.0',17,118),(4439,'0.0',17,119),(4440,'0.3607062148332',17,120),(4441,'0.0',17,121),(4442,'0.0',17,122),(4443,'0.0',17,123),(4444,'0.0',17,124),(4445,'0.0',17,125),(4446,'0.0',17,126),(4447,'0.0',17,127),(4448,'0.0',17,128),(4449,'0.0',17,129),(4450,'0.0',17,130),(4451,'0.0',17,131),(4452,'0.0',17,132),(4453,'0.0',17,133),(4454,'0.0',17,134),(4455,'0.0',17,135),(4456,'0.0',17,136),(4457,'0.0',17,137),(4458,'0.0',17,138),(4459,'0.0',17,139),(4460,'0.0',17,140),(4461,'0.0',17,141),(4462,'0.0',17,142),(4463,'0.0',17,143),(4464,'0.0',17,144),(4465,'0.0',17,145),(4466,'0.265996254298512',17,146),(4467,'0.0',17,147),(4468,'0.0',17,148),(4469,'0.0',17,149),(4470,'0.0',17,150),(4471,'0.0',17,151),(4472,'0.331913912290999',17,152),(4473,'0.0',17,153),(4474,'0.0',17,154),(4475,'0.0',17,155),(4476,'0.0',17,156),(4477,'0.0',17,157),(4478,'0.0',17,158),(4479,'0.0',17,159),(4480,'0.0',17,160),(4481,'0.0',17,161),(4482,'0.0',17,162),(4483,'0.0',17,163),(4484,'0.0',17,164),(4485,'0.0',17,165),(4486,'0.0',17,166),(4487,'0.0',17,167),(4488,'0.0',17,168),(4489,'0.0',17,169),(4490,'0.0',17,170),(4491,'0.0',17,171),(4492,'0.0',17,172),(4493,'0.0',17,173),(4494,'0.0',17,174),(4495,'0.0',17,175),(4496,'0.0',17,176),(4497,'0.0',17,177),(4498,'0.0',17,178),(4499,'0.504231322600858',17,179),(4500,'0.0',17,180),(4501,'0.0',17,181),(4502,'0.0',17,182),(4503,'0.0',17,183),(4504,'0.0',17,184),(4505,'0.0',17,185),(4506,'0.0',17,186),(4507,'0.0',17,187),(4508,'0.0',17,188),(4509,'0.0',17,189),(4510,'0.0',17,190),(4511,'0.0',17,191),(4512,'0.0',17,192),(4513,'0.0',17,193),(4514,'0.0',17,194),(4515,'0.0',17,195),(4516,'0.0',17,196),(4517,'0.0',17,197),(4518,'0.0',17,198),(4519,'0.0',17,199),(4520,'0.0',17,200),(4521,'0.0',17,201),(4522,'0.0',17,202),(4523,'0.0',17,203),(4524,'0.0',17,204),(4525,'0.0',17,205),(4526,'0.0',17,206),(4527,'0.0',17,207),(4528,'0.0',17,208),(4529,'0.0',17,209),(4530,'0.0',17,210),(4531,'0.0',17,211),(4532,'0.0',17,212),(4533,'0.0',17,213),(4534,'0.0',17,214),(4535,'0.0',17,215),(4536,'0.424819633166743',17,216),(4537,'0.0',17,217),(4538,'0.0',17,218),(4539,'0.0',17,219),(4540,'0.0',17,220),(4541,'0.0',17,221),(4542,'0.0',17,222),(4543,'0.0',17,223),(4544,'0.0',17,224),(4545,'0.0',17,225),(4546,'0.0',17,226),(4547,'0.0',17,227),(4548,'0.0',17,228),(4549,'0.0',17,229),(4550,'0.0',17,230),(4551,'0.0',17,231),(4552,'0.0',17,232),(4553,'0.0',17,233),(4554,'0.0',17,234),(4555,'0.0',17,235),(4556,'0.0',17,236),(4557,'0.0',17,237),(4558,'0.0',17,238),(4559,'0.0',17,239),(4560,'0.0',17,240),(4561,'0.0',17,241),(4562,'0.0',17,242),(4563,'0.0',17,243),(4564,'0.0',17,244),(4565,'0.0',17,245),(4566,'0.0',17,246),(4567,'0.0',17,247),(4568,'0.0',17,248),(4569,'0.0',17,249),(4570,'0.0',17,250),(4571,'0.0',17,251),(4572,'0.0',17,252),(4573,'0.0',17,253),(4574,'0.0',17,254),(4575,'0.0',17,255),(4576,'0.0',17,256),(4577,'0.0',17,257),(4578,'0.0',17,258),(4579,'0.0',17,259),(4580,'0.0',17,260),(4581,'0.0',17,261),(4582,'0.0',17,262),(4583,'0.0',17,263),(4584,'0.0',17,264),(4585,'0.0',17,265),(4586,'0.0',17,266),(4587,'0.0',17,267),(4588,'0.0',17,268),(4589,'0.0',17,269),(4590,'0.0',17,270),(4591,'0.0',18,1),(4592,'0.0',18,2),(4593,'0.0',18,3),(4594,'0.0',18,4),(4595,'0.0',18,5),(4596,'0.0',18,6),(4597,'0.0',18,7),(4598,'0.0',18,8),(4599,'0.0',18,9),(4600,'0.0',18,10),(4601,'0.0',18,11),(4602,'0.0',18,12),(4603,'0.0',18,13),(4604,'0.0',18,14),(4605,'0.0',18,15),(4606,'0.0',18,16),(4607,'0.0',18,17),(4608,'0.0',18,18),(4609,'0.17667501884666',18,19),(4610,'0.0',18,20),(4611,'0.0',18,21),(4612,'0.0',18,22),(4613,'0.0',18,23),(4614,'0.0',18,24),(4615,'0.0',18,25),(4616,'0.0',18,26),(4617,'0.0',18,27),(4618,'0.0',18,28),(4619,'0.0',18,29),(4620,'0.0',18,30),(4621,'0.0',18,31),(4622,'0.0',18,32),(4623,'0.0',18,33),(4624,'0.0',18,34),(4625,'0.0',18,35),(4626,'0.0',18,36),(4627,'0.0',18,37),(4628,'0.0',18,38),(4629,'0.0',18,39),(4630,'0.0',18,40),(4631,'0.286382784845397',18,41),(4632,'0.0',18,42),(4633,'0.0',18,43),(4634,'0.0',18,44),(4635,'0.0',18,45),(4636,'0.0',18,46),(4637,'0.0',18,47),(4638,'0.0',18,48),(4639,'0.0',18,49),(4640,'0.0',18,50),(4641,'0.0',18,51),(4642,'0.0',18,52),(4643,'0.0',18,53),(4644,'0.0',18,54),(4645,'0.0',18,55),(4646,'0.0',18,56),(4647,'0.0',18,57),(4648,'0.0',18,58),(4649,'0.0',18,59),(4650,'0.0',18,60),(4651,'0.0',18,61),(4652,'0.0',18,62),(4653,'0.0',18,63),(4654,'0.0',18,64),(4655,'0.0',18,65),(4656,'0.0',18,66),(4657,'0.0',18,67),(4658,'0.0',18,68),(4659,'0.0',18,69),(4660,'0.0',18,70),(4661,'0.0',18,71),(4662,'0.0',18,72),(4663,'0.0',18,73),(4664,'0.0',18,74),(4665,'0.0',18,75),(4666,'0.0',18,76),(4667,'0.0',18,77),(4668,'0.0',18,78),(4669,'0.0',18,79),(4670,'0.0',18,80),(4671,'0.258732157201582',18,81),(4672,'0.207860730719427',18,82),(4673,'0.0',18,83),(4674,'0.0',18,84),(4675,'0.0',18,85),(4676,'0.0',18,86),(4677,'0.0',18,87),(4678,'0.0',18,88),(4679,'0.0',18,89),(4680,'0.0',18,90),(4681,'0.0',18,91),(4682,'0.0',18,92),(4683,'0.0',18,93),(4684,'0.0',18,94),(4685,'0.0',18,95),(4686,'0.0',18,96),(4687,'0.0',18,97),(4688,'0.229421310744342',18,98),(4689,'0.0',18,99),(4690,'0.271399957349809',18,100),(4691,'0.0',18,101),(4692,'0.0',18,102),(4693,'0.0',18,103),(4694,'0.0',18,104),(4695,'0.0',18,105),(4696,'0.0',18,106),(4697,'0.0',18,107),(4698,'0.0',18,108),(4699,'0.0',18,109),(4700,'0.0',18,110),(4701,'0.0',18,111),(4702,'0.201770683100528',18,112),(4703,'0.0',18,113),(4704,'0.0',18,114),(4705,'0.0',18,115),(4706,'0.0',18,116),(4707,'0.0',18,117),(4708,'0.0',18,118),(4709,'0.0',18,119),(4710,'0.0',18,120),(4711,'0.0',18,121),(4712,'0.0',18,122),(4713,'0.0',18,123),(4714,'0.0',18,124),(4715,'0.0',18,125),(4716,'0.0',18,126),(4717,'0.0',18,127),(4718,'0.0',18,128),(4719,'0.0',18,129),(4720,'0.0',18,130),(4721,'0.0',18,131),(4722,'0.0',18,132),(4723,'0.0',18,133),(4724,'0.0',18,134),(4725,'0.271399957349809',18,135),(4726,'0.0',18,136),(4727,'0.0',18,137),(4728,'0.0',18,138),(4729,'0.0',18,139),(4730,'0.0',18,140),(4731,'0.0',18,141),(4732,'0.304720283684726',18,142),(4733,'0.0',18,143),(4734,'0.0',18,144),(4735,'0.0',18,145),(4736,'0.0',18,146),(4737,'0.0',18,147),(4738,'0.0',18,148),(4739,'0.0',18,149),(4740,'0.0',18,150),(4741,'0.0',18,151),(4742,'0.0',18,152),(4743,'0.0',18,153),(4744,'0.0',18,154),(4745,'0.0',18,155),(4746,'0.0',18,156),(4747,'0.0',18,157),(4748,'0.0',18,158),(4749,'0.0',18,159),(4750,'0.0',18,160),(4751,'0.0',18,161),(4752,'0.328361431450864',18,162),(4753,'0.0',18,163),(4754,'0.0',18,164),(4755,'0.0',18,165),(4756,'0.0',18,166),(4757,'0.0',18,167),(4758,'0.0',18,168),(4759,'0.0',18,169),(4760,'0.0',18,170),(4761,'0.0',18,171),(4762,'0.0',18,172),(4763,'0.0',18,173),(4764,'0.361681757785781',18,174),(4765,'0.0',18,175),(4766,'0.0',18,176),(4767,'0.0',18,177),(4768,'0.0',18,178),(4769,'0.0',18,179),(4770,'0.0',18,180),(4771,'0.0',18,181),(4772,'0.271399957349809',18,182),(4773,'0.0',18,183),(4774,'0.0',18,184),(4775,'0.0',18,185),(4776,'0.0',18,186),(4777,'0.0',18,187),(4778,'0.0',18,188),(4779,'0.0',18,189),(4780,'0.0',18,190),(4781,'0.0',18,191),(4782,'0.0',18,192),(4783,'0.0',18,193),(4784,'0.0',18,194),(4785,'0.0',18,195),(4786,'0.0',18,196),(4787,'0.0',18,197),(4788,'0.0',18,198),(4789,'0.0',18,199),(4790,'0.0',18,200),(4791,'0.0',18,201),(4792,'0.0',18,202),(4793,'0.0',18,203),(4794,'0.0',18,204),(4795,'0.0',18,205),(4796,'0.0',18,206),(4797,'0.0',18,207),(4798,'0.0',18,208),(4799,'0.0',18,209),(4800,'0.0',18,210),(4801,'0.0',18,211),(4802,'0.0',18,212),(4803,'0.0',18,213),(4804,'0.0',18,214),(4805,'0.0',18,215),(4806,'0.0',18,216),(4807,'0.0',18,217),(4808,'0.0',18,218),(4809,'0.0',18,219),(4810,'0.0',18,220),(4811,'0.0',18,221),(4812,'0.0',18,222),(4813,'0.0',18,223),(4814,'0.0',18,224),(4815,'0.0',18,225),(4816,'0.0',18,226),(4817,'0.0',18,227),(4818,'0.0',18,228),(4819,'0.0',18,229),(4820,'0.0',18,230),(4821,'0.0',18,231),(4822,'0.0',18,232),(4823,'0.0',18,233),(4824,'0.0',18,234),(4825,'0.0',18,235),(4826,'0.0',18,236),(4827,'0.0',18,237),(4828,'0.0',18,238),(4829,'0.0',18,239),(4830,'0.0',18,240),(4831,'0.0',18,241),(4832,'0.0',18,242),(4833,'0.0',18,243),(4834,'0.0',18,244),(4835,'0.0',18,245),(4836,'0.0',18,246),(4837,'0.0',18,247),(4838,'0.0',18,248),(4839,'0.0',18,249),(4840,'0.0',18,250),(4841,'0.0',18,251),(4842,'0.0',18,252),(4843,'0.0',18,253),(4844,'0.0',18,254),(4845,'0.0',18,255),(4846,'0.361681757785781',18,256),(4847,'0.0',18,257),(4848,'0.0',18,258),(4849,'0.0',18,259),(4850,'0.0',18,260),(4851,'0.0',18,261),(4852,'0.0',18,262),(4853,'0.0',18,263),(4854,'0.0',18,264),(4855,'0.0',18,265),(4856,'0.0',18,266),(4857,'0.0',18,267),(4858,'0.0',18,268),(4859,'0.0',18,269),(4860,'0.0',18,270),(4861,'0.0',19,1),(4862,'0.0',19,2),(4863,'0.0',19,3),(4864,'0.0',19,4),(4865,'0.0',19,5),(4866,'0.0',19,6),(4867,'0.0',19,7),(4868,'0.0',19,8),(4869,'0.0',19,9),(4870,'0.0',19,10),(4871,'0.0',19,11),(4872,'0.0',19,12),(4873,'0.0',19,13),(4874,'0.0',19,14),(4875,'0.0',19,15),(4876,'0.0',19,16),(4877,'0.0',19,17),(4878,'0.0',19,18),(4879,'0.0',19,19),(4880,'0.0',19,20),(4881,'0.0',19,21),(4882,'0.0',19,22),(4883,'0.0',19,23),(4884,'0.0',19,24),(4885,'0.0',19,25),(4886,'0.270509166339658',19,26),(4887,'0.0',19,27),(4888,'0.0',19,28),(4889,'0.0',19,29),(4890,'0.0',19,30),(4891,'0.0',19,31),(4892,'0.0',19,32),(4893,'0.0',19,33),(4894,'0.0',19,34),(4895,'0.0',19,35),(4896,'0.0',19,36),(4897,'0.0',19,37),(4898,'0.0',19,38),(4899,'0.0',19,39),(4900,'0.0',19,40),(4901,'0.0',19,41),(4902,'0.0',19,42),(4903,'0.0',19,43),(4904,'0.0',19,44),(4905,'0.0',19,45),(4906,'0.32107554376039',19,46),(4907,'0.0',19,47),(4908,'0.0',19,48),(4909,'0.0',19,49),(4910,'0.0',19,50),(4911,'0.0',19,51),(4912,'0.0',19,52),(4913,'0.0',19,53),(4914,'0.0',19,54),(4915,'0.0',19,55),(4916,'0.0',19,56),(4917,'0.32107554376039',19,57),(4918,'0.0',19,58),(4919,'0.0',19,59),(4920,'0.0',19,60),(4921,'0.0',19,61),(4922,'0.0',19,62),(4923,'0.32107554376039',19,63),(4924,'0.0',19,64),(4925,'0.0',19,65),(4926,'0.0',19,66),(4927,'0.0',19,67),(4928,'0.0',19,68),(4929,'0.0',19,69),(4930,'0.0',19,70),(4931,'0.0',19,71),(4932,'0.0',19,72),(4933,'0.0',19,73),(4934,'0.0',19,74),(4935,'0.0',19,75),(4936,'0.0',19,76),(4937,'0.0',19,77),(4938,'0.0',19,78),(4939,'0.0',19,79),(4940,'0.0',19,80),(4941,'0.0',19,81),(4942,'0.0',19,82),(4943,'0.0',19,83),(4944,'0.0',19,84),(4945,'0.0',19,85),(4946,'0.0',19,86),(4947,'0.0',19,87),(4948,'0.0',19,88),(4949,'0.0',19,89),(4950,'0.0',19,90),(4951,'0.0',19,91),(4952,'0.0',19,92),(4953,'0.0',19,93),(4954,'0.0',19,94),(4955,'0.0',19,95),(4956,'0.0',19,96),(4957,'0.32107554376039',19,97),(4958,'0.0',19,98),(4959,'0.0',19,99),(4960,'0.0',19,100),(4961,'0.0',19,101),(4962,'0.0',19,102),(4963,'0.0',19,103),(4964,'0.0',19,104),(4965,'0.0',19,105),(4966,'0.0',19,106),(4967,'0.0',19,107),(4968,'0.0',19,108),(4969,'0.0',19,109),(4970,'0.0',19,110),(4971,'0.0',19,111),(4972,'0.0',19,112),(4973,'0.0',19,113),(4974,'0.0',19,114),(4975,'0.0',19,115),(4976,'0.0',19,116),(4977,'0.0',19,117),(4978,'0.0',19,118),(4979,'0.0',19,119),(4980,'0.0',19,120),(4981,'0.0',19,121),(4982,'0.0',19,122),(4983,'0.0',19,123),(4984,'0.0',19,124),(4985,'0.0',19,125),(4986,'0.0',19,126),(4987,'0.0',19,127),(4988,'0.0',19,128),(4989,'0.0',19,129),(4990,'0.0',19,130),(4991,'0.0',19,131),(4992,'0.0',19,132),(4993,'0.0',19,133),(4994,'0.0',19,134),(4995,'0.0',19,135),(4996,'0.0',19,136),(4997,'0.0',19,137),(4998,'0.0',19,138),(4999,'0.0',19,139),(5000,'0.0',19,140),(5001,'0.0',19,141),(5002,'0.0',19,142),(5003,'0.0',19,143),(5004,'0.0',19,144),(5005,'0.0',19,145),(5006,'0.0',19,146),(5007,'0.0',19,147),(5008,'0.0',19,148),(5009,'0.0',19,149),(5010,'0.0',19,150),(5011,'0.0',19,151),(5012,'0.0',19,152),(5013,'0.0',19,153),(5014,'0.0',19,154),(5015,'0.0',19,155),(5016,'0.0',19,156),(5017,'0.0',19,157),(5018,'0.0',19,158),(5019,'0.0',19,159),(5020,'0.270509166339658',19,160),(5021,'0.0',19,161),(5022,'0.0',19,162),(5023,'0.0',19,163),(5024,'0.0',19,164),(5025,'0.0',19,165),(5026,'0.0',19,166),(5027,'0.0',19,167),(5028,'0.0',19,168),(5029,'0.291496109171948',19,169),(5030,'0.0',19,170),(5031,'0.0',19,171),(5032,'0.0',19,172),(5033,'0.0',19,173),(5034,'0.0',19,174),(5035,'0.0',19,175),(5036,'0.0',19,176),(5037,'0.0',19,177),(5038,'0.0',19,178),(5039,'0.0',19,179),(5040,'0.0',19,180),(5041,'0.240929731751216',19,181),(5042,'0.0',19,182),(5043,'0.0',19,183),(5044,'0.0',19,184),(5045,'0.0',19,185),(5046,'0.0',19,186),(5047,'0.0',19,187),(5048,'0.0',19,188),(5049,'0.0',19,189),(5050,'0.0',19,190),(5051,'0.0',19,191),(5052,'0.0',19,192),(5053,'0.0',19,193),(5054,'0.0',19,194),(5055,'0.0',19,195),(5056,'0.0',19,196),(5057,'0.0',19,197),(5058,'0.0',19,198),(5059,'0.0',19,199),(5060,'0.0',19,200),(5061,'0.291496109171948',19,201),(5062,'0.0',19,202),(5063,'0.0',19,203),(5064,'0.0',19,204),(5065,'0.0',19,205),(5066,'0.0',19,206),(5067,'0.0',19,207),(5068,'0.0',19,208),(5069,'0.0',19,209),(5070,'0.0',19,210),(5071,'0.0',19,211),(5072,'0.0',19,212),(5073,'0.0',19,213),(5074,'0.0',19,214),(5075,'0.0',19,215),(5076,'0.0',19,216),(5077,'0.0',19,217),(5078,'0.0',19,218),(5079,'0.184524089770932',19,219),(5080,'0.0',19,220),(5081,'0.0',19,221),(5082,'0.0',19,222),(5083,'0.240929731751216',19,223),(5084,'0.0',19,224),(5085,'0.0',19,225),(5086,'0.0',19,226),(5087,'0.0',19,227),(5088,'0.0',19,228),(5089,'0.0',19,229),(5090,'0.0',19,230),(5091,'0.0',19,231),(5092,'0.0',19,232),(5093,'0.0',19,233),(5094,'0.0',19,234),(5095,'0.0',19,235),(5096,'0.0',19,236),(5097,'0.0',19,237),(5098,'0.0',19,238),(5099,'0.0',19,239),(5100,'0.0',19,240),(5101,'0.0',19,241),(5102,'0.0',19,242),(5103,'0.0',19,243),(5104,'0.0',19,244),(5105,'0.0',19,245),(5106,'0.0',19,246),(5107,'0.0',19,247),(5108,'0.0',19,248),(5109,'0.0',19,249),(5110,'0.0',19,250),(5111,'0.291496109171948',19,251),(5112,'0.190363354330485',19,252),(5113,'0.0',19,253),(5114,'0.0',19,254),(5115,'0.0',19,255),(5116,'0.0',19,256),(5117,'0.0',19,257),(5118,'0.0',19,258),(5119,'0.0',19,259),(5120,'0.0',19,260),(5121,'0.0',19,261),(5122,'0.0',19,262),(5123,'0.0',19,263),(5124,'0.0',19,264),(5125,'0.0',19,265),(5126,'0.0',19,266),(5127,'0.0',19,267),(5128,'0.0',19,268),(5129,'0.0',19,269),(5130,'0.0',19,270),(5131,'0.0',20,1),(5132,'0.0',20,2),(5133,'0.0',20,3),(5134,'0.0',20,4),(5135,'0.0',20,5),(5136,'0.0',20,6),(5137,'0.0',20,7),(5138,'0.0',20,8),(5139,'0.0',20,9),(5140,'0.0',20,10),(5141,'0.0',20,11),(5142,'0.0',20,12),(5143,'0.0',20,13),(5144,'0.0',20,14),(5145,'0.0',20,15),(5146,'0.0',20,16),(5147,'0.0',20,17),(5148,'0.0',20,18),(5149,'0.0',20,19),(5150,'0.0',20,20),(5151,'0.0',20,21),(5152,'0.0',20,22),(5153,'0.0',20,23),(5154,'0.0',20,24),(5155,'0.0',20,25),(5156,'0.0',20,26),(5157,'0.0',20,27),(5158,'0.0',20,28),(5159,'0.0',20,29),(5160,'0.0',20,30),(5161,'0.0',20,31),(5162,'0.0',20,32),(5163,'0.0',20,33),(5164,'0.0',20,34),(5165,'0.0',20,35),(5166,'0.0',20,36),(5167,'0.0',20,37),(5168,'0.0',20,38),(5169,'0.548064293100259',20,39),(5170,'0.0',20,40),(5171,'0.0',20,41),(5172,'0.0',20,42),(5173,'0.0',20,43),(5174,'0.0',20,44),(5175,'0.0',20,45),(5176,'0.0',20,46),(5177,'0.0',20,47),(5178,'0.0',20,48),(5179,'0.0',20,49),(5180,'0.0',20,50),(5181,'0.0',20,51),(5182,'0.0',20,52),(5183,'0.0',20,53),(5184,'0.0',20,54),(5185,'0.0',20,55),(5186,'0.0',20,56),(5187,'0.0',20,57),(5188,'0.0',20,58),(5189,'0.0',20,59),(5190,'0.0',20,60),(5191,'0.0',20,61),(5192,'0.0',20,62),(5193,'0.0',20,63),(5194,'0.318457640821744',20,64),(5195,'0.0',20,65),(5196,'0.0',20,66),(5197,'0.0',20,67),(5198,'0.0',20,68),(5199,'0.0',20,69),(5200,'0.0',20,70),(5201,'0.0',20,71),(5202,'0.0',20,72),(5203,'0.0',20,73),(5204,'0.0',20,74),(5205,'0.0',20,75),(5206,'0.0',20,76),(5207,'0.0',20,77),(5208,'0.0',20,78),(5209,'0.0',20,79),(5210,'0.0',20,80),(5211,'0.0',20,81),(5212,'0.0',20,82),(5213,'0.0',20,83),(5214,'0.0',20,84),(5215,'0.0',20,85),(5216,'0.0',20,86),(5217,'0.0',20,87),(5218,'0.0',20,88),(5219,'0.0',20,89),(5220,'0.0',20,90),(5221,'0.0',20,91),(5222,'0.0',20,92),(5223,'0.0',20,93),(5224,'0.0',20,94),(5225,'0.0',20,95),(5226,'0.0',20,96),(5227,'0.0',20,97),(5228,'0.0',20,98),(5229,'0.0',20,99),(5230,'0.0',20,100),(5231,'0.0',20,101),(5232,'0.0',20,102),(5233,'0.0',20,103),(5234,'0.0',20,104),(5235,'0.0',20,105),(5236,'0.0',20,106),(5237,'0.0',20,107),(5238,'0.0',20,108),(5239,'0.0',20,109),(5240,'0.0',20,110),(5241,'0.0',20,111),(5242,'0.0',20,112),(5243,'0.0',20,113),(5244,'0.0',20,114),(5245,'0.0',20,115),(5246,'0.0',20,116),(5247,'0.0',20,117),(5248,'0.0',20,118),(5249,'0.0',20,119),(5250,'0.0',20,120),(5251,'0.0',20,121),(5252,'0.0',20,122),(5253,'0.0',20,123),(5254,'0.0',20,124),(5255,'0.0',20,125),(5256,'0.0',20,126),(5257,'0.0',20,127),(5258,'0.0',20,128),(5259,'0.0',20,129),(5260,'0.0',20,130),(5261,'0.0',20,131),(5262,'0.0',20,132),(5263,'0.0',20,133),(5264,'0.0',20,134),(5265,'0.0',20,135),(5266,'0.0',20,136),(5267,'0.0',20,137),(5268,'0.0',20,138),(5269,'0.0',20,139),(5270,'0.0',20,140),(5271,'0.0',20,141),(5272,'0.0',20,142),(5273,'0.0',20,143),(5274,'0.0',20,144),(5275,'0.0',20,145),(5276,'0.0',20,146),(5277,'0.0',20,147),(5278,'0.0',20,148),(5279,'0.0',20,149),(5280,'0.0',20,150),(5281,'0.0',20,151),(5282,'0.0',20,152),(5283,'0.0',20,153),(5284,'0.0',20,154),(5285,'0.0',20,155),(5286,'0.0',20,156),(5287,'0.0',20,157),(5288,'0.0',20,158),(5289,'0.0',20,159),(5290,'0.0',20,160),(5291,'0.0',20,161),(5292,'0.0',20,162),(5293,'0.0',20,163),(5294,'0.0',20,164),(5295,'0.0',20,165),(5296,'0.0',20,166),(5297,'0.0',20,167),(5298,'0.0',20,168),(5299,'0.0',20,169),(5300,'0.0',20,170),(5301,'0.0',20,171),(5302,'0.0',20,172),(5303,'0.0',20,173),(5304,'0.0',20,174),(5305,'0.0',20,175),(5306,'0.0',20,176),(5307,'0.0',20,177),(5308,'0.0',20,178),(5309,'0.0',20,179),(5310,'0.0',20,180),(5311,'0.0',20,181),(5312,'0.0',20,182),(5313,'0.0',20,183),(5314,'0.0',20,184),(5315,'0.0',20,185),(5316,'0.0',20,186),(5317,'0.0',20,187),(5318,'0.0',20,188),(5319,'0.0',20,189),(5320,'0.0',20,190),(5321,'0.0',20,191),(5322,'0.0',20,192),(5323,'0.0',20,193),(5324,'0.0',20,194),(5325,'0.0',20,195),(5326,'0.0',20,196),(5327,'0.0',20,197),(5328,'0.0',20,198),(5329,'0.0',20,199),(5330,'0.0',20,200),(5331,'0.0',20,201),(5332,'0.0',20,202),(5333,'0.0',20,203),(5334,'0.0',20,204),(5335,'0.0',20,205),(5336,'0.0',20,206),(5337,'0.0',20,207),(5338,'0.0',20,208),(5339,'0.0',20,209),(5340,'0.0',20,210),(5341,'0.0',20,211),(5342,'0.336773129271714',20,212),(5343,'0.0',20,213),(5344,'0.0',20,214),(5345,'0.0',20,215),(5346,'0.0',20,216),(5347,'0.0',20,217),(5348,'0.0',20,218),(5349,'0.346937957791468',20,219),(5350,'0.0',20,220),(5351,'0.0',20,221),(5352,'0.0',20,222),(5353,'0.0',20,223),(5354,'0.0',20,224),(5355,'0.0',20,225),(5356,'0.0',20,226),(5357,'0.0',20,227),(5358,'0.0',20,228),(5359,'0.0',20,229),(5360,'0.0',20,230),(5361,'0.0',20,231),(5362,'0.0',20,232),(5363,'0.0',20,233),(5364,'0.0',20,234),(5365,'0.0',20,235),(5366,'0.0',20,236),(5367,'0.0',20,237),(5368,'0.0',20,238),(5369,'0.0',20,239),(5370,'0.603678867010254',20,240),(5371,'0.0',20,241),(5372,'0.0',20,242),(5373,'0.0',20,243),(5374,'0.0',20,244),(5375,'0.0',20,245),(5376,'0.0',20,246),(5377,'0.0',20,247),(5378,'0.0',20,248),(5379,'0.0',20,249),(5380,'0.0',20,250),(5381,'0.0',20,251),(5382,'0.0',20,252),(5383,'0.0',20,253),(5384,'0.0',20,254),(5385,'0.0',20,255),(5386,'0.0',20,256),(5387,'0.0',20,257),(5388,'0.0',20,258),(5389,'0.0',20,259),(5390,'0.0',20,260),(5391,'0.0',20,261),(5392,'0.0',20,262),(5393,'0.0',20,263),(5394,'0.0',20,264),(5395,'0.0',20,265),(5396,'0.0',20,266),(5397,'0.0',20,267),(5398,'0.0',20,268),(5399,'0.0',20,269),(5400,'0.0',20,270),(5401,'0.0',21,1),(5402,'0.327564011392482',21,2),(5403,'0.0',21,3),(5404,'0.0',21,4),(5405,'0.0',21,5),(5406,'0.0',21,6),(5407,'0.0',21,7),(5408,'0.0',21,8),(5409,'0.0',21,9),(5410,'0.0',21,10),(5411,'0.0',21,11),(5412,'0.0',21,12),(5413,'0.0',21,13),(5414,'0.0',21,14),(5415,'0.0',21,15),(5416,'0.0',21,16),(5417,'0.0',21,17),(5418,'0.0',21,18),(5419,'0.0',21,19),(5420,'0.0',21,20),(5421,'0.0',21,21),(5422,'0.0',21,22),(5423,'0.0',21,23),(5424,'0.0',21,24),(5425,'0.0',21,25),(5426,'0.0',21,26),(5427,'0.0',21,27),(5428,'0.0',21,28),(5429,'0.0',21,29),(5430,'0.0',21,30),(5431,'0.0',21,31),(5432,'0.0',21,32),(5433,'0.0',21,33),(5434,'0.0',21,34),(5435,'0.0',21,35),(5436,'0.0',21,36),(5437,'0.0',21,37),(5438,'0.0',21,38),(5439,'0.0',21,39),(5440,'0.0',21,40),(5441,'0.0',21,41),(5442,'0.0',21,42),(5443,'0.0',21,43),(5444,'0.0',21,44),(5445,'0.0',21,45),(5446,'0.0',21,46),(5447,'0.0',21,47),(5448,'0.0',21,48),(5449,'0.0',21,49),(5450,'0.0',21,50),(5451,'0.0',21,51),(5452,'0.0',21,52),(5453,'0.0',21,53),(5454,'0.0',21,54),(5455,'0.0',21,55),(5456,'0.0',21,56),(5457,'0.0',21,57),(5458,'0.0',21,58),(5459,'0.0',21,59),(5460,'0.0',21,60),(5461,'0.0',21,61),(5462,'0.0',21,62),(5463,'0.0',21,63),(5464,'0.0',21,64),(5465,'0.0',21,65),(5466,'0.0',21,66),(5467,'0.0',21,67),(5468,'0.0',21,68),(5469,'0.0',21,69),(5470,'0.0',21,70),(5471,'0.0',21,71),(5472,'0.0',21,72),(5473,'0.0',21,73),(5474,'0.0',21,74),(5475,'0.0',21,75),(5476,'0.0',21,76),(5477,'0.0',21,77),(5478,'0.0',21,78),(5479,'0.0',21,79),(5480,'0.0',21,80),(5481,'0.0',21,81),(5482,'0.0',21,82),(5483,'0.0',21,83),(5484,'0.0',21,84),(5485,'0.0',21,85),(5486,'0.270740867246327',21,86),(5487,'0.0',21,87),(5488,'0.0',21,88),(5489,'0.360803419891056',21,89),(5490,'0.0',21,90),(5491,'0.0',21,91),(5492,'0.0',21,92),(5493,'0.0',21,93),(5494,'0.0',21,94),(5495,'0.0',21,95),(5496,'0.0',21,96),(5497,'0.0',21,97),(5498,'0.0',21,98),(5499,'0.0',21,99),(5500,'0.0',21,100),(5501,'0.0',21,101),(5502,'0.0',21,102),(5503,'0.237501458747752',21,103),(5504,'0.0',21,104),(5505,'0.0',21,105),(5506,'0.0',21,106),(5507,'0.0',21,107),(5508,'0.327564011392482',21,108),(5509,'0.0',21,109),(5510,'0.0',21,110),(5511,'0.0',21,111),(5512,'0.201280686485557',21,112),(5513,'0.0',21,113),(5514,'0.0',21,114),(5515,'0.0',21,115),(5516,'0.0',21,116),(5517,'0.0',21,117),(5518,'0.0',21,118),(5519,'0.0',21,119),(5520,'0.0',21,120),(5521,'0.0',21,121),(5522,'0.0',21,122),(5523,'0.0',21,123),(5524,'0.0',21,124),(5525,'0.0',21,125),(5526,'0.0',21,126),(5527,'0.0',21,127),(5528,'0.0',21,128),(5529,'0.0',21,129),(5530,'0.360803419891056',21,130),(5531,'0.0',21,131),(5532,'0.258103830631713',21,132),(5533,'0.0',21,133),(5534,'0.0',21,134),(5535,'0.270740867246327',21,135),(5536,'0.0',21,136),(5537,'0.0',21,137),(5538,'0.0',21,138),(5539,'0.0',21,139),(5540,'0.0',21,140),(5541,'0.0',21,141),(5542,'0.0',21,142),(5543,'0.0',21,143),(5544,'0.0',21,144),(5545,'0.0',21,145),(5546,'0.190333987452589',21,146),(5547,'0.0',21,147),(5548,'0.0',21,148),(5549,'0.0',21,149),(5550,'0.0',21,150),(5551,'0.0',21,151),(5552,'0.0',21,152),(5553,'0.0',21,153),(5554,'0.0',21,154),(5555,'0.0',21,155),(5556,'0.0',21,156),(5557,'0.0',21,157),(5558,'0.0',21,158),(5559,'0.0',21,159),(5560,'0.0',21,160),(5561,'0.0',21,161),(5562,'0.0',21,162),(5563,'0.0',21,163),(5564,'0.0',21,164),(5565,'0.0',21,165),(5566,'0.0',21,166),(5567,'0.0',21,167),(5568,'0.0',21,168),(5569,'0.0',21,169),(5570,'0.0',21,170),(5571,'0.0',21,171),(5572,'0.0',21,172),(5573,'0.0',21,173),(5574,'0.0',21,174),(5575,'0.0',21,175),(5576,'0.0',21,176),(5577,'0.0',21,177),(5578,'0.0',21,178),(5579,'0.0',21,179),(5580,'0.0',21,180),(5581,'0.0',21,181),(5582,'0.0',21,182),(5583,'0.0',21,183),(5584,'0.0',21,184),(5585,'0.0',21,185),(5586,'0.0',21,186),(5587,'0.0',21,187),(5588,'0.0',21,188),(5589,'0.0',21,189),(5590,'0.303980275744901',21,190),(5591,'0.0',21,191),(5592,'0.0',21,192),(5593,'0.0',21,193),(5594,'0.0',21,194),(5595,'0.0',21,195),(5596,'0.0',21,196),(5597,'0.0',21,197),(5598,'0.0',21,198),(5599,'0.0',21,199),(5600,'0.0',21,200),(5601,'0.0',21,201),(5602,'0.0',21,202),(5603,'0.0',21,203),(5604,'0.0',21,204),(5605,'0.0',21,205),(5606,'0.0',21,206),(5607,'0.0',21,207),(5608,'0.0',21,208),(5609,'0.0',21,209),(5610,'0.0',21,210),(5611,'0.0',21,211),(5612,'0.201280686485557',21,212),(5613,'0.0',21,213),(5614,'0.0',21,214),(5615,'0.0',21,215),(5616,'0.0',21,216),(5617,'0.0',21,217),(5618,'0.0',21,218),(5619,'0.0',21,219),(5620,'0.0',21,220),(5621,'0.0',21,221),(5622,'0.0',21,222),(5623,'0.0',21,223),(5624,'0.0',21,224),(5625,'0.0',21,225),(5626,'0.0',21,226),(5627,'0.0',21,227),(5628,'0.0',21,228),(5629,'0.0',21,229),(5630,'0.0',21,230),(5631,'0.0',21,231),(5632,'0.0',21,232),(5633,'0.0',21,233),(5634,'0.0',21,234),(5635,'0.0',21,235),(5636,'0.0',21,236),(5637,'0.0',21,237),(5638,'0.0',21,238),(5639,'0.0',21,239),(5640,'0.0',21,240),(5641,'0.0',21,241),(5642,'0.0',21,242),(5643,'0.0',21,243),(5644,'0.0',21,244),(5645,'0.0',21,245),(5646,'0.0',21,246),(5647,'0.0',21,247),(5648,'0.0',21,248),(5649,'0.0',21,249),(5650,'0.0',21,250),(5651,'0.0',21,251),(5652,'0.213917723100171',21,252),(5653,'0.0',21,253),(5654,'0.0',21,254),(5655,'0.0',21,255),(5656,'0.0',21,256),(5657,'0.0',21,257),(5658,'0.0',21,258),(5659,'0.0',21,259),(5660,'0.0',21,260),(5661,'0.0',21,261),(5662,'0.0',21,262),(5663,'0.0',21,263),(5664,'0.0',21,264),(5665,'0.0',21,265),(5666,'0.0',21,266),(5667,'0.0',21,267),(5668,'0.0',21,268),(5669,'0.0',21,269),(5670,'0.0',21,270),(5671,'0.0',22,1),(5672,'0.0',22,2),(5673,'0.0',22,3),(5674,'0.0',22,4),(5675,'0.0',22,5),(5676,'0.0',22,6),(5677,'0.0',22,7),(5678,'0.0',22,8),(5679,'0.0',22,9),(5680,'0.0',22,10),(5681,'0.0',22,11),(5682,'0.0',22,12),(5683,'0.0',22,13),(5684,'0.0',22,14),(5685,'0.0',22,15),(5686,'0.0',22,16),(5687,'0.0',22,17),(5688,'0.0',22,18),(5689,'0.0',22,19),(5690,'0.0',22,20),(5691,'0.0',22,21),(5692,'0.0',22,22),(5693,'0.0',22,23),(5694,'0.0',22,24),(5695,'0.0',22,25),(5696,'0.0',22,26),(5697,'0.0',22,27),(5698,'0.312491988966677',22,28),(5699,'0.0',22,29),(5700,'0.0',22,30),(5701,'0.0',22,31),(5702,'0.0',22,32),(5703,'0.0',22,33),(5704,'0.0',22,34),(5705,'0.0',22,35),(5706,'0.0',22,36),(5707,'0.0',22,37),(5708,'0.0',22,38),(5709,'0.0',22,39),(5710,'0.0',22,40),(5711,'0.0',22,41),(5712,'0.0',22,42),(5713,'0.0',22,43),(5714,'0.0',22,44),(5715,'0.0',22,45),(5716,'0.0',22,46),(5717,'0.0',22,47),(5718,'0.0',22,48),(5719,'0.0',22,49),(5720,'0.0',22,50),(5721,'0.0',22,51),(5722,'0.0',22,52),(5723,'0.0',22,53),(5724,'0.0',22,54),(5725,'0.0',22,55),(5726,'0.0',22,56),(5727,'0.0',22,57),(5728,'0.0',22,58),(5729,'0.0',22,59),(5730,'0.0',22,60),(5731,'0.0',22,61),(5732,'0.0',22,62),(5733,'0.0',22,63),(5734,'0.0',22,64),(5735,'0.0',22,65),(5736,'0.0',22,66),(5737,'0.0',22,67),(5738,'0.0',22,68),(5739,'0.0',22,69),(5740,'0.0',22,70),(5741,'0.0',22,71),(5742,'0.0',22,72),(5743,'0.0',22,73),(5744,'0.0',22,74),(5745,'0.0',22,75),(5746,'0.344201970871098',22,76),(5747,'0.0',22,77),(5748,'0.0',22,78),(5749,'0.0',22,79),(5750,'0.0',22,80),(5751,'0.0',22,81),(5752,'0.0',22,82),(5753,'0.0',22,83),(5754,'0.0',22,84),(5755,'0.258283416852518',22,85),(5756,'0.0',22,86),(5757,'0.0',22,87),(5758,'0.0',22,88),(5759,'0.0',22,89),(5760,'0.0',22,90),(5761,'0.0',22,91),(5762,'0.0',22,92),(5763,'0.0',22,93),(5764,'0.0',22,94),(5765,'0.0',22,95),(5766,'0.0',22,96),(5767,'0.0',22,97),(5768,'0.0',22,98),(5769,'0.0',22,99),(5770,'0.0',22,100),(5771,'0.0',22,101),(5772,'0.0',22,102),(5773,'0.226573434948097',22,103),(5774,'0.0',22,104),(5775,'0.0',22,105),(5776,'0.0',22,106),(5777,'0.0',22,107),(5778,'0.0',22,108),(5779,'0.0',22,109),(5780,'0.0',22,110),(5781,'0.344201970871098',22,111),(5782,'0.0',22,112),(5783,'0.0',22,113),(5784,'0.0',22,114),(5785,'0.0',22,115),(5786,'0.0',22,116),(5787,'0.0',22,117),(5788,'0.0',22,118),(5789,'0.0',22,119),(5790,'0.0',22,120),(5791,'0.0',22,121),(5792,'0.0',22,122),(5793,'0.0',22,123),(5794,'0.0',22,124),(5795,'0.0',22,125),(5796,'0.0',22,126),(5797,'0.0',22,127),(5798,'0.0',22,128),(5799,'0.0',22,129),(5800,'0.0',22,130),(5801,'0.0',22,131),(5802,'0.0',22,132),(5803,'0.0',22,133),(5804,'0.0',22,134),(5805,'0.0',22,135),(5806,'0.0',22,136),(5807,'0.0',22,137),(5808,'0.0',22,138),(5809,'0.0',22,139),(5810,'0.0',22,140),(5811,'0.344201970871098',22,141),(5812,'0.0',22,142),(5813,'0.0',22,143),(5814,'0.0',22,144),(5815,'0.0',22,145),(5816,'0.0',22,146),(5817,'0.0',22,147),(5818,'0.0',22,148),(5819,'0.0',22,149),(5820,'0.0',22,150),(5821,'0.0',22,151),(5822,'0.0',22,152),(5823,'0.0',22,153),(5824,'0.0',22,154),(5825,'0.0',22,155),(5826,'0.0',22,156),(5827,'0.0',22,157),(5828,'0.0',22,158),(5829,'0.0',22,159),(5830,'0.0',22,160),(5831,'0.0',22,161),(5832,'0.0',22,162),(5833,'0.0',22,163),(5834,'0.0',22,164),(5835,'0.0',22,165),(5836,'0.0',22,166),(5837,'0.0',22,167),(5838,'0.0',22,168),(5839,'0.0',22,169),(5840,'0.0',22,170),(5841,'0.0',22,171),(5842,'0.0',22,172),(5843,'0.0',22,173),(5844,'0.0',22,174),(5845,'0.0',22,175),(5846,'0.0',22,176),(5847,'0.0',22,177),(5848,'0.0',22,178),(5849,'0.0',22,179),(5850,'0.0',22,180),(5851,'0.0',22,181),(5852,'0.0',22,182),(5853,'0.0',22,183),(5854,'0.0',22,184),(5855,'0.0',22,185),(5856,'0.0',22,186),(5857,'0.0',22,187),(5858,'0.0',22,188),(5859,'0.0',22,189),(5860,'0.0',22,190),(5861,'0.0',22,191),(5862,'0.0',22,192),(5863,'0.0',22,193),(5864,'0.0',22,194),(5865,'0.0',22,195),(5866,'0.0',22,196),(5867,'0.0',22,197),(5868,'0.0',22,198),(5869,'0.0',22,199),(5870,'0.0',22,200),(5871,'0.0',22,201),(5872,'0.0',22,202),(5873,'0.0',22,203),(5874,'0.0',22,204),(5875,'0.0',22,205),(5876,'0.0',22,206),(5877,'0.0',22,207),(5878,'0.0',22,208),(5879,'0.0',22,209),(5880,'0.0',22,210),(5881,'0.0',22,211),(5882,'0.192019269128701',22,212),(5883,'0.0',22,213),(5884,'0.0',22,214),(5885,'0.0',22,215),(5886,'0.0',22,216),(5887,'0.272542136409664',22,217),(5888,'0.0',22,218),(5889,'0.197814989670309',22,219),(5890,'0.0',22,220),(5891,'0.0',22,221),(5892,'0.0',22,222),(5893,'0.0',22,223),(5894,'0.0',22,224),(5895,'0.0',22,225),(5896,'0.0',22,226),(5897,'0.0',22,227),(5898,'0.344201970871098',22,228),(5899,'0.0',22,229),(5900,'0.0',22,230),(5901,'0.0',22,231),(5902,'0.0',22,232),(5903,'0.0',22,233),(5904,'0.0',22,234),(5905,'0.0',22,235),(5906,'0.0',22,236),(5907,'0.0',22,237),(5908,'0.0',22,238),(5909,'0.0',22,239),(5910,'0.0',22,240),(5911,'0.0',22,241),(5912,'0.0',22,242),(5913,'0.0',22,243),(5914,'0.0',22,244),(5915,'0.0',22,245),(5916,'0.0',22,246),(5917,'0.0',22,247),(5918,'0.0',22,248),(5919,'0.0',22,249),(5920,'0.0',22,250),(5921,'0.0',22,251),(5922,'0.0',22,252),(5923,'0.0',22,253),(5924,'0.20407484473836',22,254),(5925,'0.0',22,255),(5926,'0.0',22,256),(5927,'0.0',22,257),(5928,'0.0',22,258),(5929,'0.0',22,259),(5930,'0.0',22,260),(5931,'0.0',22,261),(5932,'0.0',22,262),(5933,'0.0',22,263),(5934,'0.0',22,264),(5935,'0.0',22,265),(5936,'0.344201970871098',22,266),(5937,'0.0',22,267),(5938,'0.0',22,268),(5939,'0.0',22,269),(5940,'0.0',22,270),(5941,'0.0',23,1),(5942,'0.0',23,2),(5943,'0.0',23,3),(5944,'0.0',23,4),(5945,'0.0',23,5),(5946,'0.0',23,6),(5947,'0.0',23,7),(5948,'0.0',23,8),(5949,'0.0',23,9),(5950,'0.0',23,10),(5951,'0.0',23,11),(5952,'0.0',23,12),(5953,'0.0',23,13),(5954,'0.0',23,14),(5955,'0.0',23,15),(5956,'0.0',23,16),(5957,'0.0',23,17),(5958,'0.0',23,18),(5959,'0.0',23,19),(5960,'0.0',23,20),(5961,'0.0',23,21),(5962,'0.0',23,22),(5963,'0.0',23,23),(5964,'0.0',23,24),(5965,'0.0',23,25),(5966,'0.0',23,26),(5967,'0.0',23,27),(5968,'0.0',23,28),(5969,'0.324002033395619',23,29),(5970,'0.0',23,30),(5971,'0.0',23,31),(5972,'0.0',23,32),(5973,'0.0',23,33),(5974,'0.0',23,34),(5975,'0.0',23,35),(5976,'0.0',23,36),(5977,'0.0',23,37),(5978,'0.0',23,38),(5979,'0.0',23,39),(5980,'0.0',23,40),(5981,'0.0',23,41),(5982,'0.0',23,42),(5983,'0.0',23,43),(5984,'0.0',23,44),(5985,'0.0',23,45),(5986,'0.0',23,46),(5987,'0.0',23,47),(5988,'0.0',23,48),(5989,'0.0',23,49),(5990,'0.0',23,50),(5991,'0.0',23,51),(5992,'0.0',23,52),(5993,'0.0',23,53),(5994,'0.0',23,54),(5995,'0.0',23,55),(5996,'0.0',23,56),(5997,'0.0',23,57),(5998,'0.0',23,58),(5999,'0.0',23,59),(6000,'0.0',23,60),(6001,'0.0',23,61),(6002,'0.0',23,62),(6003,'0.0',23,63),(6004,'0.0',23,64),(6005,'0.0',23,65),(6006,'0.0',23,66),(6007,'0.0',23,67),(6008,'0.0',23,68),(6009,'0.0',23,69),(6010,'0.0',23,70),(6011,'0.0',23,71),(6012,'0.0',23,72),(6013,'0.324002033395619',23,73),(6014,'0.0',23,74),(6015,'0.0',23,75),(6016,'0.0',23,76),(6017,'0.0',23,77),(6018,'0.0',23,78),(6019,'0.0',23,79),(6020,'0.0',23,80),(6021,'0.0',23,81),(6022,'0.186205961363643',23,82),(6023,'0.0',23,83),(6024,'0.0',23,84),(6025,'0.0',23,85),(6026,'0.243125720752841',23,86),(6027,'0.0',23,87),(6028,'0.0',23,88),(6029,'0.0',23,89),(6030,'0.324002033395619',23,90),(6031,'0.0',23,91),(6032,'0.0',23,92),(6033,'0.0',23,93),(6034,'0.0',23,94),(6035,'0.0',23,95),(6036,'0.0',23,96),(6037,'0.0',23,97),(6038,'0.205520376920645',23,98),(6039,'0.0',23,99),(6040,'0.0',23,100),(6041,'0.0',23,101),(6042,'0.0',23,102),(6043,'0.0',23,103),(6044,'0.0',23,104),(6045,'0.324002033395619',23,105),(6046,'0.0',23,106),(6047,'0.0',23,107),(6048,'0.0',23,108),(6049,'0.0',23,109),(6050,'0.0',23,110),(6051,'0.0',23,111),(6052,'0.0',23,112),(6053,'0.0',23,113),(6054,'0.0',23,114),(6055,'0.0',23,115),(6056,'0.0',23,116),(6057,'0.0',23,117),(6058,'0.0',23,118),(6059,'0.0',23,119),(6060,'0.0',23,120),(6061,'0.0',23,121),(6062,'0.0',23,122),(6063,'0.0',23,123),(6064,'0.0',23,124),(6065,'0.0',23,125),(6066,'0.0',23,126),(6067,'0.0',23,127),(6068,'0.0',23,128),(6069,'0.0',23,129),(6070,'0.0',23,130),(6071,'0.0',23,131),(6072,'0.0',23,132),(6073,'0.0',23,133),(6074,'0.0',23,134),(6075,'0.0',23,135),(6076,'0.0',23,136),(6077,'0.0',23,137),(6078,'0.0',23,138),(6079,'0.0',23,139),(6080,'0.0',23,140),(6081,'0.0',23,141),(6082,'0.0',23,142),(6083,'0.0',23,143),(6084,'0.0',23,144),(6085,'0.0',23,145),(6086,'0.0',23,146),(6087,'0.0',23,147),(6088,'0.0',23,148),(6089,'0.0',23,149),(6090,'0.0',23,150),(6091,'0.0',23,151),(6092,'0.0',23,152),(6093,'0.0',23,153),(6094,'0.0',23,154),(6095,'0.0',23,155),(6096,'0.0',23,156),(6097,'0.0',23,157),(6098,'0.0',23,158),(6099,'0.0',23,159),(6100,'0.0',23,160),(6101,'0.0',23,161),(6102,'0.0',23,162),(6103,'0.0',23,163),(6104,'0.0',23,164),(6105,'0.0',23,165),(6106,'0.0',23,166),(6107,'0.0',23,167),(6108,'0.0',23,168),(6109,'0.0',23,169),(6110,'0.0',23,170),(6111,'0.0',23,171),(6112,'0.0',23,172),(6113,'0.0',23,173),(6114,'0.0',23,174),(6115,'0.324002033395619',23,175),(6116,'0.0',23,176),(6117,'0.0',23,177),(6118,'0.0',23,178),(6119,'0.0',23,179),(6120,'0.0',23,180),(6121,'0.0',23,181),(6122,'0.0',23,182),(6123,'0.0',23,183),(6124,'0.0',23,184),(6125,'0.0',23,185),(6126,'0.0',23,186),(6127,'0.0',23,187),(6128,'0.0',23,188),(6129,'0.0',23,189),(6130,'0.0',23,190),(6131,'0.0',23,191),(6132,'0.0',23,192),(6133,'0.0',23,193),(6134,'0.0',23,194),(6135,'0.0',23,195),(6136,'0.0',23,196),(6137,'0.0',23,197),(6138,'0.0',23,198),(6139,'0.0',23,199),(6140,'0.0',23,200),(6141,'0.0',23,201),(6142,'0.0',23,202),(6143,'0.0',23,203),(6144,'0.0',23,204),(6145,'0.0',23,205),(6146,'0.0',23,206),(6147,'0.0',23,207),(6148,'0.0',23,208),(6149,'0.0',23,209),(6150,'0.0',23,210),(6151,'0.0',23,211),(6152,'0.0',23,212),(6153,'0.0',23,213),(6154,'0.0',23,214),(6155,'0.0',23,215),(6156,'0.0',23,216),(6157,'0.256547648926121',23,217),(6158,'0.0',23,218),(6159,'0.186205961363643',23,219),(6160,'0.0',23,220),(6161,'0.0',23,221),(6162,'0.0',23,222),(6163,'0.243125720752841',23,223),(6164,'0.0',23,224),(6165,'0.0',23,225),(6166,'0.0',23,226),(6167,'0.0',23,227),(6168,'0.0',23,228),(6169,'0.0',23,229),(6170,'0.324002033395619',23,230),(6171,'0.0',23,231),(6172,'0.272974761390143',23,232),(6173,'0.0',23,233),(6174,'0.0',23,234),(6175,'0.0',23,235),(6176,'0.0',23,236),(6177,'0.0',23,237),(6178,'0.0',23,238),(6179,'0.0',23,239),(6180,'0.0',23,240),(6181,'0.0',23,241),(6182,'0.0',23,242),(6183,'0.0',23,243),(6184,'0.0',23,244),(6185,'0.0',23,245),(6186,'0.0',23,246),(6187,'0.0',23,247),(6188,'0.0',23,248),(6189,'0.0',23,249),(6190,'0.0',23,250),(6191,'0.0',23,251),(6192,'0.0',23,252),(6193,'0.0',23,253),(6194,'0.0',23,254),(6195,'0.0',23,255),(6196,'0.0',23,256),(6197,'0.0',23,257),(6198,'0.0',23,258),(6199,'0.0',23,259),(6200,'0.0',23,260),(6201,'0.0',23,261),(6202,'0.0',23,262),(6203,'0.0',23,263),(6204,'0.0',23,264),(6205,'0.0',23,265),(6206,'0.0',23,266),(6207,'0.0',23,267),(6208,'0.0',23,268),(6209,'0.0',23,269),(6210,'0.0',23,270),(6211,'0.0',24,1),(6212,'0.0',24,2),(6213,'0.0',24,3),(6214,'0.0',24,4),(6215,'0.0',24,5),(6216,'0.0',24,6),(6217,'0.0',24,7),(6218,'0.0',24,8),(6219,'0.0',24,9),(6220,'0.0',24,10),(6221,'0.0',24,11),(6222,'0.312831101388708',24,12),(6223,'0.0',24,13),(6224,'0.0',24,14),(6225,'0.0',24,15),(6226,'0.0',24,16),(6227,'0.0',24,17),(6228,'0.0',24,18),(6229,'0.0',24,19),(6230,'0.0',24,20),(6231,'0.0',24,21),(6232,'0.0',24,22),(6233,'0.0',24,23),(6234,'0.0',24,24),(6235,'0.0',24,25),(6236,'0.0',24,26),(6237,'0.0',24,27),(6238,'0.0',24,28),(6239,'0.0',24,29),(6240,'0.0',24,30),(6241,'0.0',24,31),(6242,'0.0',24,32),(6243,'0.0',24,33),(6244,'0.0',24,34),(6245,'0.0',24,35),(6246,'0.344575494571325',24,36),(6247,'0.0',24,37),(6248,'0.0',24,38),(6249,'0.0',24,39),(6250,'0.0',24,40),(6251,'0.0',24,41),(6252,'0.0',24,42),(6253,'0.0',24,43),(6254,'0.0',24,44),(6255,'0.0',24,45),(6256,'0.0',24,46),(6257,'0.272837895748293',24,47),(6258,'0.0',24,48),(6259,'0.0',24,49),(6260,'0.0',24,50),(6261,'0.0',24,51),(6262,'0.0',24,52),(6263,'0.0',24,53),(6264,'0.0',24,54),(6265,'0.0',24,55),(6266,'0.0',24,56),(6267,'0.0',24,57),(6268,'0.0',24,58),(6269,'0.0',24,59),(6270,'0.0',24,60),(6271,'0.0',24,61),(6272,'0.0',24,62),(6273,'0.0',24,63),(6274,'0.0',24,64),(6275,'0.0',24,65),(6276,'0.0',24,66),(6277,'0.0',24,67),(6278,'0.0',24,68),(6279,'0.0',24,69),(6280,'0.0',24,70),(6281,'0.0',24,71),(6282,'0.0',24,72),(6283,'0.0',24,73),(6284,'0.0',24,74),(6285,'0.0',24,75),(6286,'0.0',24,76),(6287,'0.0',24,77),(6288,'0.0',24,78),(6289,'0.0',24,79),(6290,'0.0',24,80),(6291,'0.0',24,81),(6292,'0.0',24,82),(6293,'0.0',24,83),(6294,'0.0',24,84),(6295,'0.0',24,85),(6296,'0.0',24,86),(6297,'0.0',24,87),(6298,'0.0',24,88),(6299,'0.0',24,89),(6300,'0.0',24,90),(6301,'0.0',24,91),(6302,'0.0',24,92),(6303,'0.0',24,93),(6304,'0.0',24,94),(6305,'0.0',24,95),(6306,'0.0',24,96),(6307,'0.0',24,97),(6308,'0.21857049716551',24,98),(6309,'0.0',24,99),(6310,'0.0',24,100),(6311,'0.0',24,101),(6312,'0.0',24,102),(6313,'0.0',24,103),(6314,'0.0',24,104),(6315,'0.0',24,105),(6316,'0.0',24,106),(6317,'0.0',24,107),(6318,'0.0',24,108),(6319,'0.0',24,109),(6320,'0.0',24,110),(6321,'0.0',24,111),(6322,'0.192227646052686',24,112),(6323,'0.0',24,113),(6324,'0.0',24,114),(6325,'0.0',24,115),(6326,'0.0',24,116),(6327,'0.0',24,117),(6328,'0.0',24,118),(6329,'0.0',24,119),(6330,'0.0',24,120),(6331,'0.0',24,121),(6332,'0.0',24,122),(6333,'0.0',24,123),(6334,'0.0',24,124),(6335,'0.0',24,125),(6336,'0.0',24,126),(6337,'0.344575494571325',24,127),(6338,'0.0',24,128),(6339,'0.0',24,129),(6340,'0.0',24,130),(6341,'0.0',24,131),(6342,'0.0',24,132),(6343,'0.0',24,133),(6344,'0.0',24,134),(6345,'0.0',24,135),(6346,'0.0',24,136),(6347,'0.0',24,137),(6348,'0.0',24,138),(6349,'0.0',24,139),(6350,'0.0',24,140),(6351,'0.0',24,141),(6352,'0.0',24,142),(6353,'0.0',24,143),(6354,'0.0',24,144),(6355,'0.0',24,145),(6356,'0.0',24,146),(6357,'0.0',24,147),(6358,'0.0',24,148),(6359,'0.0',24,149),(6360,'0.0',24,150),(6361,'0.0',24,151),(6362,'0.226819309623308',24,152),(6363,'0.0',24,153),(6364,'0.0',24,154),(6365,'0.0',24,155),(6366,'0.0',24,156),(6367,'0.0',24,157),(6368,'0.312831101388708',24,158),(6369,'0.0',24,159),(6370,'0.0',24,160),(6371,'0.0',24,161),(6372,'0.0',24,162),(6373,'0.0',24,163),(6374,'0.0',24,164),(6375,'0.0',24,165),(6376,'0.0',24,166),(6377,'0.0',24,167),(6378,'0.0',24,168),(6379,'0.0',24,169),(6380,'0.0',24,170),(6381,'0.0',24,171),(6382,'0.0',24,172),(6383,'0.0',24,173),(6384,'0.0',24,174),(6385,'0.0',24,175),(6386,'0.0',24,176),(6387,'0.0',24,177),(6388,'0.0',24,178),(6389,'0.0',24,179),(6390,'0.0',24,180),(6391,'0.0',24,181),(6392,'0.0',24,182),(6393,'0.0',24,183),(6394,'0.0',24,184),(6395,'0.0',24,185),(6396,'0.0',24,186),(6397,'0.0',24,187),(6398,'0.0',24,188),(6399,'0.0',24,189),(6400,'0.0',24,190),(6401,'0.344575494571325',24,191),(6402,'0.0',24,192),(6403,'0.0',24,193),(6404,'0.0',24,194),(6405,'0.0',24,195),(6406,'0.0',24,196),(6407,'0.0',24,197),(6408,'0.0',24,198),(6409,'0.0',24,199),(6410,'0.0',24,200),(6411,'0.0',24,201),(6412,'0.0',24,202),(6413,'0.0',24,203),(6414,'0.0',24,204),(6415,'0.0',24,205),(6416,'0.0',24,206),(6417,'0.0',24,207),(6418,'0.0',24,208),(6419,'0.0',24,209),(6420,'0.0',24,210),(6421,'0.0',24,211),(6422,'0.0',24,212),(6423,'0.0',24,213),(6424,'0.0',24,214),(6425,'0.0',24,215),(6426,'0.0',24,216),(6427,'0.0',24,217),(6428,'0.0',24,218),(6429,'0.0',24,219),(6430,'0.0',24,220),(6431,'0.0',24,221),(6432,'0.344575494571325',24,222),(6433,'0.0',24,223),(6434,'0.0',24,224),(6435,'0.0',24,225),(6436,'0.0',24,226),(6437,'0.0',24,227),(6438,'0.0',24,228),(6439,'0.0',24,229),(6440,'0.0',24,230),(6441,'0.0',24,231),(6442,'0.0',24,232),(6443,'0.0',24,233),(6444,'0.0',24,234),(6445,'0.0',24,235),(6446,'0.0',24,236),(6447,'0.0',24,237),(6448,'0.0',24,238),(6449,'0.0',24,239),(6450,'0.0',24,240),(6451,'0.0',24,241),(6452,'0.0',24,242),(6453,'0.0',24,243),(6454,'0.0',24,244),(6455,'0.0',24,245),(6456,'0.0',24,246),(6457,'0.0',24,247),(6458,'0.0',24,248),(6459,'0.344575494571325',24,249),(6460,'0.0',24,250),(6461,'0.0',24,251),(6462,'0.0',24,252),(6463,'0.0',24,253),(6464,'0.0',24,254),(6465,'0.0',24,255),(6466,'0.0',24,256),(6467,'0.0',24,257),(6468,'0.0',24,258),(6469,'0.0',24,259),(6470,'0.0',24,260),(6471,'0.0',24,261),(6472,'0.0',24,262),(6473,'0.0',24,263),(6474,'0.0',24,264),(6475,'0.0',24,265),(6476,'0.0',24,266),(6477,'0.0',24,267),(6478,'0.0',24,268),(6479,'0.0',24,269),(6480,'0.0',24,270),(6481,'0.0',25,1),(6482,'0.0',25,2),(6483,'0.0',25,3),(6484,'0.0',25,4),(6485,'0.0',25,5),(6486,'0.0',25,6),(6487,'0.0',25,7),(6488,'0.0',25,8),(6489,'0.0',25,9),(6490,'0.0',25,10),(6491,'0.0',25,11),(6492,'0.0',25,12),(6493,'0.0',25,13),(6494,'0.0',25,14),(6495,'0.0',25,15),(6496,'0.0',25,16),(6497,'0.0',25,17),(6498,'0.0',25,18),(6499,'0.0',25,19),(6500,'0.0',25,20),(6501,'0.0',25,21),(6502,'0.0',25,22),(6503,'0.0',25,23),(6504,'0.0',25,24),(6505,'0.0',25,25),(6506,'0.0',25,26),(6507,'0.0',25,27),(6508,'0.0',25,28),(6509,'0.0',25,29),(6510,'0.0',25,30),(6511,'0.0',25,31),(6512,'0.0',25,32),(6513,'0.0',25,33),(6514,'0.0',25,34),(6515,'0.0',25,35),(6516,'0.0',25,36),(6517,'0.0',25,37),(6518,'0.0',25,38),(6519,'0.0',25,39),(6520,'0.0',25,40),(6521,'0.0',25,41),(6522,'0.0',25,42),(6523,'0.0',25,43),(6524,'0.0',25,44),(6525,'0.0',25,45),(6526,'0.0',25,46),(6527,'0.0',25,47),(6528,'0.0',25,48),(6529,'0.0',25,49),(6530,'0.0',25,50),(6531,'0.0',25,51),(6532,'0.0',25,52),(6533,'0.0',25,53),(6534,'0.0',25,54),(6535,'0.497066247624889',25,55),(6536,'0.0',25,56),(6537,'0.0',25,57),(6538,'0.0',25,58),(6539,'0.0',25,59),(6540,'0.0',25,60),(6541,'0.0',25,61),(6542,'0.0',25,62),(6543,'0.0',25,63),(6544,'0.0',25,64),(6545,'0.0',25,65),(6546,'0.0',25,66),(6547,'0.0',25,67),(6548,'0.0',25,68),(6549,'0.0',25,69),(6550,'0.0',25,70),(6551,'0.0',25,71),(6552,'0.0',25,72),(6553,'0.0',25,73),(6554,'0.0',25,74),(6555,'0.0',25,75),(6556,'0.0',25,76),(6557,'0.0',25,77),(6558,'0.0',25,78),(6559,'0.0',25,79),(6560,'0.0',25,80),(6561,'0.0',25,81),(6562,'0.0',25,82),(6563,'0.0',25,83),(6564,'0.0',25,84),(6565,'0.0',25,85),(6566,'0.0',25,86),(6567,'0.0',25,87),(6568,'0.0',25,88),(6569,'0.0',25,89),(6570,'0.0',25,90),(6571,'0.0',25,91),(6572,'0.0',25,92),(6573,'0.0',25,93),(6574,'0.0',25,94),(6575,'0.0',25,95),(6576,'0.0',25,96),(6577,'0.0',25,97),(6578,'0.0',25,98),(6579,'0.0',25,99),(6580,'0.0',25,100),(6581,'0.0',25,101),(6582,'0.0',25,102),(6583,'0.0',25,103),(6584,'0.0',25,104),(6585,'0.0',25,105),(6586,'0.0',25,106),(6587,'0.0',25,107),(6588,'0.0',25,108),(6589,'0.0',25,109),(6590,'0.0',25,110),(6591,'0.0',25,111),(6592,'0.0',25,112),(6593,'0.0',25,113),(6594,'0.0',25,114),(6595,'0.0',25,115),(6596,'0.0',25,116),(6597,'0.391662997544607',25,117),(6598,'0.0',25,118),(6599,'0.0',25,119),(6600,'0.0',25,120),(6601,'0.0',25,121),(6602,'0.0',25,122),(6603,'0.0',25,123),(6604,'0.0',25,124),(6605,'0.0',25,125),(6606,'0.0',25,126),(6607,'0.0',25,127),(6608,'0.0',25,128),(6609,'0.0',25,129),(6610,'0.0',25,130),(6611,'0.0',25,131),(6612,'0.0',25,132),(6613,'0.0',25,133),(6614,'0.0',25,134),(6615,'0.0',25,135),(6616,'0.0',25,136),(6617,'0.0',25,137),(6618,'0.0',25,138),(6619,'0.0',25,139),(6620,'0.0',25,140),(6621,'0.0',25,141),(6622,'0.0',25,142),(6623,'0.0',25,143),(6624,'0.0',25,144),(6625,'0.0',25,145),(6626,'0.0',25,146),(6627,'0.0',25,147),(6628,'0.0',25,148),(6629,'0.0',25,149),(6630,'0.0',25,150),(6631,'0.0',25,151),(6632,'0.0',25,152),(6633,'0.0',25,153),(6634,'0.0',25,154),(6635,'0.0',25,155),(6636,'0.0',25,156),(6637,'0.0',25,157),(6638,'0.0',25,158),(6639,'0.0',25,159),(6640,'0.0',25,160),(6641,'0.0',25,161),(6642,'0.0',25,162),(6643,'0.0',25,163),(6644,'0.0',25,164),(6645,'0.0',25,165),(6646,'0.0',25,166),(6647,'0.0',25,167),(6648,'0.0',25,168),(6649,'0.0',25,169),(6650,'0.0',25,170),(6651,'0.0',25,171),(6652,'0.0',25,172),(6653,'0.0',25,173),(6654,'0.0',25,174),(6655,'0.0',25,175),(6656,'0.0',25,176),(6657,'0.0',25,177),(6658,'0.0',25,178),(6659,'0.0',25,179),(6660,'0.0',25,180),(6661,'0.0',25,181),(6662,'0.0',25,182),(6663,'0.547505818154695',25,183),(6664,'0.0',25,184),(6665,'0.0',25,185),(6666,'0.0',25,186),(6667,'0.0',25,187),(6668,'0.0',25,188),(6669,'0.0',25,189),(6670,'0.0',25,190),(6671,'0.0',25,191),(6672,'0.0',25,192),(6673,'0.0',25,193),(6674,'0.0',25,194),(6675,'0.0',25,195),(6676,'0.0',25,196),(6677,'0.0',25,197),(6678,'0.0',25,198),(6679,'0.0',25,199),(6680,'0.0',25,200),(6681,'0.0',25,201),(6682,'0.0',25,202),(6683,'0.0',25,203),(6684,'0.0',25,204),(6685,'0.0',25,205),(6686,'0.0',25,206),(6687,'0.547505818154695',25,207),(6688,'0.0',25,208),(6689,'0.0',25,209),(6690,'0.0',25,210),(6691,'0.0',25,211),(6692,'0.0',25,212),(6693,'0.0',25,213),(6694,'0.0',25,214),(6695,'0.0',25,215),(6696,'0.0',25,216),(6697,'0.0',25,217),(6698,'0.0',25,218),(6699,'0.0',25,219),(6700,'0.0',25,220),(6701,'0.0',25,221),(6702,'0.0',25,222),(6703,'0.0',25,223),(6704,'0.0',25,224),(6705,'0.0',25,225),(6706,'0.0',25,226),(6707,'0.0',25,227),(6708,'0.0',25,228),(6709,'0.0',25,229),(6710,'0.0',25,230),(6711,'0.0',25,231),(6712,'0.0',25,232),(6713,'0.0',25,233),(6714,'0.0',25,234),(6715,'0.0',25,235),(6716,'0.0',25,236),(6717,'0.0',25,237),(6718,'0.0',25,238),(6719,'0.0',25,239),(6720,'0.0',25,240),(6721,'0.0',25,241),(6722,'0.0',25,242),(6723,'0.0',25,243),(6724,'0.0',25,244),(6725,'0.0',25,245),(6726,'0.0',25,246),(6727,'0.0',25,247),(6728,'0.0',25,248),(6729,'0.0',25,249),(6730,'0.0',25,250),(6731,'0.0',25,251),(6732,'0.0',25,252),(6733,'0.0',25,253),(6734,'0.0',25,254),(6735,'0.0',25,255),(6736,'0.0',25,256),(6737,'0.0',25,257),(6738,'0.0',25,258),(6739,'0.0',25,259),(6740,'0.0',25,260),(6741,'0.0',25,261),(6742,'0.0',25,262),(6743,'0.0',25,263),(6744,'0.0',25,264),(6745,'0.0',25,265),(6746,'0.0',25,266),(6747,'0.0',25,267),(6748,'0.0',25,268),(6749,'0.0',25,269),(6750,'0.0',25,270),(6751,'0.0',26,1),(6752,'0.0',26,2),(6753,'0.0',26,3),(6754,'0.306052396331304',26,4),(6755,'0.0',26,5),(6756,'0.0',26,6),(6757,'0.0',26,7),(6758,'0.0',26,8),(6759,'0.0',26,9),(6760,'0.0',26,10),(6761,'0.0',26,11),(6762,'0.0',26,12),(6763,'0.0',26,13),(6764,'0.0',26,14),(6765,'0.0',26,15),(6766,'0.0',26,16),(6767,'0.0',26,17),(6768,'0.0',26,18),(6769,'0.0',26,19),(6770,'0.306052396331304',26,20),(6771,'0.0',26,21),(6772,'0.0',26,22),(6773,'0.0',26,23),(6774,'0.0',26,24),(6775,'0.0',26,25),(6776,'0.0',26,26),(6777,'0.306052396331304',26,27),(6778,'0.0',26,28),(6779,'0.0',26,29),(6780,'0.0',26,30),(6781,'0.0',26,31),(6782,'0.0',26,32),(6783,'0.0',26,33),(6784,'0.0',26,34),(6785,'0.0',26,35),(6786,'0.0',26,36),(6787,'0.0',26,37),(6788,'0.0',26,38),(6789,'0.0',26,39),(6790,'0.0',26,40),(6791,'0.0',26,41),(6792,'0.0',26,42),(6793,'0.0',26,43),(6794,'0.0',26,44),(6795,'0.0',26,45),(6796,'0.0',26,46),(6797,'0.0',26,47),(6798,'0.0',26,48),(6799,'0.0',26,49),(6800,'0.0',26,50),(6801,'0.0',26,51),(6802,'0.0',26,52),(6803,'0.0',26,53),(6804,'0.0',26,54),(6805,'0.0',26,55),(6806,'0.0',26,56),(6807,'0.0',26,57),(6808,'0.0',26,58),(6809,'0.0',26,59),(6810,'0.0',26,60),(6811,'0.0',26,61),(6812,'0.0',26,62),(6813,'0.0',26,63),(6814,'0.161451277210028',26,64),(6815,'0.0',26,65),(6816,'0.0',26,66),(6817,'0.0',26,67),(6818,'0.0',26,68),(6819,'0.0',26,69),(6820,'0.0',26,70),(6821,'0.0',26,71),(6822,'0.0',26,72),(6823,'0.0',26,73),(6824,'0.0',26,74),(6825,'0.306052396331304',26,75),(6826,'0.0',26,76),(6827,'0.0',26,77),(6828,'0.0',26,78),(6829,'0.0',26,79),(6830,'0.0',26,80),(6831,'0.0',26,81),(6832,'0.0',26,82),(6833,'0.0',26,83),(6834,'0.0',26,84),(6835,'0.0',26,85),(6836,'0.0',26,86),(6837,'0.0',26,87),(6838,'0.0',26,88),(6839,'0.0',26,89),(6840,'0.0',26,90),(6841,'0.0',26,91),(6842,'0.0',26,92),(6843,'0.0',26,93),(6844,'0.0',26,94),(6845,'0.0',26,95),(6846,'0.0',26,96),(6847,'0.0',26,97),(6848,'0.0',26,98),(6849,'0.0',26,99),(6850,'0.0',26,100),(6851,'0.0',26,101),(6852,'0.0',26,102),(6853,'0.0',26,103),(6854,'0.0',26,104),(6855,'0.0',26,105),(6856,'0.0',26,106),(6857,'0.0',26,107),(6858,'0.0',26,108),(6859,'0.0',26,109),(6860,'0.0',26,110),(6861,'0.0',26,111),(6862,'0.170736841831254',26,112),(6863,'0.0',26,113),(6864,'0.0',26,114),(6865,'0.0',26,115),(6866,'0.0',26,116),(6867,'0.0',26,117),(6868,'0.0',26,118),(6869,'0.257852023290879',26,119),(6870,'0.218937214871679',26,120),(6871,'0.0',26,121),(6872,'0.0',26,122),(6873,'0.0',26,123),(6874,'0.0',26,124),(6875,'0.0',26,125),(6876,'0.0',26,126),(6877,'0.0',26,127),(6878,'0.0',26,128),(6879,'0.0',26,129),(6880,'0.0',26,130),(6881,'0.0',26,131),(6882,'0.0',26,132),(6883,'0.0',26,133),(6884,'0.0',26,134),(6885,'0.0',26,135),(6886,'0.0',26,136),(6887,'0.0',26,137),(6888,'0.0',26,138),(6889,'0.0',26,139),(6890,'0.0',26,140),(6891,'0.0',26,141),(6892,'0.0',26,142),(6893,'0.0',26,143),(6894,'0.0',26,144),(6895,'0.277856985581884',26,145),(6896,'0.161451277210028',26,146),(6897,'0.0',26,147),(6898,'0.0',26,148),(6899,'0.0',26,149),(6900,'0.0',26,150),(6901,'0.0',26,151),(6902,'0.0',26,152),(6903,'0.0',26,153),(6904,'0.0',26,154),(6905,'0.0',26,155),(6906,'0.0',26,156),(6907,'0.0',26,157),(6908,'0.0',26,158),(6909,'0.0',26,159),(6910,'0.0',26,160),(6911,'0.0',26,161),(6912,'0.0',26,162),(6913,'0.0',26,163),(6914,'0.0',26,164),(6915,'0.0',26,165),(6916,'0.0',26,166),(6917,'0.0',26,167),(6918,'0.0',26,168),(6919,'0.0',26,169),(6920,'0.0',26,170),(6921,'0.0',26,171),(6922,'0.0',26,172),(6923,'0.0',26,173),(6924,'0.0',26,174),(6925,'0.0',26,175),(6926,'0.0',26,176),(6927,'0.0',26,177),(6928,'0.0',26,178),(6929,'0.0',26,179),(6930,'0.0',26,180),(6931,'0.0',26,181),(6932,'0.0',26,182),(6933,'0.0',26,183),(6934,'0.0',26,184),(6935,'0.0',26,185),(6936,'0.0',26,186),(6937,'0.0',26,187),(6938,'0.0',26,188),(6939,'0.0',26,189),(6940,'0.0',26,190),(6941,'0.0',26,191),(6942,'0.0',26,192),(6943,'0.0',26,193),(6944,'0.0',26,194),(6945,'0.0',26,195),(6946,'0.0',26,196),(6947,'0.0',26,197),(6948,'0.0',26,198),(6949,'0.0',26,199),(6950,'0.0',26,200),(6951,'0.277856985581884',26,201),(6952,'0.0',26,202),(6953,'0.0',26,203),(6954,'0.0',26,204),(6955,'0.0',26,205),(6956,'0.0',26,206),(6957,'0.0',26,207),(6958,'0.0',26,208),(6959,'0.0',26,209),(6960,'0.0',26,210),(6961,'0.0',26,211),(6962,'0.170736841831254',26,212),(6963,'0.0',26,213),(6964,'0.242334969025115',26,214),(6965,'0.0',26,215),(6966,'0.0',26,216),(6967,'0.0',26,217),(6968,'0.0',26,218),(6969,'0.0',26,219),(6970,'0.0',26,220),(6971,'0.0',26,221),(6972,'0.0',26,222),(6973,'0.0',26,223),(6974,'0.0',26,224),(6975,'0.0',26,225),(6976,'0.306052396331304',26,226),(6977,'0.0',26,227),(6978,'0.0',26,228),(6979,'0.306052396331304',26,229),(6980,'0.0',26,230),(6981,'0.0',26,231),(6982,'0.0',26,232),(6983,'0.0',26,233),(6984,'0.0',26,234),(6985,'0.0',26,235),(6986,'0.0',26,236),(6987,'0.0',26,237),(6988,'0.0',26,238),(6989,'0.0',26,239),(6990,'0.0',26,240),(6991,'0.0',26,241),(6992,'0.0',26,242),(6993,'0.0',26,243),(6994,'0.0',26,244),(6995,'0.0',26,245),(6996,'0.0',26,246),(6997,'0.0',26,247),(6998,'0.0',26,248),(6999,'0.0',26,249),(7000,'0.0',26,250),(7001,'0.0',26,251),(7002,'0.0',26,252),(7003,'0.0',26,253),(7004,'0.0',26,254),(7005,'0.0',26,255),(7006,'0.0',26,256),(7007,'0.0',26,257),(7008,'0.0',26,258),(7009,'0.0',26,259),(7010,'0.0',26,260),(7011,'0.0',26,261),(7012,'0.0',26,262),(7013,'0.0',26,263),(7014,'0.0',26,264),(7015,'0.0',26,265),(7016,'0.0',26,266),(7017,'0.0',26,267),(7018,'0.0',26,268),(7019,'0.0',26,269),(7020,'0.0',26,270),(7021,'0.0',27,1),(7022,'0.0',27,2),(7023,'0.0',27,3),(7024,'0.0',27,4),(7025,'0.0',27,5),(7026,'0.0',27,6),(7027,'0.0',27,7),(7028,'0.0',27,8),(7029,'0.0',27,9),(7030,'0.0',27,10),(7031,'0.0',27,11),(7032,'0.0',27,12),(7033,'0.0',27,13),(7034,'0.0',27,14),(7035,'0.0',27,15),(7036,'0.0',27,16),(7037,'0.0',27,17),(7038,'0.0',27,18),(7039,'0.0',27,19),(7040,'0.0',27,20),(7041,'0.0',27,21),(7042,'0.0',27,22),(7043,'0.0',27,23),(7044,'0.0',27,24),(7045,'0.0',27,25),(7046,'0.0',27,26),(7047,'0.0',27,27),(7048,'0.0',27,28),(7049,'0.0',27,29),(7050,'0.313110599638083',27,30),(7051,'0.0',27,31),(7052,'0.0',27,32),(7053,'0.0',27,33),(7054,'0.0',27,34),(7055,'0.0',27,35),(7056,'0.0',27,36),(7057,'0.0',27,37),(7058,'0.0',27,38),(7059,'0.0',27,39),(7060,'0.0',27,40),(7061,'0.0',27,41),(7062,'0.0',27,42),(7063,'0.0',27,43),(7064,'0.0',27,44),(7065,'0.0',27,45),(7066,'0.0',27,46),(7067,'0.0',27,47),(7068,'0.0',27,48),(7069,'0.0',27,49),(7070,'0.0',27,50),(7071,'0.0',27,51),(7072,'0.0',27,52),(7073,'0.0',27,53),(7074,'0.313110599638083',27,54),(7075,'0.0',27,55),(7076,'0.0',27,56),(7077,'0.0',27,57),(7078,'0.0',27,58),(7079,'0.0',27,59),(7080,'0.0',27,60),(7081,'0.0',27,61),(7082,'0.0',27,62),(7083,'0.0',27,63),(7084,'0.0',27,64),(7085,'0.0',27,65),(7086,'0.0',27,66),(7087,'0.371640478569619',27,67),(7088,'0.0',27,68),(7089,'0.0',27,69),(7090,'0.0',27,70),(7091,'0.0',27,71),(7092,'0.0',27,72),(7093,'0.0',27,73),(7094,'0.0',27,74),(7095,'0.0',27,75),(7096,'0.0',27,76),(7097,'0.0',27,77),(7098,'0.0',27,78),(7099,'0.0',27,79),(7100,'0.0',27,80),(7101,'0.0',27,81),(7102,'0.0',27,82),(7103,'0.0',27,83),(7104,'0.278872815291385',27,84),(7105,'0.0',27,85),(7106,'0.0',27,86),(7107,'0.0',27,87),(7108,'0.0',27,88),(7109,'0.0',27,89),(7110,'0.0',27,90),(7111,'0.0',27,91),(7112,'0.0',27,92),(7113,'0.0',27,93),(7114,'0.0',27,94),(7115,'0.0',27,95),(7116,'0.0',27,96),(7117,'0.0',27,97),(7118,'0.0',27,98),(7119,'0.0',27,99),(7120,'0.0',27,100),(7121,'0.0',27,101),(7122,'0.371640478569619',27,102),(7123,'0.244635030944687',27,103),(7124,'0.0',27,104),(7125,'0.0',27,105),(7126,'0.0',27,106),(7127,'0.0',27,107),(7128,'0.0',27,108),(7129,'0.0',27,109),(7130,'0.0',27,110),(7131,'0.0',27,111),(7132,'0.0',27,112),(7133,'0.0',27,113),(7134,'0.0',27,114),(7135,'0.0',27,115),(7136,'0.0',27,116),(7137,'0.0',27,117),(7138,'0.0',27,118),(7139,'0.0',27,119),(7140,'0.0',27,120),(7141,'0.0',27,121),(7142,'0.0',27,122),(7143,'0.0',27,123),(7144,'0.0',27,124),(7145,'0.0',27,125),(7146,'0.0',27,126),(7147,'0.0',27,127),(7148,'0.0',27,128),(7149,'0.0',27,129),(7150,'0.0',27,130),(7151,'0.0',27,131),(7152,'0.0',27,132),(7153,'0.0',27,133),(7154,'0.0',27,134),(7155,'0.0',27,135),(7156,'0.0',27,136),(7157,'0.0',27,137),(7158,'0.0',27,138),(7159,'0.371640478569619',27,139),(7160,'0.0',27,140),(7161,'0.0',27,141),(7162,'0.0',27,142),(7163,'0.0',27,143),(7164,'0.0',27,144),(7165,'0.0',27,145),(7166,'0.0',27,146),(7167,'0.0',27,147),(7168,'0.0',27,148),(7169,'0.0',27,149),(7170,'0.0',27,150),(7171,'0.0',27,151),(7172,'0.0',27,152),(7173,'0.0',27,153),(7174,'0.0',27,154),(7175,'0.337402694222921',27,155),(7176,'0.0',27,156),(7177,'0.0',27,157),(7178,'0.0',27,158),(7179,'0.0',27,159),(7180,'0.0',27,160),(7181,'0.0',27,161),(7182,'0.0',27,162),(7183,'0.0',27,163),(7184,'0.0',27,164),(7185,'0.0',27,165),(7186,'0.0',27,166),(7187,'0.0',27,167),(7188,'0.0',27,168),(7189,'0.0',27,169),(7190,'0.0',27,170),(7191,'0.0',27,171),(7192,'0.0',27,172),(7193,'0.0',27,173),(7194,'0.0',27,174),(7195,'0.0',27,175),(7196,'0.0',27,176),(7197,'0.0',27,177),(7198,'0.0',27,178),(7199,'0.0',27,179),(7200,'0.0',27,180),(7201,'0.0',27,181),(7202,'0.0',27,182),(7203,'0.0',27,183),(7204,'0.0',27,184),(7205,'0.0',27,185),(7206,'0.0',27,186),(7207,'0.0',27,187),(7208,'0.0',27,188),(7209,'0.0',27,189),(7210,'0.0',27,190),(7211,'0.0',27,191),(7212,'0.0',27,192),(7213,'0.0',27,193),(7214,'0.0',27,194),(7215,'0.0',27,195),(7216,'0.0',27,196),(7217,'0.0',27,197),(7218,'0.0',27,198),(7219,'0.0',27,199),(7220,'0.0',27,200),(7221,'0.0',27,201),(7222,'0.0',27,202),(7223,'0.0',27,203),(7224,'0.0',27,204),(7225,'0.0',27,205),(7226,'0.0',27,206),(7227,'0.0',27,207),(7228,'0.0',27,208),(7229,'0.0',27,209),(7230,'0.0',27,210),(7231,'0.0',27,211),(7232,'0.0',27,212),(7233,'0.0',27,213),(7234,'0.0',27,214),(7235,'0.0',27,215),(7236,'0.0',27,216),(7237,'0.0',27,217),(7238,'0.0',27,218),(7239,'0.0',27,219),(7240,'0.0',27,220),(7241,'0.0',27,221),(7242,'0.0',27,222),(7243,'0.0',27,223),(7244,'0.0',27,224),(7245,'0.0',27,225),(7246,'0.0',27,226),(7247,'0.0',27,227),(7248,'0.0',27,228),(7249,'0.0',27,229),(7250,'0.0',27,230),(7251,'0.0',27,231),(7252,'0.0',27,232),(7253,'0.0',27,233),(7254,'0.0',27,234),(7255,'0.371640478569619',27,235),(7256,'0.0',27,236),(7257,'0.0',27,237),(7258,'0.0',27,238),(7259,'0.0',27,239),(7260,'0.0',27,240),(7261,'0.0',27,241),(7262,'0.0',27,242),(7263,'0.0',27,243),(7264,'0.0',27,244),(7265,'0.0',27,245),(7266,'0.0',27,246),(7267,'0.0',27,247),(7268,'0.0',27,248),(7269,'0.0',27,249),(7270,'0.0',27,250),(7271,'0.0',27,251),(7272,'0.0',27,252),(7273,'0.0',27,253),(7274,'0.0',27,254),(7275,'0.0',27,255),(7276,'0.0',27,256),(7277,'0.0',27,257),(7278,'0.0',27,258),(7279,'0.0',27,259),(7280,'0.0',27,260),(7281,'0.0',27,261),(7282,'0.0',27,262),(7283,'0.0',27,263),(7284,'0.0',27,264),(7285,'0.0',27,265),(7286,'0.0',27,266),(7287,'0.0',27,267),(7288,'0.0',27,268),(7289,'0.0',27,269),(7290,'0.0',27,270),(7291,'0.0',28,1),(7292,'0.0',28,2),(7293,'0.0',28,3),(7294,'0.0',28,4),(7295,'0.0',28,5),(7296,'0.0',28,6),(7297,'0.0',28,7),(7298,'0.0',28,8),(7299,'0.0',28,9),(7300,'0.0',28,10),(7301,'0.0',28,11),(7302,'0.0',28,12),(7303,'0.0',28,13),(7304,'0.0',28,14),(7305,'0.0',28,15),(7306,'0.0',28,16),(7307,'0.0',28,17),(7308,'0.0',28,18),(7309,'0.0',28,19),(7310,'0.0',28,20),(7311,'0.0',28,21),(7312,'0.0',28,22),(7313,'0.0',28,23),(7314,'0.0',28,24),(7315,'0.0',28,25),(7316,'0.0',28,26),(7317,'0.0',28,27),(7318,'0.0',28,28),(7319,'0.0',28,29),(7320,'0.0',28,30),(7321,'0.0',28,31),(7322,'0.0',28,32),(7323,'0.0',28,33),(7324,'0.0',28,34),(7325,'0.0',28,35),(7326,'0.0',28,36),(7327,'0.0',28,37),(7328,'0.0',28,38),(7329,'0.0',28,39),(7330,'0.0',28,40),(7331,'0.0',28,41),(7332,'0.0',28,42),(7333,'0.0',28,43),(7334,'0.0',28,44),(7335,'0.0',28,45),(7336,'0.0',28,46),(7337,'0.0',28,47),(7338,'0.0',28,48),(7339,'0.0',28,49),(7340,'0.0',28,50),(7341,'0.0',28,51),(7342,'0.0',28,52),(7343,'0.0',28,53),(7344,'0.0',28,54),(7345,'0.0',28,55),(7346,'0.0',28,56),(7347,'0.0',28,57),(7348,'0.0',28,58),(7349,'0.0',28,59),(7350,'0.0',28,60),(7351,'0.0',28,61),(7352,'0.0',28,62),(7353,'0.0',28,63),(7354,'0.0',28,64),(7355,'0.0',28,65),(7356,'0.0',28,66),(7357,'0.0',28,67),(7358,'0.0',28,68),(7359,'0.0',28,69),(7360,'0.0',28,70),(7361,'0.0',28,71),(7362,'0.0',28,72),(7363,'0.0',28,73),(7364,'0.0',28,74),(7365,'0.0',28,75),(7366,'0.0',28,76),(7367,'0.0',28,77),(7368,'0.0',28,78),(7369,'0.0',28,79),(7370,'0.0',28,80),(7371,'0.0',28,81),(7372,'0.0',28,82),(7373,'0.0',28,83),(7374,'0.448031523138353',28,84),(7375,'0.0',28,85),(7376,'0.0',28,86),(7377,'0.0',28,87),(7378,'0.0',28,88),(7379,'0.0',28,89),(7380,'0.0',28,90),(7381,'0.0',28,91),(7382,'0.0',28,92),(7383,'0.0',28,93),(7384,'0.0',28,94),(7385,'0.0',28,95),(7386,'0.0',28,96),(7387,'0.0',28,97),(7388,'0.0',28,98),(7389,'0.0',28,99),(7390,'0.0',28,100),(7391,'0.0',28,101),(7392,'0.0',28,102),(7393,'0.0',28,103),(7394,'0.0',28,104),(7395,'0.0',28,105),(7396,'0.0',28,106),(7397,'0.0',28,107),(7398,'0.0',28,108),(7399,'0.0',28,109),(7400,'0.0',28,110),(7401,'0.0',28,111),(7402,'0.0',28,112),(7403,'0.0',28,113),(7404,'0.0',28,114),(7405,'0.0',28,115),(7406,'0.0',28,116),(7407,'0.0',28,117),(7408,'0.0',28,118),(7409,'0.0',28,119),(7410,'0.0',28,120),(7411,'0.0',28,121),(7412,'0.0',28,122),(7413,'0.0',28,123),(7414,'0.0',28,124),(7415,'0.0',28,125),(7416,'0.0',28,126),(7417,'0.0',28,127),(7418,'0.0',28,128),(7419,'0.0',28,129),(7420,'0.0',28,130),(7421,'0.0',28,131),(7422,'0.0',28,132),(7423,'0.0',28,133),(7424,'0.0',28,134),(7425,'0.0',28,135),(7426,'0.0',28,136),(7427,'0.0',28,137),(7428,'0.0',28,138),(7429,'0.0',28,139),(7430,'0.0',28,140),(7431,'0.0',28,141),(7432,'0.0',28,142),(7433,'0.0',28,143),(7434,'0.0',28,144),(7435,'0.0',28,145),(7436,'0.314971386369217',28,146),(7437,'0.0',28,147),(7438,'0.0',28,148),(7439,'0.0',28,149),(7440,'0.0',28,150),(7441,'0.0',28,151),(7442,'0.0',28,152),(7443,'0.0',28,153),(7444,'0.0',28,154),(7445,'0.0',28,155),(7446,'0.0',28,156),(7447,'0.0',28,157),(7448,'0.0',28,158),(7449,'0.0',28,159),(7450,'0.0',28,160),(7451,'0.0',28,161),(7452,'0.0',28,162),(7453,'0.0',28,163),(7454,'0.0',28,164),(7455,'0.0',28,165),(7456,'0.0',28,166),(7457,'0.0',28,167),(7458,'0.0',28,168),(7459,'0.0',28,169),(7460,'0.0',28,170),(7461,'0.0',28,171),(7462,'0.0',28,172),(7463,'0.0',28,173),(7464,'0.0',28,174),(7465,'0.0',28,175),(7466,'0.0',28,176),(7467,'0.0',28,177),(7468,'0.0',28,178),(7469,'0.0',28,179),(7470,'0.0',28,180),(7471,'0.0',28,181),(7472,'0.0',28,182),(7473,'0.0',28,183),(7474,'0.0',28,184),(7475,'0.0',28,185),(7476,'0.0',28,186),(7477,'0.0',28,187),(7478,'0.0',28,188),(7479,'0.0',28,189),(7480,'0.0',28,190),(7481,'0.0',28,191),(7482,'0.0',28,192),(7483,'0.0',28,193),(7484,'0.0',28,194),(7485,'0.0',28,195),(7486,'0.0',28,196),(7487,'0.0',28,197),(7488,'0.0',28,198),(7489,'0.0',28,199),(7490,'0.0',28,200),(7491,'0.0',28,201),(7492,'0.0',28,202),(7493,'0.0',28,203),(7494,'0.0',28,204),(7495,'0.0',28,205),(7496,'0.0',28,206),(7497,'0.0',28,207),(7498,'0.0',28,208),(7499,'0.0',28,209),(7500,'0.0',28,210),(7501,'0.0',28,211),(7502,'0.0',28,212),(7503,'0.0',28,213),(7504,'0.472765421733316',28,214),(7505,'0.0',28,215),(7506,'0.0',28,216),(7507,'0.0',28,217),(7508,'0.0',28,218),(7509,'0.0',28,219),(7510,'0.0',28,220),(7511,'0.0',28,221),(7512,'0.0',28,222),(7513,'0.0',28,223),(7514,'0.0',28,224),(7515,'0.0',28,225),(7516,'0.0',28,226),(7517,'0.0',28,227),(7518,'0.0',28,228),(7519,'0.0',28,229),(7520,'0.0',28,230),(7521,'0.0',28,231),(7522,'0.0',28,232),(7523,'0.0',28,233),(7524,'0.0',28,234),(7525,'0.0',28,235),(7526,'0.0',28,236),(7527,'0.0',28,237),(7528,'0.0',28,238),(7529,'0.0',28,239),(7530,'0.0',28,240),(7531,'0.0',28,241),(7532,'0.0',28,242),(7533,'0.0',28,243),(7534,'0.0',28,244),(7535,'0.0',28,245),(7536,'0.0',28,246),(7537,'0.0',28,247),(7538,'0.0',28,248),(7539,'0.0',28,249),(7540,'0.503037267078313',28,250),(7541,'0.0',28,251),(7542,'0.0',28,252),(7543,'0.0',28,253),(7544,'0.0',28,254),(7545,'0.0',28,255),(7546,'0.0',28,256),(7547,'0.0',28,257),(7548,'0.0',28,258),(7549,'0.472765421733316',28,259),(7550,'0.0',28,260),(7551,'0.0',28,261),(7552,'0.0',28,262),(7553,'0.0',28,263),(7554,'0.0',28,264),(7555,'0.0',28,265),(7556,'0.0',28,266),(7557,'0.0',28,267),(7558,'0.0',28,268),(7559,'0.0',28,269),(7560,'0.0',28,270),(7561,'0.0',29,1),(7562,'0.0',29,2),(7563,'0.0',29,3),(7564,'0.0',29,4),(7565,'0.0',29,5),(7566,'0.0',29,6),(7567,'0.0',29,7),(7568,'0.0',29,8),(7569,'0.0',29,9),(7570,'0.0',29,10),(7571,'0.0',29,11),(7572,'0.0',29,12),(7573,'0.0',29,13),(7574,'0.0',29,14),(7575,'0.0',29,15),(7576,'0.0',29,16),(7577,'0.0',29,17),(7578,'0.0',29,18),(7579,'0.230721830664958',29,19),(7580,'0.0',29,20),(7581,'0.0',29,21),(7582,'0.0',29,22),(7583,'0.0',29,23),(7584,'0.0',29,24),(7585,'0.0',29,25),(7586,'0.0',29,26),(7587,'0.0',29,27),(7588,'0.0',29,28),(7589,'0.0',29,29),(7590,'0.0',29,30),(7591,'0.0',29,31),(7592,'0.0',29,32),(7593,'0.0',29,33),(7594,'0.0',29,34),(7595,'0.0',29,35),(7596,'0.0',29,36),(7597,'0.0',29,37),(7598,'0.0',29,38),(7599,'0.0',29,39),(7600,'0.0',29,40),(7601,'0.0',29,41),(7602,'0.0',29,42),(7603,'0.0',29,43),(7604,'0.0',29,44),(7605,'0.0',29,45),(7606,'0.0',29,46),(7607,'0.0',29,47),(7608,'0.0',29,48),(7609,'0.0',29,49),(7610,'0.0',29,50),(7611,'0.0',29,51),(7612,'0.0',29,52),(7613,'0.0',29,53),(7614,'0.0',29,54),(7615,'0.0',29,55),(7616,'0.0',29,56),(7617,'0.0',29,57),(7618,'0.0',29,58),(7619,'0.0',29,59),(7620,'0.0',29,60),(7621,'0.0',29,61),(7622,'0.0',29,62),(7623,'0.0',29,63),(7624,'0.0',29,64),(7625,'0.0',29,65),(7626,'0.0',29,66),(7627,'0.0',29,67),(7628,'0.0',29,68),(7629,'0.0',29,69),(7630,'0.0',29,70),(7631,'0.0',29,71),(7632,'0.397937536112589',29,72),(7633,'0.0',29,73),(7634,'0.0',29,74),(7635,'0.0',29,75),(7636,'0.0',29,76),(7637,'0.0',29,77),(7638,'0.0',29,78),(7639,'0.0',29,79),(7640,'0.0',29,80),(7641,'0.0',29,81),(7642,'0.0',29,82),(7643,'0.0',29,83),(7644,'0.0',29,84),(7645,'0.0',29,85),(7646,'0.0',29,86),(7647,'0.0',29,87),(7648,'0.0',29,88),(7649,'0.0',29,89),(7650,'0.0',29,90),(7651,'0.0',29,91),(7652,'0.0',29,92),(7653,'0.0',29,93),(7654,'0.0',29,94),(7655,'0.428810768373898',29,95),(7656,'0.0',29,96),(7657,'0.0',29,97),(7658,'0.0',29,98),(7659,'0.0',29,99),(7660,'0.0',29,100),(7661,'0.0',29,101),(7662,'0.0',29,102),(7663,'0.0',29,103),(7664,'0.0',29,104),(7665,'0.0',29,105),(7666,'0.0',29,106),(7667,'0.0',29,107),(7668,'0.0',29,108),(7669,'0.0',29,109),(7670,'0.0',29,110),(7671,'0.0',29,111),(7672,'0.0',29,112),(7673,'0.0',29,113),(7674,'0.0',29,114),(7675,'0.0',29,115),(7676,'0.0',29,116),(7677,'0.0',29,117),(7678,'0.0',29,118),(7679,'0.0',29,119),(7680,'0.0',29,120),(7681,'0.0',29,121),(7682,'0.0',29,122),(7683,'0.0',29,123),(7684,'0.0',29,124),(7685,'0.0',29,125),(7686,'0.0',29,126),(7687,'0.0',29,127),(7688,'0.0',29,128),(7689,'0.0',29,129),(7690,'0.0',29,130),(7691,'0.0',29,131),(7692,'0.0',29,132),(7693,'0.0',29,133),(7694,'0.0',29,134),(7695,'0.0',29,135),(7696,'0.0',29,136),(7697,'0.0',29,137),(7698,'0.0',29,138),(7699,'0.0',29,139),(7700,'0.0',29,140),(7701,'0.0',29,141),(7702,'0.0',29,142),(7703,'0.0',29,143),(7704,'0.0',29,144),(7705,'0.0',29,145),(7706,'0.0',29,146),(7707,'0.0',29,147),(7708,'0.0',29,148),(7709,'0.0',29,149),(7710,'0.0',29,150),(7711,'0.0',29,151),(7712,'0.0',29,152),(7713,'0.0',29,153),(7714,'0.0',29,154),(7715,'0.0',29,155),(7716,'0.0',29,156),(7717,'0.0',29,157),(7718,'0.0',29,158),(7719,'0.0',29,159),(7720,'0.0',29,160),(7721,'0.0',29,161),(7722,'0.0',29,162),(7723,'0.0',29,163),(7724,'0.0',29,164),(7725,'0.0',29,165),(7726,'0.0',29,166),(7727,'0.0',29,167),(7728,'0.0',29,168),(7729,'0.0',29,169),(7730,'0.0',29,170),(7731,'0.0',29,171),(7732,'0.0',29,172),(7733,'0.0',29,173),(7734,'0.0',29,174),(7735,'0.0',29,175),(7736,'0.0',29,176),(7737,'0.0',29,177),(7738,'0.0',29,178),(7739,'0.0',29,179),(7740,'0.0',29,180),(7741,'0.0',29,181),(7742,'0.0',29,182),(7743,'0.0',29,183),(7744,'0.0',29,184),(7745,'0.0',29,185),(7746,'0.0',29,186),(7747,'0.0',29,187),(7748,'0.0',29,188),(7749,'0.0',29,189),(7750,'0.0',29,190),(7751,'0.0',29,191),(7752,'0.0',29,192),(7753,'0.0',29,193),(7754,'0.0',29,194),(7755,'0.0',29,195),(7756,'0.0',29,196),(7757,'0.472324145310442',29,197),(7758,'0.0',29,198),(7759,'0.0',29,199),(7760,'0.0',29,200),(7761,'0.0',29,201),(7762,'0.0',29,202),(7763,'0.0',29,203),(7764,'0.0',29,204),(7765,'0.0',29,205),(7766,'0.0',29,206),(7767,'0.0',29,207),(7768,'0.0',29,208),(7769,'0.0',29,209),(7770,'0.0',29,210),(7771,'0.0',29,211),(7772,'0.0',29,212),(7773,'0.0',29,213),(7774,'0.0',29,214),(7775,'0.0',29,215),(7776,'0.0',29,216),(7777,'0.0',29,217),(7778,'0.0',29,218),(7779,'0.0',29,219),(7780,'0.0',29,220),(7781,'0.0',29,221),(7782,'0.0',29,222),(7783,'0.0',29,223),(7784,'0.0',29,224),(7785,'0.0',29,225),(7786,'0.0',29,226),(7787,'0.0',29,227),(7788,'0.0',29,228),(7789,'0.0',29,229),(7790,'0.0',29,230),(7791,'0.0',29,231),(7792,'0.397937536112589',29,232),(7793,'0.0',29,233),(7794,'0.0',29,234),(7795,'0.0',29,235),(7796,'0.0',29,236),(7797,'0.0',29,237),(7798,'0.0',29,238),(7799,'0.0',29,239),(7800,'0.0',29,240),(7801,'0.0',29,241),(7802,'0.0',29,242),(7803,'0.0',29,243),(7804,'0.0',29,244),(7805,'0.0',29,245),(7806,'0.0',29,246),(7807,'0.0',29,247),(7808,'0.0',29,248),(7809,'0.0',29,249),(7810,'0.0',29,250),(7811,'0.0',29,251),(7812,'0.0',29,252),(7813,'0.0',29,253),(7814,'0.0',29,254),(7815,'0.0',29,255),(7816,'0.0',29,256),(7817,'0.0',29,257),(7818,'0.0',29,258),(7819,'0.0',29,259),(7820,'0.0',29,260),(7821,'0.0',29,261),(7822,'0.0',29,262),(7823,'0.0',29,263),(7824,'0.0',29,264),(7825,'0.0',29,265),(7826,'0.0',29,266),(7827,'0.0',29,267),(7828,'0.0',29,268),(7829,'0.0',29,269),(7830,'0.472324145310442',29,270),(7831,'0.0',30,1),(7832,'0.0',30,2),(7833,'0.0',30,3),(7834,'0.0',30,4),(7835,'0.0',30,5),(7836,'0.0',30,6),(7837,'0.0',30,7),(7838,'0.0',30,8),(7839,'0.0',30,9),(7840,'0.0',30,10),(7841,'0.0',30,11),(7842,'0.0',30,12),(7843,'0.0',30,13),(7844,'0.0',30,14),(7845,'0.0',30,15),(7846,'0.0',30,16),(7847,'0.0',30,17),(7848,'0.0',30,18),(7849,'0.0',30,19),(7850,'0.0',30,20),(7851,'0.0',30,21),(7852,'0.0',30,22),(7853,'0.0',30,23),(7854,'0.0',30,24),(7855,'0.0',30,25),(7856,'0.0',30,26),(7857,'0.0',30,27),(7858,'0.0',30,28),(7859,'0.0',30,29),(7860,'0.0',30,30),(7861,'0.0',30,31),(7862,'0.0',30,32),(7863,'0.0',30,33),(7864,'0.0',30,34),(7865,'0.0',30,35),(7866,'0.0',30,36),(7867,'0.0',30,37),(7868,'0.0',30,38),(7869,'0.0',30,39),(7870,'0.449248974723392',30,40),(7871,'0.0',30,41),(7872,'0.0',30,42),(7873,'0.0',30,43),(7874,'0.0',30,44),(7875,'0.0',30,45),(7876,'0.0',30,46),(7877,'0.0',30,47),(7878,'0.0',30,48),(7879,'0.0',30,49),(7880,'0.0',30,50),(7881,'0.0',30,51),(7882,'0.0',30,52),(7883,'0.0',30,53),(7884,'0.0',30,54),(7885,'0.0',30,55),(7886,'0.0',30,56),(7887,'0.0',30,57),(7888,'0.0',30,58),(7889,'0.0',30,59),(7890,'0.0',30,60),(7891,'0.449248974723392',30,61),(7892,'0.0',30,62),(7893,'0.0',30,63),(7894,'0.0',30,64),(7895,'0.0',30,65),(7896,'0.0',30,66),(7897,'0.0',30,67),(7898,'0.0',30,68),(7899,'0.0',30,69),(7900,'0.0',30,70),(7901,'0.0',30,71),(7902,'0.0',30,72),(7903,'0.0',30,73),(7904,'0.0',30,74),(7905,'0.0',30,75),(7906,'0.0',30,76),(7907,'0.0',30,77),(7908,'0.0',30,78),(7909,'0.0',30,79),(7910,'0.0',30,80),(7911,'0.0',30,81),(7912,'0.0',30,82),(7913,'0.0',30,83),(7914,'0.0',30,84),(7915,'0.0',30,85),(7916,'0.0',30,86),(7917,'0.0',30,87),(7918,'0.0',30,88),(7919,'0.0',30,89),(7920,'0.0',30,90),(7921,'0.0',30,91),(7922,'0.0',30,92),(7923,'0.0',30,93),(7924,'0.0',30,94),(7925,'0.0',30,95),(7926,'0.0',30,96),(7927,'0.0',30,97),(7928,'0.284966787549838',30,98),(7929,'0.0',30,99),(7930,'0.0',30,100),(7931,'0.0',30,101),(7932,'0.0',30,102),(7933,'0.0',30,103),(7934,'0.0',30,104),(7935,'0.0',30,105),(7936,'0.0',30,106),(7937,'0.0',30,107),(7938,'0.0',30,108),(7939,'0.0',30,109),(7940,'0.0',30,110),(7941,'0.0',30,111),(7942,'0.0',30,112),(7943,'0.0',30,113),(7944,'0.0',30,114),(7945,'0.0',30,115),(7946,'0.0',30,116),(7947,'0.0',30,117),(7948,'0.0',30,118),(7949,'0.0',30,119),(7950,'0.0',30,120),(7951,'0.0',30,121),(7952,'0.0',30,122),(7953,'0.0',30,123),(7954,'0.0',30,124),(7955,'0.0',30,125),(7956,'0.0',30,126),(7957,'0.0',30,127),(7958,'0.0',30,128),(7959,'0.0',30,129),(7960,'0.0',30,130),(7961,'0.0',30,131),(7962,'0.0',30,132),(7963,'0.0',30,133),(7964,'0.0',30,134),(7965,'0.0',30,135),(7966,'0.0',30,136),(7967,'0.0',30,137),(7968,'0.0',30,138),(7969,'0.0',30,139),(7970,'0.0',30,140),(7971,'0.0',30,141),(7972,'0.0',30,142),(7973,'0.0',30,143),(7974,'0.0',30,144),(7975,'0.0',30,145),(7976,'0.236991513949367',30,146),(7977,'0.0',30,147),(7978,'0.0',30,148),(7979,'0.0',30,149),(7980,'0.0',30,150),(7981,'0.0',30,151),(7982,'0.0',30,152),(7983,'0.0',30,153),(7984,'0.0',30,154),(7985,'0.0',30,155),(7986,'0.0',30,156),(7987,'0.0',30,157),(7988,'0.0',30,158),(7989,'0.0',30,159),(7990,'0.0',30,160),(7991,'0.0',30,161),(7992,'0.0',30,162),(7993,'0.0',30,163),(7994,'0.0',30,164),(7995,'0.0',30,165),(7996,'0.0',30,166),(7997,'0.0',30,167),(7998,'0.0',30,168),(7999,'0.0',30,169),(8000,'0.0',30,170),(8001,'0.0',30,171),(8002,'0.0',30,172),(8003,'0.0',30,173),(8004,'0.0',30,174),(8005,'0.0',30,175),(8006,'0.0',30,176),(8007,'0.0',30,177),(8008,'0.321374119232264',30,178),(8009,'0.0',30,179),(8010,'0.0',30,180),(8011,'0.0',30,181),(8012,'0.0',30,182),(8013,'0.0',30,183),(8014,'0.0',30,184),(8015,'0.0',30,185),(8016,'0.0',30,186),(8017,'0.0',30,187),(8018,'0.0',30,188),(8019,'0.0',30,189),(8020,'0.0',30,190),(8021,'0.0',30,191),(8022,'0.0',30,192),(8023,'0.0',30,193),(8024,'0.0',30,194),(8025,'0.0',30,195),(8026,'0.0',30,196),(8027,'0.0',30,197),(8028,'0.0',30,198),(8029,'0.0',30,199),(8030,'0.0',30,200),(8031,'0.0',30,201),(8032,'0.0',30,202),(8033,'0.0',30,203),(8034,'0.0',30,204),(8035,'0.0',30,205),(8036,'0.0',30,206),(8037,'0.0',30,207),(8038,'0.0',30,208),(8039,'0.0',30,209),(8040,'0.0',30,210),(8041,'0.0',30,211),(8042,'0.250621632307589',30,212),(8043,'0.0',30,213),(8044,'0.0',30,214),(8045,'0.0',30,215),(8046,'0.0',30,216),(8047,'0.355719274474513',30,217),(8048,'0.0',30,218),(8049,'0.0',30,219),(8050,'0.0',30,220),(8051,'0.0',30,221),(8052,'0.0',30,222),(8053,'0.0',30,223),(8054,'0.0',30,224),(8055,'0.0',30,225),(8056,'0.0',30,226),(8057,'0.0',30,227),(8058,'0.0',30,228),(8059,'0.0',30,229),(8060,'0.0',30,230),(8061,'0.0',30,231),(8062,'0.0',30,232),(8063,'0.0',30,233),(8064,'0.0',30,234),(8065,'0.0',30,235),(8066,'0.0',30,236),(8067,'0.0',30,237),(8068,'0.0',30,238),(8069,'0.0',30,239),(8070,'0.0',30,240),(8071,'0.0',30,241),(8072,'0.0',30,242),(8073,'0.0',30,243),(8074,'0.0',30,244),(8075,'0.0',30,245),(8076,'0.0',30,246),(8077,'0.0',30,247),(8078,'0.0',30,248),(8079,'0.0',30,249),(8080,'0.0',30,250),(8081,'0.0',30,251),(8082,'0.0',30,252),(8083,'0.0',30,253),(8084,'0.0',30,254),(8085,'0.0',30,255),(8086,'0.0',30,256),(8087,'0.0',30,257),(8088,'0.407861423039693',30,258),(8089,'0.0',30,259),(8090,'0.0',30,260),(8091,'0.0',30,261),(8092,'0.0',30,262),(8093,'0.0',30,263),(8094,'0.0',30,264),(8095,'0.0',30,265),(8096,'0.0',30,266),(8097,'0.0',30,267),(8098,'0.0',30,268),(8099,'0.0',30,269),(8100,'0.0',30,270),(8101,'0.0',31,1),(8102,'0.0',31,2),(8103,'0.0',31,3),(8104,'0.0',31,4),(8105,'0.0',31,5),(8106,'0.0',31,6),(8107,'0.0',31,7),(8108,'0.0',31,8),(8109,'0.0',31,9),(8110,'0.0',31,10),(8111,'0.0',31,11),(8112,'0.0',31,12),(8113,'0.0',31,13),(8114,'0.0',31,14),(8115,'0.0',31,15),(8116,'0.25308144032612',31,16),(8117,'0.0',31,17),(8118,'0.0',31,18),(8119,'0.0',31,19),(8120,'0.0',31,20),(8121,'0.25308144032612',31,21),(8122,'0.0',31,22),(8123,'0.0',31,23),(8124,'0.0',31,24),(8125,'0.0',31,25),(8126,'0.0',31,26),(8127,'0.0',31,27),(8128,'0.0',31,28),(8129,'0.0',31,29),(8130,'0.0',31,30),(8131,'0.0',31,31),(8132,'0.0',31,32),(8133,'0.0',31,33),(8134,'0.0',31,34),(8135,'0.0',31,35),(8136,'0.0',31,36),(8137,'0.300390046547782',31,37),(8138,'0.0',31,38),(8139,'0.0',31,39),(8140,'0.0',31,40),(8141,'0.0',31,41),(8142,'0.0',31,42),(8143,'0.0',31,43),(8144,'0.0',31,44),(8145,'0.0',31,45),(8146,'0.0',31,46),(8147,'0.0',31,47),(8148,'0.0',31,48),(8149,'0.0',31,49),(8150,'0.0',31,50),(8151,'0.0',31,51),(8152,'0.0',31,52),(8153,'0.0',31,53),(8154,'0.0',31,54),(8155,'0.0',31,55),(8156,'0.0',31,56),(8157,'0.0',31,57),(8158,'0.0',31,58),(8159,'0.0',31,59),(8160,'0.0',31,60),(8161,'0.0',31,61),(8162,'0.0',31,62),(8163,'0.0',31,63),(8164,'0.158464227882795',31,64),(8165,'0.0',31,65),(8166,'0.0',31,66),(8167,'0.0',31,67),(8168,'0.0',31,68),(8169,'0.0',31,69),(8170,'0.0',31,70),(8171,'0.0',31,71),(8172,'0.0',31,72),(8173,'0.0',31,73),(8174,'0.0',31,74),(8175,'0.0',31,75),(8176,'0.0',31,76),(8177,'0.0',31,77),(8178,'0.0',31,78),(8179,'0.0',31,79),(8180,'0.0',31,80),(8181,'0.0',31,81),(8182,'0.0',31,82),(8183,'0.0',31,83),(8184,'0.0',31,84),(8185,'0.0',31,85),(8186,'0.0',31,86),(8187,'0.0',31,87),(8188,'0.0',31,88),(8189,'0.0',31,89),(8190,'0.0',31,90),(8191,'0.0',31,91),(8192,'0.0',31,92),(8193,'0.0',31,93),(8194,'0.0',31,94),(8195,'0.0',31,95),(8196,'0.0',31,96),(8197,'0.0',31,97),(8198,'0.0',31,98),(8199,'0.0',31,99),(8200,'0.0',31,100),(8201,'0.0',31,101),(8202,'0.0',31,102),(8203,'0.0',31,103),(8204,'0.0',31,104),(8205,'0.0',31,105),(8206,'0.0',31,106),(8207,'0.0',31,107),(8208,'0.0',31,108),(8209,'0.0',31,109),(8210,'0.0',31,110),(8211,'0.0',31,111),(8212,'0.0',31,112),(8213,'0.0',31,113),(8214,'0.0',31,114),(8215,'0.0',31,115),(8216,'0.0',31,116),(8217,'0.0',31,117),(8218,'0.0',31,118),(8219,'0.0',31,119),(8220,'0.0',31,120),(8221,'0.0',31,121),(8222,'0.197733919124008',31,122),(8223,'0.0',31,123),(8224,'0.0',31,124),(8225,'0.0',31,125),(8226,'0.0',31,126),(8227,'0.0',31,127),(8228,'0.0',31,128),(8229,'0.0',31,129),(8230,'0.0',31,130),(8231,'0.0',31,131),(8232,'0.214886604237376',31,132),(8233,'0.0',31,133),(8234,'0.0',31,134),(8235,'0.0',31,135),(8236,'0.0',31,136),(8237,'0.0',31,137),(8238,'0.0',31,138),(8239,'0.0',31,139),(8240,'0.0',31,140),(8241,'0.0',31,141),(8242,'0.0',31,142),(8243,'0.0',31,143),(8244,'0.0',31,144),(8245,'0.0',31,145),(8246,'0.158464227882795',31,146),(8247,'0.0',31,147),(8248,'0.0',31,148),(8249,'0.0',31,149),(8250,'0.0',31,150),(8251,'0.0',31,151),(8252,'0.0',31,152),(8253,'0.0',31,153),(8254,'0.0',31,154),(8255,'0.0',31,155),(8256,'0.300390046547782',31,156),(8257,'0.0',31,157),(8258,'0.0',31,158),(8259,'0.0',31,159),(8260,'0.0',31,160),(8261,'0.272716285946726',31,161),(8262,'0.0',31,162),(8263,'0.300390046547782',31,163),(8264,'0.0',31,164),(8265,'0.0',31,165),(8266,'0.0',31,166),(8267,'0.0',31,167),(8268,'0.0',31,168),(8269,'0.0',31,169),(8270,'0.0',31,170),(8271,'0.0',31,171),(8272,'0.0',31,172),(8273,'0.0',31,173),(8274,'0.0',31,174),(8275,'0.0',31,175),(8276,'0.0',31,176),(8277,'0.0',31,177),(8278,'0.0',31,178),(8279,'0.0',31,179),(8280,'0.0',31,180),(8281,'0.0',31,181),(8282,'0.0',31,182),(8283,'0.0',31,183),(8284,'0.0',31,184),(8285,'0.0',31,185),(8286,'0.0',31,186),(8287,'0.0',31,187),(8288,'0.0',31,188),(8289,'0.0',31,189),(8290,'0.0',31,190),(8291,'0.0',31,191),(8292,'0.0',31,192),(8293,'0.0',31,193),(8294,'0.0',31,194),(8295,'0.0',31,195),(8296,'0.0',31,196),(8297,'0.0',31,197),(8298,'0.0',31,198),(8299,'0.0',31,199),(8300,'0.0',31,200),(8301,'0.0',31,201),(8302,'0.0',31,202),(8303,'0.0',31,203),(8304,'0.0',31,204),(8305,'0.0',31,205),(8306,'0.0',31,206),(8307,'0.0',31,207),(8308,'0.0',31,208),(8309,'0.0',31,209),(8310,'0.0',31,210),(8311,'0.0',31,211),(8312,'0.0',31,212),(8313,'0.0',31,213),(8314,'0.0',31,214),(8315,'0.0',31,215),(8316,'0.25308144032612',31,216),(8317,'0.237851470853403',31,217),(8318,'0.0',31,218),(8319,'0.0',31,219),(8320,'0.0',31,220),(8321,'0.0',31,221),(8322,'0.0',31,222),(8323,'0.0',31,223),(8324,'0.0',31,224),(8325,'0.0',31,225),(8326,'0.0',31,226),(8327,'0.0',31,227),(8328,'0.0',31,228),(8329,'0.0',31,229),(8330,'0.0',31,230),(8331,'0.0',31,231),(8332,'0.0',31,232),(8333,'0.0',31,233),(8334,'0.0',31,234),(8335,'0.0',31,235),(8336,'0.0',31,236),(8337,'0.0',31,237),(8338,'0.0',31,238),(8339,'0.0',31,239),(8340,'0.0',31,240),(8341,'0.0',31,241),(8342,'0.0',31,242),(8343,'0.0',31,243),(8344,'0.0',31,244),(8345,'0.0',31,245),(8346,'0.0',31,246),(8347,'0.0',31,247),(8348,'0.0',31,248),(8349,'0.0',31,249),(8350,'0.0',31,250),(8351,'0.0',31,251),(8352,'0.0',31,252),(8353,'0.0',31,253),(8354,'0.0',31,254),(8355,'0.0',31,255),(8356,'0.0',31,256),(8357,'0.300390046547782',31,257),(8358,'0.0',31,258),(8359,'0.0',31,259),(8360,'0.0',31,260),(8361,'0.0',31,261),(8362,'0.300390046547782',31,262),(8363,'0.0',31,263),(8364,'0.0',31,264),(8365,'0.0',31,265),(8366,'0.0',31,266),(8367,'0.0',31,267),(8368,'0.300390046547782',31,268),(8369,'0.0',31,269),(8370,'0.0',31,270),(8371,'0.0',32,1),(8372,'0.0',32,2),(8373,'0.0',32,3),(8374,'0.0',32,4),(8375,'0.0',32,5),(8376,'0.0',32,6),(8377,'0.0',32,7),(8378,'0.0',32,8),(8379,'0.0',32,9),(8380,'0.0',32,10),(8381,'0.0',32,11),(8382,'0.0',32,12),(8383,'0.0',32,13),(8384,'0.0',32,14),(8385,'0.0',32,15),(8386,'0.0',32,16),(8387,'0.0',32,17),(8388,'0.0',32,18),(8389,'0.0',32,19),(8390,'0.0',32,20),(8391,'0.0',32,21),(8392,'0.0',32,22),(8393,'0.0',32,23),(8394,'0.0',32,24),(8395,'0.0',32,25),(8396,'0.361900656571437',32,26),(8397,'0.0',32,27),(8398,'0.0',32,28),(8399,'0.0',32,29),(8400,'0.0',32,30),(8401,'0.429550878693759',32,31),(8402,'0.0',32,32),(8403,'0.0',32,33),(8404,'0.0',32,34),(8405,'0.0',32,35),(8406,'0.0',32,36),(8407,'0.0',32,37),(8408,'0.0',32,38),(8409,'0.0',32,39),(8410,'0.0',32,40),(8411,'0.0',32,41),(8412,'0.0',32,42),(8413,'0.0',32,43),(8414,'0.0',32,44),(8415,'0.0',32,45),(8416,'0.0',32,46),(8417,'0.0',32,47),(8418,'0.0',32,48),(8419,'0.0',32,49),(8420,'0.0',32,50),(8421,'0.0',32,51),(8422,'0.0',32,52),(8423,'0.0',32,53),(8424,'0.0',32,54),(8425,'0.0',32,55),(8426,'0.0',32,56),(8427,'0.0',32,57),(8428,'0.0',32,58),(8429,'0.0',32,59),(8430,'0.0',32,60),(8431,'0.0',32,61),(8432,'0.0',32,62),(8433,'0.0',32,63),(8434,'0.0',32,64),(8435,'0.0',32,65),(8436,'0.0',32,66),(8437,'0.0',32,67),(8438,'0.0',32,68),(8439,'0.0',32,69),(8440,'0.0',32,70),(8441,'0.0',32,71),(8442,'0.0',32,72),(8443,'0.0',32,73),(8444,'0.0',32,74),(8445,'0.0',32,75),(8446,'0.0',32,76),(8447,'0.0',32,77),(8448,'0.0',32,78),(8449,'0.0',32,79),(8450,'0.0',32,80),(8451,'0.0',32,81),(8452,'0.0',32,82),(8453,'0.0',32,83),(8454,'0.0',32,84),(8455,'0.0',32,85),(8456,'0.0',32,86),(8457,'0.0',32,87),(8458,'0.0',32,88),(8459,'0.0',32,89),(8460,'0.0',32,90),(8461,'0.0',32,91),(8462,'0.0',32,92),(8463,'0.0',32,93),(8464,'0.0',32,94),(8465,'0.0',32,95),(8466,'0.0',32,96),(8467,'0.0',32,97),(8468,'0.0',32,98),(8469,'0.0',32,99),(8470,'0.0',32,100),(8471,'0.0',32,101),(8472,'0.0',32,102),(8473,'0.0',32,103),(8474,'0.0',32,104),(8475,'0.0',32,105),(8476,'0.0',32,106),(8477,'0.0',32,107),(8478,'0.0',32,108),(8479,'0.0',32,109),(8480,'0.0',32,110),(8481,'0.0',32,111),(8482,'0.0',32,112),(8483,'0.0',32,113),(8484,'0.0',32,114),(8485,'0.0',32,115),(8486,'0.0',32,116),(8487,'0.0',32,117),(8488,'0.0',32,118),(8489,'0.0',32,119),(8490,'0.0',32,120),(8491,'0.0',32,121),(8492,'0.0',32,122),(8493,'0.429550878693759',32,123),(8494,'0.0',32,124),(8495,'0.0',32,125),(8496,'0.0',32,126),(8497,'0.0',32,127),(8498,'0.0',32,128),(8499,'0.0',32,129),(8500,'0.0',32,130),(8501,'0.0',32,131),(8502,'0.0',32,132),(8503,'0.0',32,133),(8504,'0.0',32,134),(8505,'0.0',32,135),(8506,'0.0',32,136),(8507,'0.0',32,137),(8508,'0.0',32,138),(8509,'0.0',32,139),(8510,'0.0',32,140),(8511,'0.0',32,141),(8512,'0.361900656571437',32,142),(8513,'0.0',32,143),(8514,'0.0',32,144),(8515,'0.0',32,145),(8516,'0.0',32,146),(8517,'0.0',32,147),(8518,'0.0',32,148),(8519,'0.0',32,149),(8520,'0.0',32,150),(8521,'0.0',32,151),(8522,'0.0',32,152),(8523,'0.0',32,153),(8524,'0.429550878693759',32,154),(8525,'0.0',32,155),(8526,'0.0',32,156),(8527,'0.0',32,157),(8528,'0.0',32,158),(8529,'0.0',32,159),(8530,'0.0',32,160),(8531,'0.0',32,161),(8532,'0.0',32,162),(8533,'0.0',32,163),(8534,'0.0',32,164),(8535,'0.0',32,165),(8536,'0.429550878693759',32,166),(8537,'0.0',32,167),(8538,'0.0',32,168),(8539,'0.0',32,169),(8540,'0.0',32,170),(8541,'0.0',32,171),(8542,'0.0',32,172),(8543,'0.0',32,173),(8544,'0.0',32,174),(8545,'0.0',32,175),(8546,'0.0',32,176),(8547,'0.0',32,177),(8548,'0.0',32,178),(8549,'0.0',32,179),(8550,'0.0',32,180),(8551,'0.0',32,181),(8552,'0.0',32,182),(8553,'0.0',32,183),(8554,'0.0',32,184),(8555,'0.0',32,185),(8556,'0.0',32,186),(8557,'0.0',32,187),(8558,'0.0',32,188),(8559,'0.0',32,189),(8560,'0.0',32,190),(8561,'0.0',32,191),(8562,'0.0',32,192),(8563,'0.0',32,193),(8564,'0.0',32,194),(8565,'0.0',32,195),(8566,'0.0',32,196),(8567,'0.0',32,197),(8568,'0.0',32,198),(8569,'0.0',32,199),(8570,'0.0',32,200),(8571,'0.0',32,201),(8572,'0.0',32,202),(8573,'0.0',32,203),(8574,'0.0',32,204),(8575,'0.0',32,205),(8576,'0.0',32,206),(8577,'0.0',32,207),(8578,'0.0',32,208),(8579,'0.0',32,209),(8580,'0.0',32,210),(8581,'0.0',32,211),(8582,'0.0',32,212),(8583,'0.0',32,213),(8584,'0.0',32,214),(8585,'0.0',32,215),(8586,'0.0',32,216),(8587,'0.0',32,217),(8588,'0.0',32,218),(8589,'0.0',32,219),(8590,'0.0',32,220),(8591,'0.0',32,221),(8592,'0.0',32,222),(8593,'0.0',32,223),(8594,'0.0',32,224),(8595,'0.0',32,225),(8596,'0.0',32,226),(8597,'0.0',32,227),(8598,'0.0',32,228),(8599,'0.0',32,229),(8600,'0.0',32,230),(8601,'0.0',32,231),(8602,'0.0',32,232),(8603,'0.0',32,233),(8604,'0.0',32,234),(8605,'0.0',32,235),(8606,'0.0',32,236),(8607,'0.0',32,237),(8608,'0.0',32,238),(8609,'0.0',32,239),(8610,'0.0',32,240),(8611,'0.0',32,241),(8612,'0.0',32,242),(8613,'0.0',32,243),(8614,'0.0',32,244),(8615,'0.0',32,245),(8616,'0.0',32,246),(8617,'0.0',32,247),(8618,'0.0',32,248),(8619,'0.0',32,249),(8620,'0.0',32,250),(8621,'0.0',32,251),(8622,'0.0',32,252),(8623,'0.0',32,253),(8624,'0.0',32,254),(8625,'0.0',32,255),(8626,'0.0',32,256),(8627,'0.0',32,257),(8628,'0.0',32,258),(8629,'0.0',32,259),(8630,'0.0',32,260),(8631,'0.0',32,261),(8632,'0.0',32,262),(8633,'0.0',32,263),(8634,'0.0',32,264),(8635,'0.0',32,265),(8636,'0.0',32,266),(8637,'0.0',32,267),(8638,'0.0',32,268),(8639,'0.0',32,269),(8640,'0.0',32,270),(8641,'0.0',33,1),(8642,'0.0',33,2),(8643,'0.0',33,3),(8644,'0.0',33,4),(8645,'0.0',33,5),(8646,'0.0',33,6),(8647,'0.0',33,7),(8648,'0.0',33,8),(8649,'0.0',33,9),(8650,'0.0',33,10),(8651,'0.31532383617424',33,11),(8652,'0.0',33,12),(8653,'0.0',33,13),(8654,'0.0',33,14),(8655,'0.0',33,15),(8656,'0.0',33,16),(8657,'0.0',33,17),(8658,'0.0',33,18),(8659,'0.0',33,19),(8660,'0.0',33,20),(8661,'0.292621360514286',33,21),(8662,'0.0',33,22),(8663,'0.0',33,23),(8664,'0.0',33,24),(8665,'0.0',33,25),(8666,'0.0',33,26),(8667,'0.0',33,27),(8668,'0.0',33,28),(8669,'0.0',33,29),(8670,'0.0',33,30),(8671,'0.0',33,31),(8672,'0.0',33,32),(8673,'0.0',33,33),(8674,'0.0',33,34),(8675,'0.0',33,35),(8676,'0.0',33,36),(8677,'0.0',33,37),(8678,'0.0',33,38),(8679,'0.0',33,39),(8680,'0.0',33,40),(8681,'0.0',33,41),(8682,'0.0',33,42),(8683,'0.0',33,43),(8684,'0.0',33,44),(8685,'0.0',33,45),(8686,'0.0',33,46),(8687,'0.0',33,47),(8688,'0.0',33,48),(8689,'0.347321178481099',33,49),(8690,'0.0',33,50),(8691,'0.0',33,51),(8692,'0.0',33,52),(8693,'0.0',33,53),(8694,'0.292621360514286',33,54),(8695,'0.0',33,55),(8696,'0.0',33,56),(8697,'0.0',33,57),(8698,'0.347321178481099',33,58),(8699,'0.0',33,59),(8700,'0.0',33,60),(8701,'0.0',33,61),(8702,'0.0',33,62),(8703,'0.0',33,63),(8704,'0.0',33,64),(8705,'0.0',33,65),(8706,'0.0',33,66),(8707,'0.0',33,67),(8708,'0.347321178481099',33,68),(8709,'0.0',33,69),(8710,'0.0',33,70),(8711,'0.0',33,71),(8712,'0.0',33,72),(8713,'0.0',33,73),(8714,'0.0',33,74),(8715,'0.0',33,75),(8716,'0.0',33,76),(8717,'0.0',33,77),(8718,'0.0',33,78),(8719,'0.0',33,79),(8720,'0.0',33,80),(8721,'0.0',33,81),(8722,'0.0',33,82),(8723,'0.0',33,83),(8724,'0.0',33,84),(8725,'0.0',33,85),(8726,'0.0',33,86),(8727,'0.0',33,87),(8728,'0.0',33,88),(8729,'0.0',33,89),(8730,'0.0',33,90),(8731,'0.0',33,91),(8732,'0.0',33,92),(8733,'0.0',33,93),(8734,'0.0',33,94),(8735,'0.0',33,95),(8736,'0.0',33,96),(8737,'0.0',33,97),(8738,'0.0',33,98),(8739,'0.0',33,99),(8740,'0.0',33,100),(8741,'0.0',33,101),(8742,'0.0',33,102),(8743,'0.0',33,103),(8744,'0.0',33,104),(8745,'0.0',33,105),(8746,'0.0',33,106),(8747,'0.0',33,107),(8748,'0.31532383617424',33,108),(8749,'0.0',33,109),(8750,'0.0',33,110),(8751,'0.0',33,111),(8752,'0.0',33,112),(8753,'0.0',33,113),(8754,'0.0',33,114),(8755,'0.0',33,115),(8756,'0.0',33,116),(8757,'0.248459193243125',33,117),(8758,'0.0',33,118),(8759,'0.0',33,119),(8760,'0.0',33,120),(8761,'0.0',33,121),(8762,'0.0',33,122),(8763,'0.0',33,123),(8764,'0.0',33,124),(8765,'0.0',33,125),(8766,'0.0',33,126),(8767,'0.0',33,127),(8768,'0.0',33,128),(8769,'0.0',33,129),(8770,'0.0',33,130),(8771,'0.0',33,131),(8772,'0.0',33,132),(8773,'0.0',33,133),(8774,'0.0',33,134),(8775,'0.0',33,135),(8776,'0.0',33,136),(8777,'0.0',33,137),(8778,'0.0',33,138),(8779,'0.0',33,139),(8780,'0.0',33,140),(8781,'0.0',33,141),(8782,'0.0',33,142),(8783,'0.0',33,143),(8784,'0.0',33,144),(8785,'0.0',33,145),(8786,'0.0',33,146),(8787,'0.0',33,147),(8788,'0.0',33,148),(8789,'0.0',33,149),(8790,'0.0',33,150),(8791,'0.0',33,151),(8792,'0.0',33,152),(8793,'0.0',33,153),(8794,'0.0',33,154),(8795,'0.0',33,155),(8796,'0.0',33,156),(8797,'0.0',33,157),(8798,'0.0',33,158),(8799,'0.0',33,159),(8800,'0.0',33,160),(8801,'0.0',33,161),(8802,'0.0',33,162),(8803,'0.0',33,163),(8804,'0.0',33,164),(8805,'0.0',33,165),(8806,'0.0',33,166),(8807,'0.0',33,167),(8808,'0.0',33,168),(8809,'0.0',33,169),(8810,'0.0',33,170),(8811,'0.0',33,171),(8812,'0.0',33,172),(8813,'0.0',33,173),(8814,'0.0',33,174),(8815,'0.0',33,175),(8816,'0.0',33,176),(8817,'0.0',33,177),(8818,'0.0',33,178),(8819,'0.0',33,179),(8820,'0.0',33,180),(8821,'0.0',33,181),(8822,'0.0',33,182),(8823,'0.0',33,183),(8824,'0.0',33,184),(8825,'0.0',33,185),(8826,'0.0',33,186),(8827,'0.0',33,187),(8828,'0.0',33,188),(8829,'0.0',33,189),(8830,'0.0',33,190),(8831,'0.0',33,191),(8832,'0.0',33,192),(8833,'0.0',33,193),(8834,'0.0',33,194),(8835,'0.0',33,195),(8836,'0.0',33,196),(8837,'0.0',33,197),(8838,'0.0',33,198),(8839,'0.0',33,199),(8840,'0.0',33,200),(8841,'0.0',33,201),(8842,'0.0',33,202),(8843,'0.0',33,203),(8844,'0.0',33,204),(8845,'0.0',33,205),(8846,'0.0',33,206),(8847,'0.0',33,207),(8848,'0.0',33,208),(8849,'0.0',33,209),(8850,'0.0',33,210),(8851,'0.0',33,211),(8852,'0.0',33,212),(8853,'0.0',33,213),(8854,'0.0',33,214),(8855,'0.0',33,215),(8856,'0.0',33,216),(8857,'0.0',33,217),(8858,'0.0',33,218),(8859,'0.0',33,219),(8860,'0.0',33,220),(8861,'0.0',33,221),(8862,'0.0',33,222),(8863,'0.0',33,223),(8864,'0.0',33,224),(8865,'0.0',33,225),(8866,'0.0',33,226),(8867,'0.0',33,227),(8868,'0.0',33,228),(8869,'0.0',33,229),(8870,'0.0',33,230),(8871,'0.0',33,231),(8872,'0.0',33,232),(8873,'0.0',33,233),(8874,'0.0',33,234),(8875,'0.0',33,235),(8876,'0.0',33,236),(8877,'0.0',33,237),(8878,'0.0',33,238),(8879,'0.0',33,239),(8880,'0.0',33,240),(8881,'0.0',33,241),(8882,'0.0',33,242),(8883,'0.0',33,243),(8884,'0.292621360514286',33,244),(8885,'0.0',33,245),(8886,'0.0',33,246),(8887,'0.0',33,247),(8888,'0.347321178481099',33,248),(8889,'0.0',33,249),(8890,'0.0',33,250),(8891,'0.0',33,251),(8892,'0.0',33,252),(8893,'0.0',33,253),(8894,'0.0',33,254),(8895,'0.0',33,255),(8896,'0.0',33,256),(8897,'0.0',33,257),(8898,'0.0',33,258),(8899,'0.0',33,259),(8900,'0.0',33,260),(8901,'0.0',33,261),(8902,'0.0',33,262),(8903,'0.0',33,263),(8904,'0.0',33,264),(8905,'0.0',33,265),(8906,'0.0',33,266),(8907,'0.0',33,267),(8908,'0.0',33,268),(8909,'0.0',33,269),(8910,'0.0',33,270),(8911,'0.0',34,1),(8912,'0.0',34,2),(8913,'0.0',34,3),(8914,'0.0',34,4),(8915,'0.0',34,5),(8916,'0.0',34,6),(8917,'0.0',34,7),(8918,'0.0',34,8),(8919,'0.0',34,9),(8920,'0.0',34,10),(8921,'0.0',34,11),(8922,'0.371119407990822',34,12),(8923,'0.0',34,13),(8924,'0.0',34,14),(8925,'0.0',34,15),(8926,'0.0',34,16),(8927,'0.0',34,17),(8928,'0.0',34,18),(8929,'0.0',34,19),(8930,'0.0',34,20),(8931,'0.0',34,21),(8932,'0.0',34,22),(8933,'0.0',34,23),(8934,'0.0',34,24),(8935,'0.0',34,25),(8936,'0.0',34,26),(8937,'0.0',34,27),(8938,'0.0',34,28),(8939,'0.0',34,29),(8940,'0.0',34,30),(8941,'0.0',34,31),(8942,'0.0',34,32),(8943,'0.0',34,33),(8944,'0.0',34,34),(8945,'0.0',34,35),(8946,'0.0',34,36),(8947,'0.0',34,37),(8948,'0.0',34,38),(8949,'0.0',34,39),(8950,'0.0',34,40),(8951,'0.0',34,41),(8952,'0.0',34,42),(8953,'0.0',34,43),(8954,'0.0',34,44),(8955,'0.0',34,45),(8956,'0.0',34,46),(8957,'0.0',34,47),(8958,'0.0',34,48),(8959,'0.0',34,49),(8960,'0.0',34,50),(8961,'0.0',34,51),(8962,'0.0',34,52),(8963,'0.0',34,53),(8964,'0.0',34,54),(8965,'0.371119407990822',34,55),(8966,'0.0',34,56),(8967,'0.0',34,57),(8968,'0.0',34,58),(8969,'0.0',34,59),(8970,'0.0',34,60),(8971,'0.0',34,61),(8972,'0.0',34,62),(8973,'0.0',34,63),(8974,'0.0',34,64),(8975,'0.0',34,65),(8976,'0.0',34,66),(8977,'0.0',34,67),(8978,'0.0',34,68),(8979,'0.0',34,69),(8980,'0.0',34,70),(8981,'0.0',34,71),(8982,'0.0',34,72),(8983,'0.0',34,73),(8984,'0.0',34,74),(8985,'0.0',34,75),(8986,'0.0',34,76),(8987,'0.0',34,77),(8988,'0.0',34,78),(8989,'0.0',34,79),(8990,'0.0',34,80),(8991,'0.0',34,81),(8992,'0.0',34,82),(8993,'0.0',34,83),(8994,'0.0',34,84),(8995,'0.0',34,85),(8996,'0.0',34,86),(8997,'0.0',34,87),(8998,'0.0',34,88),(8999,'0.0',34,89),(9000,'0.0',34,90),(9001,'0.0',34,91),(9002,'0.0',34,92),(9003,'0.0',34,93),(9004,'0.0',34,94),(9005,'0.0',34,95),(9006,'0.0',34,96),(9007,'0.0',34,97),(9008,'0.0',34,98),(9009,'0.0',34,99),(9010,'0.0',34,100),(9011,'0.0',34,101),(9012,'0.0',34,102),(9013,'0.0',34,103),(9014,'0.0',34,104),(9015,'0.0',34,105),(9016,'0.0',34,106),(9017,'0.0',34,107),(9018,'0.0',34,108),(9019,'0.0',34,109),(9020,'0.0',34,110),(9021,'0.0',34,111),(9022,'0.0',34,112),(9023,'0.0',34,113),(9024,'0.0',34,114),(9025,'0.0',34,115),(9026,'0.0',34,116),(9027,'0.0',34,117),(9028,'0.0',34,118),(9029,'0.0',34,119),(9030,'0.292423274513615',34,120),(9031,'0.0',34,121),(9032,'0.0',34,122),(9033,'0.0',34,123),(9034,'0.0',34,124),(9035,'0.0',34,125),(9036,'0.0',34,126),(9037,'0.0',34,127),(9038,'0.0',34,128),(9039,'0.0',34,129),(9040,'0.0',34,130),(9041,'0.0',34,131),(9042,'0.0',34,132),(9043,'0.0',34,133),(9044,'0.0',34,134),(9045,'0.0',34,135),(9046,'0.0',34,136),(9047,'0.0',34,137),(9048,'0.0',34,138),(9049,'0.0',34,139),(9050,'0.0',34,140),(9051,'0.0',34,141),(9052,'0.0',34,142),(9053,'0.0',34,143),(9054,'0.0',34,144),(9055,'0.0',34,145),(9056,'0.0',34,146),(9057,'0.0',34,147),(9058,'0.0',34,148),(9059,'0.0',34,149),(9060,'0.0',34,150),(9061,'0.0',34,151),(9062,'0.0',34,152),(9063,'0.0',34,153),(9064,'0.0',34,154),(9065,'0.0',34,155),(9066,'0.0',34,156),(9067,'0.0',34,157),(9068,'0.0',34,158),(9069,'0.0',34,159),(9070,'0.0',34,160),(9071,'0.0',34,161),(9072,'0.0',34,162),(9073,'0.0',34,163),(9074,'0.0',34,164),(9075,'0.0',34,165),(9076,'0.0',34,166),(9077,'0.0',34,167),(9078,'0.0',34,168),(9079,'0.0',34,169),(9080,'0.0',34,170),(9081,'0.0',34,171),(9082,'0.0',34,172),(9083,'0.0',34,173),(9084,'0.0',34,174),(9085,'0.0',34,175),(9086,'0.0',34,176),(9087,'0.408778580472916',34,177),(9088,'0.0',34,178),(9089,'0.0',34,179),(9090,'0.0',34,180),(9091,'0.0',34,181),(9092,'0.0',34,182),(9093,'0.0',34,183),(9094,'0.0',34,184),(9095,'0.0',34,185),(9096,'0.0',34,186),(9097,'0.0',34,187),(9098,'0.0',34,188),(9099,'0.0',34,189),(9100,'0.0',34,190),(9101,'0.0',34,191),(9102,'0.0',34,192),(9103,'0.0',34,193),(9104,'0.0',34,194),(9105,'0.0',34,195),(9106,'0.0',34,196),(9107,'0.0',34,197),(9108,'0.0',34,198),(9109,'0.0',34,199),(9110,'0.0',34,200),(9111,'0.0',34,201),(9112,'0.0',34,202),(9113,'0.0',34,203),(9114,'0.0',34,204),(9115,'0.0',34,205),(9116,'0.0',34,206),(9117,'0.0',34,207),(9118,'0.0',34,208),(9119,'0.0',34,209),(9120,'0.0',34,210),(9121,'0.0',34,211),(9122,'0.0',34,212),(9123,'0.0',34,213),(9124,'0.0',34,214),(9125,'0.0',34,215),(9126,'0.0',34,216),(9127,'0.0',34,217),(9128,'0.0',34,218),(9129,'0.0',34,219),(9130,'0.0',34,220),(9131,'0.0',34,221),(9132,'0.0',34,222),(9133,'0.0',34,223),(9134,'0.0',34,224),(9135,'0.0',34,225),(9136,'0.0',34,226),(9137,'0.0',34,227),(9138,'0.0',34,228),(9139,'0.0',34,229),(9140,'0.0',34,230),(9141,'0.0',34,231),(9142,'0.0',34,232),(9143,'0.0',34,233),(9144,'0.0',34,234),(9145,'0.0',34,235),(9146,'0.0',34,236),(9147,'0.0',34,237),(9148,'0.408778580472916',34,238),(9149,'0.0',34,239),(9150,'0.0',34,240),(9151,'0.0',34,241),(9152,'0.371119407990822',34,242),(9153,'0.0',34,243),(9154,'0.0',34,244),(9155,'0.0',34,245),(9156,'0.408778580472916',34,246),(9157,'0.0',34,247),(9158,'0.0',34,248),(9159,'0.0',34,249),(9160,'0.0',34,250),(9161,'0.0',34,251),(9162,'0.0',34,252),(9163,'0.0',34,253),(9164,'0.0',34,254),(9165,'0.0',34,255),(9166,'0.0',34,256),(9167,'0.0',34,257),(9168,'0.0',34,258),(9169,'0.0',34,259),(9170,'0.0',34,260),(9171,'0.0',34,261),(9172,'0.0',34,262),(9173,'0.0',34,263),(9174,'0.0',34,264),(9175,'0.0',34,265),(9176,'0.0',34,266),(9177,'0.0',34,267),(9178,'0.0',34,268),(9179,'0.0',34,269),(9180,'0.0',34,270),(9181,'0.0',35,1),(9182,'0.0',35,2),(9183,'0.0',35,3),(9184,'0.0',35,4),(9185,'0.0',35,5),(9186,'0.0',35,6),(9187,'0.0',35,7),(9188,'0.0',35,8),(9189,'0.0',35,9),(9190,'0.0',35,10),(9191,'0.0',35,11),(9192,'0.0',35,12),(9193,'0.0',35,13),(9194,'0.0',35,14),(9195,'0.0',35,15),(9196,'0.0',35,16),(9197,'0.0',35,17),(9198,'0.0',35,18),(9199,'0.0',35,19),(9200,'0.0',35,20),(9201,'0.0',35,21),(9202,'0.0',35,22),(9203,'0.0',35,23),(9204,'0.0',35,24),(9205,'0.0',35,25),(9206,'0.0',35,26),(9207,'0.0',35,27),(9208,'0.0',35,28),(9209,'0.0',35,29),(9210,'0.0',35,30),(9211,'0.0',35,31),(9212,'0.0',35,32),(9213,'0.0',35,33),(9214,'0.0',35,34),(9215,'0.0',35,35),(9216,'0.0',35,36),(9217,'0.0',35,37),(9218,'0.0',35,38),(9219,'0.0',35,39),(9220,'0.0',35,40),(9221,'0.0',35,41),(9222,'0.0',35,42),(9223,'0.0',35,43),(9224,'0.0',35,44),(9225,'0.0',35,45),(9226,'0.0',35,46),(9227,'0.0',35,47),(9228,'0.0',35,48),(9229,'0.0',35,49),(9230,'0.0',35,50),(9231,'0.0',35,51),(9232,'0.0',35,52),(9233,'0.0',35,53),(9234,'0.0',35,54),(9235,'0.0',35,55),(9236,'0.0',35,56),(9237,'0.0',35,57),(9238,'0.0',35,58),(9239,'0.0',35,59),(9240,'0.0',35,60),(9241,'0.0',35,61),(9242,'0.0',35,62),(9243,'0.0',35,63),(9244,'0.0',35,64),(9245,'0.0',35,65),(9246,'0.40682106304033',35,66),(9247,'0.0',35,67),(9248,'0.0',35,68),(9249,'0.0',35,69),(9250,'0.0',35,70),(9251,'0.0',35,71),(9252,'0.0',35,72),(9253,'0.0',35,73),(9254,'0.0',35,74),(9255,'0.0',35,75),(9256,'0.0',35,76),(9257,'0.0',35,77),(9258,'0.0',35,78),(9259,'0.0',35,79),(9260,'0.0',35,80),(9261,'0.291022947576494',35,81),(9262,'0.0',35,82),(9263,'0.0',35,83),(9264,'0.0',35,84),(9265,'0.0',35,85),(9266,'0.0',35,86),(9267,'0.0',35,87),(9268,'0.0',35,88),(9269,'0.0',35,89),(9270,'0.0',35,90),(9271,'0.0',35,91),(9272,'0.0',35,92),(9273,'0.0',35,93),(9274,'0.0',35,94),(9275,'0.0',35,95),(9276,'0.0',35,96),(9277,'0.0',35,97),(9278,'0.0',35,98),(9279,'0.0',35,99),(9280,'0.305271738984261',35,100),(9281,'0.0',35,101),(9282,'0.0',35,102),(9283,'0.0',35,103),(9284,'0.0',35,104),(9285,'0.0',35,105),(9286,'0.0',35,106),(9287,'0.0',35,107),(9288,'0.0',35,108),(9289,'0.0',35,109),(9290,'0.0',35,110),(9291,'0.0',35,111),(9292,'0.0',35,112),(9293,'0.0',35,113),(9294,'0.0',35,114),(9295,'0.0',35,115),(9296,'0.0',35,116),(9297,'0.0',35,117),(9298,'0.0',35,118),(9299,'0.0',35,119),(9300,'0.0',35,120),(9301,'0.0',35,121),(9302,'0.0',35,122),(9303,'0.0',35,123),(9304,'0.0',35,124),(9305,'0.0',35,125),(9306,'0.0',35,126),(9307,'0.0',35,127),(9308,'0.0',35,128),(9309,'0.0',35,129),(9310,'0.0',35,130),(9311,'0.0',35,131),(9312,'0.0',35,132),(9313,'0.0',35,133),(9314,'0.0',35,134),(9315,'0.0',35,135),(9316,'0.0',35,136),(9317,'0.0',35,137),(9318,'0.0',35,138),(9319,'0.0',35,139),(9320,'0.0',35,140),(9321,'0.0',35,141),(9322,'0.0',35,142),(9323,'0.0',35,143),(9324,'0.0',35,144),(9325,'0.0',35,145),(9326,'0.0',35,146),(9327,'0.0',35,147),(9328,'0.0',35,148),(9329,'0.0',35,149),(9330,'0.0',35,150),(9331,'0.0',35,151),(9332,'0.267792904930236',35,152),(9333,'0.0',35,153),(9334,'0.0',35,154),(9335,'0.0',35,155),(9336,'0.0',35,156),(9337,'0.0',35,157),(9338,'0.369342228986304',35,158),(9339,'0.0',35,159),(9340,'0.0',35,160),(9341,'0.0',35,161),(9342,'0.0',35,162),(9343,'0.0',35,163),(9344,'0.0',35,164),(9345,'0.0',35,165),(9346,'0.0',35,166),(9347,'0.0',35,167),(9348,'0.0',35,168),(9349,'0.0',35,169),(9350,'0.40682106304033',35,170),(9351,'0.0',35,171),(9352,'0.0',35,172),(9353,'0.0',35,173),(9354,'0.0',35,174),(9355,'0.0',35,175),(9356,'0.0',35,176),(9357,'0.0',35,177),(9358,'0.0',35,178),(9359,'0.0',35,179),(9360,'0.0',35,180),(9361,'0.0',35,181),(9362,'0.0',35,182),(9363,'0.0',35,183),(9364,'0.0',35,184),(9365,'0.0',35,185),(9366,'0.0',35,186),(9367,'0.0',35,187),(9368,'0.0',35,188),(9369,'0.0',35,189),(9370,'0.0',35,190),(9371,'0.0',35,191),(9372,'0.0',35,192),(9373,'0.0',35,193),(9374,'0.0',35,194),(9375,'0.0',35,195),(9376,'0.0',35,196),(9377,'0.0',35,197),(9378,'0.0',35,198),(9379,'0.0',35,199),(9380,'0.0',35,200),(9381,'0.0',35,201),(9382,'0.0',35,202),(9383,'0.0',35,203),(9384,'0.0',35,204),(9385,'0.0',35,205),(9386,'0.0',35,206),(9387,'0.0',35,207),(9388,'0.0',35,208),(9389,'0.0',35,209),(9390,'0.0',35,210),(9391,'0.40682106304033',35,211),(9392,'0.0',35,212),(9393,'0.0',35,213),(9394,'0.0',35,214),(9395,'0.0',35,215),(9396,'0.0',35,216),(9397,'0.0',35,217),(9398,'0.0',35,218),(9399,'0.0',35,219),(9400,'0.0',35,220),(9401,'0.0',35,221),(9402,'0.0',35,222),(9403,'0.0',35,223),(9404,'0.0',35,224),(9405,'0.0',35,225),(9406,'0.0',35,226),(9407,'0.0',35,227),(9408,'0.0',35,228),(9409,'0.0',35,229),(9410,'0.0',35,230),(9411,'0.0',35,231),(9412,'0.0',35,232),(9413,'0.0',35,233),(9414,'0.0',35,234),(9415,'0.0',35,235),(9416,'0.0',35,236),(9417,'0.0',35,237),(9418,'0.0',35,238),(9419,'0.0',35,239),(9420,'0.0',35,240),(9421,'0.0',35,241),(9422,'0.0',35,242),(9423,'0.0',35,243),(9424,'0.0',35,244),(9425,'0.0',35,245),(9426,'0.0',35,246),(9427,'0.0',35,247),(9428,'0.0',35,248),(9429,'0.0',35,249),(9430,'0.342750573038286',35,250),(9431,'0.0',35,251),(9432,'0.0',35,252),(9433,'0.0',35,253),(9434,'0.0',35,254),(9435,'0.0',35,255),(9436,'0.0',35,256),(9437,'0.0',35,257),(9438,'0.0',35,258),(9439,'0.0',35,259),(9440,'0.0',35,260),(9441,'0.0',35,261),(9442,'0.0',35,262),(9443,'0.0',35,263),(9444,'0.0',35,264),(9445,'0.0',35,265),(9446,'0.0',35,266),(9447,'0.0',35,267),(9448,'0.0',35,268),(9449,'0.0',35,269),(9450,'0.0',35,270),(9451,'0.0',36,1),(9452,'0.0',36,2),(9453,'0.0',36,3),(9454,'0.0',36,4),(9455,'0.0',36,5),(9456,'0.0',36,6),(9457,'0.0',36,7),(9458,'0.0',36,8),(9459,'0.0',36,9),(9460,'0.0',36,10),(9461,'0.0',36,11),(9462,'0.0',36,12),(9463,'0.0',36,13),(9464,'0.0',36,14),(9465,'0.0',36,15),(9466,'0.0',36,16),(9467,'0.0',36,17),(9468,'0.0',36,18),(9469,'0.224471271685738',36,19),(9470,'0.0',36,20),(9471,'0.0',36,21),(9472,'0.0',36,22),(9473,'0.0',36,23),(9474,'0.0',36,24),(9475,'0.0',36,25),(9476,'0.0',36,26),(9477,'0.0',36,27),(9478,'0.0',36,28),(9479,'0.0',36,29),(9480,'0.0',36,30),(9481,'0.0',36,31),(9482,'0.0',36,32),(9483,'0.0',36,33),(9484,'0.0',36,34),(9485,'0.0',36,35),(9486,'0.0',36,36),(9487,'0.0',36,37),(9488,'0.0',36,38),(9489,'0.0',36,39),(9490,'0.0',36,40),(9491,'0.0',36,41),(9492,'0.0',36,42),(9493,'0.0',36,43),(9494,'0.0',36,44),(9495,'0.0',36,45),(9496,'0.0',36,46),(9497,'0.363858503159088',36,47),(9498,'0.0',36,48),(9499,'0.0',36,49),(9500,'0.0',36,50),(9501,'0.0',36,51),(9502,'0.0',36,52),(9503,'0.417193718565822',36,53),(9504,'0.0',36,54),(9505,'0.0',36,55),(9506,'0.0',36,56),(9507,'0.0',36,57),(9508,'0.0',36,58),(9509,'0.0',36,59),(9510,'0.0',36,60),(9511,'0.0',36,61),(9512,'0.0',36,62),(9513,'0.0',36,63),(9514,'0.0',36,64),(9515,'0.0',36,65),(9516,'0.0',36,66),(9517,'0.0',36,67),(9518,'0.0',36,68),(9519,'0.0',36,69),(9520,'0.0',36,70),(9521,'0.0',36,71),(9522,'0.0',36,72),(9523,'0.0',36,73),(9524,'0.0',36,74),(9525,'0.0',36,75),(9526,'0.0',36,76),(9527,'0.0',36,77),(9528,'0.0',36,78),(9529,'0.417193718565822',36,79),(9530,'0.0',36,80),(9531,'0.328727494878269',36,81),(9532,'0.0',36,82),(9533,'0.0',36,83),(9534,'0.0',36,84),(9535,'0.0',36,85),(9536,'0.0',36,86),(9537,'0.0',36,87),(9538,'0.0',36,88),(9539,'0.0',36,89),(9540,'0.0',36,90),(9541,'0.0',36,91),(9542,'0.0',36,92),(9543,'0.0',36,93),(9544,'0.0',36,94),(9545,'0.0',36,95),(9546,'0.0',36,96),(9547,'0.0',36,97),(9548,'0.0',36,98),(9549,'0.0',36,99),(9550,'0.0',36,100),(9551,'0.0',36,101),(9552,'0.0',36,102),(9553,'0.0',36,103),(9554,'0.0',36,104),(9555,'0.0',36,105),(9556,'0.0',36,106),(9557,'0.0',36,107),(9558,'0.0',36,108),(9559,'0.0',36,109),(9560,'0.0',36,110),(9561,'0.0',36,111),(9562,'0.0',36,112),(9563,'0.0',36,113),(9564,'0.0',36,114),(9565,'0.0',36,115),(9566,'0.0',36,116),(9567,'0.0',36,117),(9568,'0.0',36,118),(9569,'0.0',36,119),(9570,'0.0',36,120),(9571,'0.0',36,121),(9572,'0.0',36,122),(9573,'0.0',36,123),(9574,'0.0',36,124),(9575,'0.0',36,125),(9576,'0.0',36,126),(9577,'0.0',36,127),(9578,'0.459528260677143',36,128),(9579,'0.0',36,129),(9580,'0.0',36,130),(9581,'0.0',36,131),(9582,'0.0',36,132),(9583,'0.0',36,133),(9584,'0.0',36,134),(9585,'0.0',36,135),(9586,'0.0',36,136),(9587,'0.0',36,137),(9588,'0.0',36,138),(9589,'0.0',36,139),(9590,'0.0',36,140),(9591,'0.0',36,141),(9592,'0.0',36,142),(9593,'0.0',36,143),(9594,'0.0',36,144),(9595,'0.0',36,145),(9596,'0.0',36,146),(9597,'0.0',36,147),(9598,'0.0',36,148),(9599,'0.0',36,149),(9600,'0.0',36,150),(9601,'0.0',36,151),(9602,'0.0',36,152),(9603,'0.0',36,153),(9604,'0.0',36,154),(9605,'0.0',36,155),(9606,'0.0',36,156),(9607,'0.0',36,157),(9608,'0.0',36,158),(9609,'0.0',36,159),(9610,'0.0',36,160),(9611,'0.0',36,161),(9612,'0.0',36,162),(9613,'0.0',36,163),(9614,'0.0',36,164),(9615,'0.0',36,165),(9616,'0.0',36,166),(9617,'0.0',36,167),(9618,'0.0',36,168),(9619,'0.0',36,169),(9620,'0.0',36,170),(9621,'0.0',36,171),(9622,'0.0',36,172),(9623,'0.0',36,173),(9624,'0.0',36,174),(9625,'0.0',36,175),(9626,'0.0',36,176),(9627,'0.0',36,177),(9628,'0.0',36,178),(9629,'0.0',36,179),(9630,'0.0',36,180),(9631,'0.0',36,181),(9632,'0.0',36,182),(9633,'0.0',36,183),(9634,'0.0',36,184),(9635,'0.0',36,185),(9636,'0.0',36,186),(9637,'0.0',36,187),(9638,'0.0',36,188),(9639,'0.0',36,189),(9640,'0.0',36,190),(9641,'0.0',36,191),(9642,'0.0',36,192),(9643,'0.0',36,193),(9644,'0.0',36,194),(9645,'0.0',36,195),(9646,'0.0',36,196),(9647,'0.0',36,197),(9648,'0.0',36,198),(9649,'0.0',36,199),(9650,'0.0',36,200),(9651,'0.0',36,201),(9652,'0.0',36,202),(9653,'0.0',36,203),(9654,'0.0',36,204),(9655,'0.0',36,205),(9656,'0.0',36,206),(9657,'0.0',36,207),(9658,'0.0',36,208),(9659,'0.0',36,209),(9660,'0.0',36,210),(9661,'0.0',36,211),(9662,'0.0',36,212),(9663,'0.0',36,213),(9664,'0.0',36,214),(9665,'0.0',36,215),(9666,'0.0',36,216),(9667,'0.0',36,217),(9668,'0.0',36,218),(9669,'0.0',36,219),(9670,'0.0',36,220),(9671,'0.0',36,221),(9672,'0.0',36,222),(9673,'0.0',36,223),(9674,'0.0',36,224),(9675,'0.0',36,225),(9676,'0.0',36,226),(9677,'0.0',36,227),(9678,'0.0',36,228),(9679,'0.0',36,229),(9680,'0.0',36,230),(9681,'0.0',36,231),(9682,'0.0',36,232),(9683,'0.0',36,233),(9684,'0.0',36,234),(9685,'0.0',36,235),(9686,'0.0',36,236),(9687,'0.0',36,237),(9688,'0.0',36,238),(9689,'0.0',36,239),(9690,'0.0',36,240),(9691,'0.0',36,241),(9692,'0.0',36,242),(9693,'0.0',36,243),(9694,'0.0',36,244),(9695,'0.0',36,245),(9696,'0.0',36,246),(9697,'0.0',36,247),(9698,'0.0',36,248),(9699,'0.0',36,249),(9700,'0.0',36,250),(9701,'0.0',36,251),(9702,'0.0',36,252),(9703,'0.0',36,253),(9704,'0.0',36,254),(9705,'0.0',36,255),(9706,'0.0',36,256),(9707,'0.0',36,257),(9708,'0.0',36,258),(9709,'0.0',36,259),(9710,'0.0',36,260),(9711,'0.0',36,261),(9712,'0.0',36,262),(9713,'0.0',36,263),(9714,'0.0',36,264),(9715,'0.0',36,265),(9716,'0.0',36,266),(9717,'0.387156882923645',36,267),(9718,'0.0',36,268),(9719,'0.0',36,269),(9720,'0.0',36,270),(9721,'0.0',37,1),(9722,'0.0',37,2),(9723,'0.0',37,3),(9724,'0.0',37,4),(9725,'0.0',37,5),(9726,'0.0',37,6),(9727,'0.0',37,7),(9728,'0.0',37,8),(9729,'0.0',37,9),(9730,'0.0',37,10),(9731,'0.0',37,11),(9732,'0.0',37,12),(9733,'0.0',37,13),(9734,'0.0',37,14),(9735,'0.0',37,15),(9736,'0.0',37,16),(9737,'0.0',37,17),(9738,'0.0',37,18),(9739,'0.0',37,19),(9740,'0.0',37,20),(9741,'0.376286989331761',37,21),(9742,'0.0',37,22),(9743,'0.0',37,23),(9744,'0.0',37,24),(9745,'0.0',37,25),(9746,'0.0',37,26),(9747,'0.0',37,27),(9748,'0.0',37,28),(9749,'0.0',37,29),(9750,'0.0',37,30),(9751,'0.0',37,31),(9752,'0.0',37,32),(9753,'0.0',37,33),(9754,'0.0',37,34),(9755,'0.0',37,35),(9756,'0.0',37,36),(9757,'0.0',37,37),(9758,'0.0',37,38),(9759,'0.0',37,39),(9760,'0.0',37,40),(9761,'0.0',37,41),(9762,'0.0',37,42),(9763,'0.0',37,43),(9764,'0.0',37,44),(9765,'0.0',37,45),(9766,'0.0',37,46),(9767,'0.0',37,47),(9768,'0.0',37,48),(9769,'0.0',37,49),(9770,'0.0',37,50),(9771,'0.0',37,51),(9772,'0.0',37,52),(9773,'0.0',37,53),(9774,'0.0',37,54),(9775,'0.0',37,55),(9776,'0.0',37,56),(9777,'0.0',37,57),(9778,'0.0',37,58),(9779,'0.0',37,59),(9780,'0.0',37,60),(9781,'0.0',37,61),(9782,'0.0',37,62),(9783,'0.0',37,63),(9784,'0.0',37,64),(9785,'0.0',37,65),(9786,'0.0',37,66),(9787,'0.0',37,67),(9788,'0.0',37,68),(9789,'0.0',37,69),(9790,'0.0',37,70),(9791,'0.0',37,71),(9792,'0.0',37,72),(9793,'0.0',37,73),(9794,'0.0',37,74),(9795,'0.0',37,75),(9796,'0.0',37,76),(9797,'0.0',37,77),(9798,'0.0',37,78),(9799,'0.0',37,79),(9800,'0.0',37,80),(9801,'0.0',37,81),(9802,'0.0',37,82),(9803,'0.0',37,83),(9804,'0.0',37,84),(9805,'0.0',37,85),(9806,'0.0',37,86),(9807,'0.0',37,87),(9808,'0.0',37,88),(9809,'0.0',37,89),(9810,'0.0',37,90),(9811,'0.0',37,91),(9812,'0.0',37,92),(9813,'0.0',37,93),(9814,'0.0',37,94),(9815,'0.0',37,95),(9816,'0.0',37,96),(9817,'0.0',37,97),(9818,'0.0',37,98),(9819,'0.0',37,99),(9820,'0.0',37,100),(9821,'0.0',37,101),(9822,'0.0',37,102),(9823,'0.0',37,103),(9824,'0.0',37,104),(9825,'0.0',37,105),(9826,'0.0',37,106),(9827,'0.0',37,107),(9828,'0.0',37,108),(9829,'0.0',37,109),(9830,'0.0',37,110),(9831,'0.0',37,111),(9832,'0.0',37,112),(9833,'0.0',37,113),(9834,'0.0',37,114),(9835,'0.0',37,115),(9836,'0.0',37,116),(9837,'0.0',37,117),(9838,'0.0',37,118),(9839,'0.0',37,119),(9840,'0.0',37,120),(9841,'0.0',37,121),(9842,'0.293995091145621',37,122),(9843,'0.0',37,123),(9844,'0.0',37,124),(9845,'0.0',37,125),(9846,'0.0',37,126),(9847,'0.0',37,127),(9848,'0.0',37,128),(9849,'0.0',37,129),(9850,'0.0',37,130),(9851,'0.0',37,131),(9852,'0.0',37,132),(9853,'0.0',37,133),(9854,'0.0',37,134),(9855,'0.0',37,135),(9856,'0.0',37,136),(9857,'0.0',37,137),(9858,'0.0',37,138),(9859,'0.0',37,139),(9860,'0.0',37,140),(9861,'0.0',37,141),(9862,'0.0',37,142),(9863,'0.0',37,143),(9864,'0.0',37,144),(9865,'0.0',37,145),(9866,'0.0',37,146),(9867,'0.0',37,147),(9868,'0.0',37,148),(9869,'0.0',37,149),(9870,'0.0',37,150),(9871,'0.0',37,151),(9872,'0.0',37,152),(9873,'0.0',37,153),(9874,'0.0',37,154),(9875,'0.0',37,155),(9876,'0.0',37,156),(9877,'0.0',37,157),(9878,'0.0',37,158),(9879,'0.0',37,159),(9880,'0.376286989331761',37,160),(9881,'0.0',37,161),(9882,'0.0',37,162),(9883,'0.0',37,163),(9884,'0.0',37,164),(9885,'0.0',37,165),(9886,'0.0',37,166),(9887,'0.0',37,167),(9888,'0.0',37,168),(9889,'0.405480504806666',37,169),(9890,'0.0',37,170),(9891,'0.0',37,171),(9892,'0.0',37,172),(9893,'0.0',37,173),(9894,'0.0',37,174),(9895,'0.0',37,175),(9896,'0.0',37,176),(9897,'0.0',37,177),(9898,'0.31949807639791',37,178),(9899,'0.0',37,179),(9900,'0.0',37,180),(9901,'0.0',37,181),(9902,'0.0',37,182),(9903,'0.0',37,183),(9904,'0.0',37,184),(9905,'0.0',37,185),(9906,'0.0',37,186),(9907,'0.0',37,187),(9908,'0.0',37,188),(9909,'0.0',37,189),(9910,'0.0',37,190),(9911,'0.0',37,191),(9912,'0.0',37,192),(9913,'0.0',37,193),(9914,'0.0',37,194),(9915,'0.0',37,195),(9916,'0.446626453899735',37,196),(9917,'0.0',37,197),(9918,'0.0',37,198),(9919,'0.0',37,199),(9920,'0.0',37,200),(9921,'0.0',37,201),(9922,'0.0',37,202),(9923,'0.0',37,203),(9924,'0.405480504806666',37,204),(9925,'0.0',37,205),(9926,'0.0',37,206),(9927,'0.0',37,207),(9928,'0.0',37,208),(9929,'0.0',37,209),(9930,'0.0',37,210),(9931,'0.0',37,211),(9932,'0.0',37,212),(9933,'0.0',37,213),(9934,'0.0',37,214),(9935,'0.0',37,215),(9936,'0.0',37,216),(9937,'0.0',37,217),(9938,'0.0',37,218),(9939,'0.0',37,219),(9940,'0.0',37,220),(9941,'0.0',37,221),(9942,'0.0',37,222),(9943,'0.0',37,223),(9944,'0.0',37,224),(9945,'0.0',37,225),(9946,'0.0',37,226),(9947,'0.0',37,227),(9948,'0.0',37,228),(9949,'0.0',37,229),(9950,'0.0',37,230),(9951,'0.0',37,231),(9952,'0.0',37,232),(9953,'0.0',37,233),(9954,'0.0',37,234),(9955,'0.0',37,235),(9956,'0.0',37,236),(9957,'0.0',37,237),(9958,'0.0',37,238),(9959,'0.0',37,239),(9960,'0.0',37,240),(9961,'0.0',37,241),(9962,'0.0',37,242),(9963,'0.0',37,243),(9964,'0.0',37,244),(9965,'0.0',37,245),(9966,'0.0',37,246),(9967,'0.0',37,247),(9968,'0.0',37,248),(9969,'0.0',37,249),(9970,'0.0',37,250),(9971,'0.0',37,251),(9972,'0.0',37,252),(9973,'0.0',37,253),(9974,'0.0',37,254),(9975,'0.0',37,255),(9976,'0.0',37,256),(9977,'0.0',37,257),(9978,'0.0',37,258),(9979,'0.0',37,259),(9980,'0.0',37,260),(9981,'0.0',37,261),(9982,'0.0',37,262),(9983,'0.0',37,263),(9984,'0.0',37,264),(9985,'0.0',37,265),(9986,'0.0',37,266),(9987,'0.0',37,267),(9988,'0.0',37,268),(9989,'0.0',37,269),(9990,'0.0',37,270),(9991,'0.0',38,1),(9992,'0.0',38,2),(9993,'0.0',38,3),(9994,'0.0',38,4),(9995,'0.0',38,5),(9996,'0.0',38,6),(9997,'0.0',38,7),(9998,'0.0',38,8),(9999,'0.0',38,9),(10000,'0.0',38,10),(10001,'0.0',38,11),(10002,'0.0',38,12),(10003,'0.0',38,13),(10004,'0.0',38,14),(10005,'0.0',38,15),(10006,'0.0',38,16),(10007,'0.0',38,17),(10008,'0.36265602533862',38,18),(10009,'0.210265819317256',38,19),(10010,'0.0',38,20),(10011,'0.0',38,21),(10012,'0.0',38,22),(10013,'0.0',38,23),(10014,'0.0',38,24),(10015,'0.0',38,25),(10016,'0.0',38,26),(10017,'0.0',38,27),(10018,'0.0',38,28),(10019,'0.0',38,29),(10020,'0.0',38,30),(10021,'0.0',38,31),(10022,'0.0',38,32),(10023,'0.0',38,33),(10024,'0.0',38,34),(10025,'0.0',38,35),(10026,'0.0',38,36),(10027,'0.0',38,37),(10028,'0.0',38,38),(10029,'0.0',38,39),(10030,'0.0',38,40),(10031,'0.0',38,41),(10032,'0.0',38,42),(10033,'0.0',38,43),(10034,'0.0',38,44),(10035,'0.0',38,45),(10036,'0.0',38,46),(10037,'0.0',38,47),(10038,'0.0',38,48),(10039,'0.0',38,49),(10040,'0.0',38,50),(10041,'0.0',38,51),(10042,'0.0',38,52),(10043,'0.0',38,53),(10044,'0.0',38,54),(10045,'0.0',38,55),(10046,'0.0',38,56),(10047,'0.0',38,57),(10048,'0.0',38,58),(10049,'0.0',38,59),(10050,'0.0',38,60),(10051,'0.0',38,61),(10052,'0.0',38,62),(10053,'0.0',38,63),(10054,'0.0',38,64),(10055,'0.0',38,65),(10056,'0.0',38,66),(10057,'0.0',38,67),(10058,'0.0',38,68),(10059,'0.0',38,69),(10060,'0.0',38,70),(10061,'0.0',38,71),(10062,'0.0',38,72),(10063,'0.0',38,73),(10064,'0.0',38,74),(10065,'0.0',38,75),(10066,'0.0',38,76),(10067,'0.0',38,77),(10068,'0.0',38,78),(10069,'0.390792008213266',38,79),(10070,'0.0',38,80),(10071,'0.0',38,81),(10072,'0.0',38,82),(10073,'0.0',38,83),(10074,'0.0',38,84),(10075,'0.0',38,85),(10076,'0.0',38,86),(10077,'0.0',38,87),(10078,'0.0',38,88),(10079,'0.0',38,89),(10080,'0.0',38,90),(10081,'0.0',38,91),(10082,'0.0',38,92),(10083,'0.0',38,93),(10084,'0.0',38,94),(10085,'0.0',38,95),(10086,'0.0',38,96),(10087,'0.0',38,97),(10088,'0.0',38,98),(10089,'0.0',38,99),(10090,'0.323000584730968',38,100),(10091,'0.0',38,101),(10092,'0.0',38,102),(10093,'0.0',38,103),(10094,'0.0',38,104),(10095,'0.0',38,105),(10096,'0.0',38,106),(10097,'0.0',38,107),(10098,'0.0',38,108),(10099,'0.0',38,109),(10100,'0.0',38,110),(10101,'0.0',38,111),(10102,'0.0',38,112),(10103,'0.0',38,113),(10104,'0.0',38,114),(10105,'0.0',38,115),(10106,'0.0',38,116),(10107,'0.0',38,117),(10108,'0.0',38,118),(10109,'0.0',38,119),(10110,'0.0',38,120),(10111,'0.430447448820918',38,121),(10112,'0.0',38,122),(10113,'0.0',38,123),(10114,'0.0',38,124),(10115,'0.0',38,125),(10116,'0.0',38,126),(10117,'0.0',38,127),(10118,'0.0',38,128),(10119,'0.0',38,129),(10120,'0.0',38,130),(10121,'0.0',38,131),(10122,'0.0',38,132),(10123,'0.0',38,133),(10124,'0.0',38,134),(10125,'0.0',38,135),(10126,'0.0',38,136),(10127,'0.0',38,137),(10128,'0.0',38,138),(10129,'0.0',38,139),(10130,'0.0',38,140),(10131,'0.0',38,141),(10132,'0.0',38,142),(10133,'0.0',38,143),(10134,'0.0',38,144),(10135,'0.0',38,145),(10136,'0.0',38,146),(10137,'0.0',38,147),(10138,'0.0',38,148),(10139,'0.0',38,149),(10140,'0.0',38,150),(10141,'0.0',38,151),(10142,'0.0',38,152),(10143,'0.0',38,153),(10144,'0.0',38,154),(10145,'0.0',38,155),(10146,'0.0',38,156),(10147,'0.0',38,157),(10148,'0.0',38,158),(10149,'0.0',38,159),(10150,'0.0',38,160),(10151,'0.0',38,161),(10152,'0.0',38,162),(10153,'0.0',38,163),(10154,'0.0',38,164),(10155,'0.0',38,165),(10156,'0.0',38,166),(10157,'0.0',38,167),(10158,'0.0',38,168),(10159,'0.0',38,169),(10160,'0.0',38,170),(10161,'0.0',38,171),(10162,'0.0',38,172),(10163,'0.0',38,173),(10164,'0.0',38,174),(10165,'0.0',38,175),(10166,'0.0',38,176),(10167,'0.0',38,177),(10168,'0.0',38,178),(10169,'0.0',38,179),(10170,'0.0',38,180),(10171,'0.0',38,181),(10172,'0.0',38,182),(10173,'0.0',38,183),(10174,'0.0',38,184),(10175,'0.0',38,185),(10176,'0.0',38,186),(10177,'0.0',38,187),(10178,'0.0',38,188),(10179,'0.0',38,189),(10180,'0.0',38,190),(10181,'0.0',38,191),(10182,'0.0',38,192),(10183,'0.0',38,193),(10184,'0.36265602533862',38,194),(10185,'0.0',38,195),(10186,'0.0',38,196),(10187,'0.0',38,197),(10188,'0.0',38,198),(10189,'0.0',38,199),(10190,'0.0',38,200),(10191,'0.0',38,201),(10192,'0.0',38,202),(10193,'0.430447448820918',38,203),(10194,'0.0',38,204),(10195,'0.0',38,205),(10196,'0.0',38,206),(10197,'0.0',38,207),(10198,'0.0',38,208),(10199,'0.0',38,209),(10200,'0.0',38,210),(10201,'0.0',38,211),(10202,'0.0',38,212),(10203,'0.0',38,213),(10204,'0.0',38,214),(10205,'0.0',38,215),(10206,'0.0',38,216),(10207,'0.0',38,217),(10208,'0.0',38,218),(10209,'0.0',38,219),(10210,'0.0',38,220),(10211,'0.0',38,221),(10212,'0.0',38,222),(10213,'0.0',38,223),(10214,'0.0',38,224),(10215,'0.0',38,225),(10216,'0.0',38,226),(10217,'0.0',38,227),(10218,'0.0',38,228),(10219,'0.0',38,229),(10220,'0.0',38,230),(10221,'0.0',38,231),(10222,'0.0',38,232),(10223,'0.0',38,233),(10224,'0.0',38,234),(10225,'0.0',38,235),(10226,'0.0',38,236),(10227,'0.0',38,237),(10228,'0.0',38,238),(10229,'0.0',38,239),(10230,'0.0',38,240),(10231,'0.0',38,241),(10232,'0.0',38,242),(10233,'0.0',38,243),(10234,'0.0',38,244),(10235,'0.0',38,245),(10236,'0.0',38,246),(10237,'0.0',38,247),(10238,'0.0',38,248),(10239,'0.0',38,249),(10240,'0.0',38,250),(10241,'0.0',38,251),(10242,'0.0',38,252),(10243,'0.0',38,253),(10244,'0.25520916124867',38,254),(10245,'0.0',38,255),(10246,'0.0',38,256),(10247,'0.0',38,257),(10248,'0.0',38,258),(10249,'0.0',38,259),(10250,'0.0',38,260),(10251,'0.0',38,261),(10252,'0.0',38,262),(10253,'0.0',38,263),(10254,'0.0',38,264),(10255,'0.0',38,265),(10256,'0.0',38,266),(10257,'0.0',38,267),(10258,'0.0',38,268),(10259,'0.0',38,269),(10260,'0.0',38,270),(10261,'0.0',39,1),(10262,'0.0',39,2),(10263,'0.0',39,3),(10264,'0.0',39,4),(10265,'0.0',39,5),(10266,'0.0',39,6),(10267,'0.0',39,7),(10268,'0.0',39,8),(10269,'0.0',39,9),(10270,'0.0',39,10),(10271,'0.0',39,11),(10272,'0.0',39,12),(10273,'0.0',39,13),(10274,'0.0',39,14),(10275,'0.0',39,15),(10276,'0.0',39,16),(10277,'0.0',39,17),(10278,'0.0',39,18),(10279,'0.0',39,19),(10280,'0.0',39,20),(10281,'0.0',39,21),(10282,'0.0',39,22),(10283,'0.0',39,23),(10284,'0.0',39,24),(10285,'0.0',39,25),(10286,'0.0',39,26),(10287,'0.0',39,27),(10288,'0.0',39,28),(10289,'0.0',39,29),(10290,'0.0',39,30),(10291,'0.0',39,31),(10292,'0.0',39,32),(10293,'0.0',39,33),(10294,'0.0',39,34),(10295,'0.0',39,35),(10296,'0.0',39,36),(10297,'0.0',39,37),(10298,'0.0',39,38),(10299,'0.0',39,39),(10300,'0.0',39,40),(10301,'0.0',39,41),(10302,'0.0',39,42),(10303,'0.0',39,43),(10304,'0.0',39,44),(10305,'0.0',39,45),(10306,'0.0',39,46),(10307,'0.0',39,47),(10308,'0.0',39,48),(10309,'0.0',39,49),(10310,'0.0',39,50),(10311,'0.0',39,51),(10312,'0.607476678377995',39,52),(10313,'0.0',39,53),(10314,'0.0',39,54),(10315,'0.0',39,55),(10316,'0.0',39,56),(10317,'0.0',39,57),(10318,'0.0',39,58),(10319,'0.0',39,59),(10320,'0.0',39,60),(10321,'0.0',39,61),(10322,'0.0',39,62),(10323,'0.0',39,63),(10324,'0.0',39,64),(10325,'0.0',39,65),(10326,'0.0',39,66),(10327,'0.0',39,67),(10328,'0.0',39,68),(10329,'0.0',39,69),(10330,'0.0',39,70),(10331,'0.0',39,71),(10332,'0.511804816755055',39,72),(10333,'0.0',39,73),(10334,'0.0',39,74),(10335,'0.0',39,75),(10336,'0.0',39,76),(10337,'0.0',39,77),(10338,'0.0',39,78),(10339,'0.0',39,79),(10340,'0.0',39,80),(10341,'0.0',39,81),(10342,'0.0',39,82),(10343,'0.0',39,83),(10344,'0.0',39,84),(10345,'0.0',39,85),(10346,'0.0',39,86),(10347,'0.0',39,87),(10348,'0.0',39,88),(10349,'0.0',39,89),(10350,'0.0',39,90),(10351,'0.0',39,91),(10352,'0.0',39,92),(10353,'0.0',39,93),(10354,'0.0',39,94),(10355,'0.0',39,95),(10356,'0.0',39,96),(10357,'0.0',39,97),(10358,'0.0',39,98),(10359,'0.0',39,99),(10360,'0.0',39,100),(10361,'0.0',39,101),(10362,'0.0',39,102),(10363,'0.0',39,103),(10364,'0.0',39,104),(10365,'0.0',39,105),(10366,'0.0',39,106),(10367,'0.0',39,107),(10368,'0.0',39,108),(10369,'0.0',39,109),(10370,'0.0',39,110),(10371,'0.0',39,111),(10372,'0.0',39,112),(10373,'0.0',39,113),(10374,'0.607476678377995',39,114),(10375,'0.0',39,115),(10376,'0.0',39,116),(10377,'0.0',39,117),(10378,'0.0',39,118),(10379,'0.0',39,119),(10380,'0.0',39,120),(10381,'0.0',39,121),(10382,'0.0',39,122),(10383,'0.0',39,123),(10384,'0.0',39,124),(10385,'0.0',39,125),(10386,'0.0',39,126),(10387,'0.0',39,127),(10388,'0.0',39,128),(10389,'0.0',39,129),(10390,'0.0',39,130),(10391,'0.0',39,131),(10392,'0.0',39,132),(10393,'0.0',39,133),(10394,'0.0',39,134),(10395,'0.0',39,135),(10396,'0.0',39,136),(10397,'0.0',39,137),(10398,'0.0',39,138),(10399,'0.0',39,139),(10400,'0.0',39,140),(10401,'0.0',39,141),(10402,'0.0',39,142),(10403,'0.0',39,143),(10404,'0.0',39,144),(10405,'0.0',39,145),(10406,'0.0',39,146),(10407,'0.0',39,147),(10408,'0.0',39,148),(10409,'0.0',39,149),(10410,'0.0',39,150),(10411,'0.0',39,151),(10412,'0.0',39,152),(10413,'0.0',39,153),(10414,'0.0',39,154),(10415,'0.0',39,155),(10416,'0.0',39,156),(10417,'0.0',39,157),(10418,'0.0',39,158),(10419,'0.0',39,159),(10420,'0.0',39,160),(10421,'0.0',39,161),(10422,'0.0',39,162),(10423,'0.0',39,163),(10424,'0.0',39,164),(10425,'0.0',39,165),(10426,'0.0',39,166),(10427,'0.0',39,167),(10428,'0.0',39,168),(10429,'0.0',39,169),(10430,'0.0',39,170),(10431,'0.0',39,171),(10432,'0.0',39,172),(10433,'0.0',39,173),(10434,'0.0',39,174),(10435,'0.0',39,175),(10436,'0.0',39,176),(10437,'0.0',39,177),(10438,'0.0',39,178),(10439,'0.0',39,179),(10440,'0.0',39,180),(10441,'0.0',39,181),(10442,'0.0',39,182),(10443,'0.0',39,183),(10444,'0.0',39,184),(10445,'0.0',39,185),(10446,'0.0',39,186),(10447,'0.0',39,187),(10448,'0.0',39,188),(10449,'0.0',39,189),(10450,'0.0',39,190),(10451,'0.0',39,191),(10452,'0.0',39,192),(10453,'0.0',39,193),(10454,'0.0',39,194),(10455,'0.0',39,195),(10456,'0.0',39,196),(10457,'0.0',39,197),(10458,'0.0',39,198),(10459,'0.0',39,199),(10460,'0.0',39,200),(10461,'0.0',39,201),(10462,'0.0',39,202),(10463,'0.0',39,203),(10464,'0.0',39,204),(10465,'0.0',39,205),(10466,'0.0',39,206),(10467,'0.0',39,207),(10468,'0.0',39,208),(10469,'0.0',39,209),(10470,'0.0',39,210),(10471,'0.0',39,211),(10472,'0.0',39,212),(10473,'0.0',39,213),(10474,'0.0',39,214),(10475,'0.0',39,215),(10476,'0.0',39,216),(10477,'0.0',39,217),(10478,'0.0',39,218),(10479,'0.0',39,219),(10480,'0.0',39,220),(10481,'0.0',39,221),(10482,'0.0',39,222),(10483,'0.0',39,223),(10484,'0.0',39,224),(10485,'0.0',39,225),(10486,'0.0',39,226),(10487,'0.0',39,227),(10488,'0.0',39,228),(10489,'0.0',39,229),(10490,'0.0',39,230),(10491,'0.0',39,231),(10492,'0.0',39,232),(10493,'0.0',39,233),(10494,'0.0',39,234),(10495,'0.0',39,235),(10496,'0.0',39,236),(10497,'0.0',39,237),(10498,'0.0',39,238),(10499,'0.0',39,239),(10500,'0.0',39,240),(10501,'0.0',39,241),(10502,'0.0',39,242),(10503,'0.0',39,243),(10504,'0.0',39,244),(10505,'0.0',39,245),(10506,'0.0',39,246),(10507,'0.0',39,247),(10508,'0.0',39,248),(10509,'0.0',39,249),(10510,'0.0',39,250),(10511,'0.0',39,251),(10512,'0.0',39,252),(10513,'0.0',39,253),(10514,'0.0',39,254),(10515,'0.0',39,255),(10516,'0.0',39,256),(10517,'0.0',39,257),(10518,'0.0',39,258),(10519,'0.0',39,259),(10520,'0.0',39,260),(10521,'0.0',39,261),(10522,'0.0',39,262),(10523,'0.0',39,263),(10524,'0.0',39,264),(10525,'0.0',39,265),(10526,'0.0',39,266),(10527,'0.0',39,267),(10528,'0.0',39,268),(10529,'0.0',39,269),(10530,'0.0',39,270),(10531,'0.0',40,1),(10532,'0.0',40,2),(10533,'0.0',40,3),(10534,'0.0',40,4),(10535,'0.0',40,5),(10536,'0.0',40,6),(10537,'0.0',40,7),(10538,'0.0',40,8),(10539,'0.0',40,9),(10540,'0.0',40,10),(10541,'0.0',40,11),(10542,'0.0',40,12),(10543,'0.0',40,13),(10544,'0.0',40,14),(10545,'0.0',40,15),(10546,'0.0',40,16),(10547,'0.0',40,17),(10548,'0.0',40,18),(10549,'0.0',40,19),(10550,'0.0',40,20),(10551,'0.0',40,21),(10552,'0.0',40,22),(10553,'0.0',40,23),(10554,'0.275536353212085',40,24),(10555,'0.0',40,25),(10556,'0.0',40,26),(10557,'0.0',40,27),(10558,'0.0',40,28),(10559,'0.0',40,29),(10560,'0.0',40,30),(10561,'0.0',40,31),(10562,'0.0',40,32),(10563,'0.0',40,33),(10564,'0.347983460728723',40,34),(10565,'0.0',40,35),(10566,'0.0',40,36),(10567,'0.0',40,37),(10568,'0.0',40,38),(10569,'0.0',40,39),(10570,'0.0',40,40),(10571,'0.0',40,41),(10572,'0.315925104947611',40,42),(10573,'0.0',40,43),(10574,'0.0',40,44),(10575,'0.0',40,45),(10576,'0.0',40,46),(10577,'0.0',40,47),(10578,'0.0',40,48),(10579,'0.0',40,49),(10580,'0.0',40,50),(10581,'0.0',40,51),(10582,'0.0',40,52),(10583,'0.0',40,53),(10584,'0.0',40,54),(10585,'0.0',40,55),(10586,'0.0',40,56),(10587,'0.0',40,57),(10588,'0.0',40,58),(10589,'0.0',40,59),(10590,'0.0',40,60),(10591,'0.0',40,61),(10592,'0.0',40,62),(10593,'0.0',40,63),(10594,'0.0',40,64),(10595,'0.0',40,65),(10596,'0.0',40,66),(10597,'0.0',40,67),(10598,'0.0',40,68),(10599,'0.0',40,69),(10600,'0.0',40,70),(10601,'0.0',40,71),(10602,'0.0',40,72),(10603,'0.0',40,73),(10604,'0.0',40,74),(10605,'0.0',40,75),(10606,'0.0',40,76),(10607,'0.0',40,77),(10608,'0.0',40,78),(10609,'0.0',40,79),(10610,'0.0',40,80),(10611,'0.0',40,81),(10612,'0.0',40,82),(10613,'0.0',40,83),(10614,'0.0',40,84),(10615,'0.261120983757637',40,85),(10616,'0.0',40,86),(10617,'0.0',40,87),(10618,'0.0',40,88),(10619,'0.0',40,89),(10620,'0.0',40,90),(10621,'0.0',40,91),(10622,'0.0',40,92),(10623,'0.0',40,93),(10624,'0.293179339538749',40,94),(10625,'0.0',40,95),(10626,'0.0',40,96),(10627,'0.0',40,97),(10628,'0.0',40,98),(10629,'0.0',40,99),(10630,'0.0',40,100),(10631,'0.0',40,101),(10632,'0.0',40,102),(10633,'0.0',40,103),(10634,'0.0',40,104),(10635,'0.0',40,105),(10636,'0.0',40,106),(10637,'0.0',40,107),(10638,'0.0',40,108),(10639,'0.0',40,109),(10640,'0.0',40,110),(10641,'0.0',40,111),(10642,'0.0',40,112),(10643,'0.315925104947611',40,113),(10644,'0.0',40,114),(10645,'0.0',40,115),(10646,'0.0',40,116),(10647,'0.0',40,117),(10648,'0.0',40,118),(10649,'0.0',40,119),(10650,'0.0',40,120),(10651,'0.0',40,121),(10652,'0.0',40,122),(10653,'0.0',40,123),(10654,'0.0',40,124),(10655,'0.0',40,125),(10656,'0.0',40,126),(10657,'0.0',40,127),(10658,'0.0',40,128),(10659,'0.347983460728723',40,129),(10660,'0.0',40,130),(10661,'0.0',40,131),(10662,'0.0',40,132),(10663,'0.0',40,133),(10664,'0.0',40,134),(10665,'0.0',40,135),(10666,'0.0',40,136),(10667,'0.0',40,137),(10668,'0.0',40,138),(10669,'0.0',40,139),(10670,'0.0',40,140),(10671,'0.0',40,141),(10672,'0.0',40,142),(10673,'0.0',40,143),(10674,'0.0',40,144),(10675,'0.0',40,145),(10676,'0.0',40,146),(10677,'0.0',40,147),(10678,'0.347983460728723',40,148),(10679,'0.0',40,149),(10680,'0.0',40,150),(10681,'0.347983460728723',40,151),(10682,'0.0',40,152),(10683,'0.0',40,153),(10684,'0.0',40,154),(10685,'0.0',40,155),(10686,'0.0',40,156),(10687,'0.0',40,157),(10688,'0.0',40,158),(10689,'0.0',40,159),(10690,'0.0',40,160),(10691,'0.0',40,161),(10692,'0.0',40,162),(10693,'0.0',40,163),(10694,'0.0',40,164),(10695,'0.0',40,165),(10696,'0.0',40,166),(10697,'0.293179339538749',40,167),(10698,'0.0',40,168),(10699,'0.0',40,169),(10700,'0.0',40,170),(10701,'0.0',40,171),(10702,'0.0',40,172),(10703,'0.0',40,173),(10704,'0.0',40,174),(10705,'0.0',40,175),(10706,'0.0',40,176),(10707,'0.0',40,177),(10708,'0.0',40,178),(10709,'0.0',40,179),(10710,'0.0',40,180),(10711,'0.0',40,181),(10712,'0.0',40,182),(10713,'0.0',40,183),(10714,'0.0',40,184),(10715,'0.0',40,185),(10716,'0.0',40,186),(10717,'0.0',40,187),(10718,'0.0',40,188),(10719,'0.0',40,189),(10720,'0.0',40,190),(10721,'0.0',40,191),(10722,'0.0',40,192),(10723,'0.0',40,193),(10724,'0.0',40,194),(10725,'0.0',40,195),(10726,'0.0',40,196),(10727,'0.0',40,197),(10728,'0.0',40,198),(10729,'0.0',40,199),(10730,'0.0',40,200),(10731,'0.0',40,201),(10732,'0.0',40,202),(10733,'0.0',40,203),(10734,'0.0',40,204),(10735,'0.0',40,205),(10736,'0.0',40,206),(10737,'0.0',40,207),(10738,'0.0',40,208),(10739,'0.0',40,209),(10740,'0.0',40,210),(10741,'0.0',40,211),(10742,'0.0',40,212),(10743,'0.0',40,213),(10744,'0.0',40,214),(10745,'0.0',40,215),(10746,'0.0',40,216),(10747,'0.0',40,217),(10748,'0.0',40,218),(10749,'0.0',40,219),(10750,'0.0',40,220),(10751,'0.0',40,221),(10752,'0.0',40,222),(10753,'0.0',40,223),(10754,'0.0',40,224),(10755,'0.0',40,225),(10756,'0.0',40,226),(10757,'0.0',40,227),(10758,'0.0',40,228),(10759,'0.0',40,229),(10760,'0.0',40,230),(10761,'0.0',40,231),(10762,'0.0',40,232),(10763,'0.0',40,233),(10764,'0.0',40,234),(10765,'0.0',40,235),(10766,'0.0',40,236),(10767,'0.0',40,237),(10768,'0.0',40,238),(10769,'0.0',40,239),(10770,'0.0',40,240),(10771,'0.0',40,241),(10772,'0.0',40,242),(10773,'0.0',40,243),(10774,'0.0',40,244),(10775,'0.0',40,245),(10776,'0.0',40,246),(10777,'0.0',40,247),(10778,'0.0',40,248),(10779,'0.0',40,249),(10780,'0.0',40,250),(10781,'0.0',40,251),(10782,'0.0',40,252),(10783,'0.0',40,253),(10784,'0.0',40,254),(10785,'0.0',40,255),(10786,'0.0',40,256),(10787,'0.0',40,257),(10788,'0.0',40,258),(10789,'0.0',40,259),(10790,'0.0',40,260),(10791,'0.0',40,261),(10792,'0.0',40,262),(10793,'0.0',40,263),(10794,'0.0',40,264),(10795,'0.0',40,265),(10796,'0.0',40,266),(10797,'0.0',40,267),(10798,'0.0',40,268),(10799,'0.0',40,269),(10800,'0.0',40,270),(10801,'0.0',41,1),(10802,'0.0',41,2),(10803,'0.0',41,3),(10804,'0.0',41,4),(10805,'0.0',41,5),(10806,'0.0',41,6),(10807,'0.0',41,7),(10808,'0.0',41,8),(10809,'0.0',41,9),(10810,'0.0',41,10),(10811,'0.0',41,11),(10812,'0.0',41,12),(10813,'0.0',41,13),(10814,'0.292392577005977',41,14),(10815,'0.0',41,15),(10816,'0.0',41,16),(10817,'0.0',41,17),(10818,'0.0',41,18),(10819,'0.0',41,19),(10820,'0.0',41,20),(10821,'0.0',41,21),(10822,'0.0',41,22),(10823,'0.0',41,23),(10824,'0.0',41,24),(10825,'0.0',41,25),(10826,'0.0',41,26),(10827,'0.0',41,27),(10828,'0.0',41,28),(10829,'0.0',41,29),(10830,'0.0',41,30),(10831,'0.0',41,31),(10832,'0.0',41,32),(10833,'0.0',41,33),(10834,'0.0',41,34),(10835,'0.0',41,35),(10836,'0.0',41,36),(10837,'0.0',41,37),(10838,'0.0',41,38),(10839,'0.0',41,39),(10840,'0.0',41,40),(10841,'0.0',41,41),(10842,'0.0',41,42),(10843,'0.0',41,43),(10844,'0.0',41,44),(10845,'0.0',41,45),(10846,'0.0',41,46),(10847,'0.0',41,47),(10848,'0.0',41,48),(10849,'0.0',41,49),(10850,'0.0',41,50),(10851,'0.0',41,51),(10852,'0.0',41,52),(10853,'0.0',41,53),(10854,'0.0',41,54),(10855,'0.0',41,55),(10856,'0.0',41,56),(10857,'0.0',41,57),(10858,'0.0',41,58),(10859,'0.0',41,59),(10860,'0.0',41,60),(10861,'0.0',41,61),(10862,'0.0',41,62),(10863,'0.0',41,63),(10864,'0.169897312120788',41,64),(10865,'0.0',41,65),(10866,'0.0',41,66),(10867,'0.0',41,67),(10868,'0.0',41,68),(10869,'0.0',41,69),(10870,'0.0',41,70),(10871,'0.0',41,71),(10872,'0.0',41,72),(10873,'0.0',41,73),(10874,'0.0',41,74),(10875,'0.0',41,75),(10876,'0.0',41,76),(10877,'0.0',41,77),(10878,'0.0',41,78),(10879,'0.0',41,79),(10880,'0.0',41,80),(10881,'0.0',41,81),(10882,'0.185091575599655',41,82),(10883,'0.0',41,83),(10884,'0.0',41,84),(10885,'0.0',41,85),(10886,'0.0',41,86),(10887,'0.0',41,87),(10888,'0.0',41,88),(10889,'0.0',41,89),(10890,'0.0',41,90),(10891,'0.0',41,91),(10892,'0.0',41,92),(10893,'0.0',41,93),(10894,'0.0',41,94),(10895,'0.0',41,95),(10896,'0.0',41,96),(10897,'0.0',41,97),(10898,'0.0',41,98),(10899,'0.0',41,99),(10900,'0.0',41,100),(10901,'0.0',41,101),(10902,'0.0',41,102),(10903,'0.0',41,103),(10904,'0.0',41,104),(10905,'0.0',41,105),(10906,'0.0',41,106),(10907,'0.0',41,107),(10908,'0.0',41,108),(10909,'0.0',41,109),(10910,'0.0',41,110),(10911,'0.0',41,111),(10912,'0.0',41,112),(10913,'0.0',41,113),(10914,'0.0',41,114),(10915,'0.0',41,115),(10916,'0.255012289662357',41,116),(10917,'0.230390523832902',41,117),(10918,'0.0',41,118),(10919,'0.0',41,119),(10920,'0.0',41,120),(10921,'0.0',41,121),(10922,'0.212000284374121',41,122),(10923,'0.0',41,123),(10924,'0.0',41,124),(10925,'0.0',41,125),(10926,'0.0',41,126),(10927,'0.0',41,127),(10928,'0.0',41,128),(10929,'0.0',41,129),(10930,'0.0',41,130),(10931,'0.0',41,131),(10932,'0.0',41,132),(10933,'0.0',41,133),(10934,'0.0',41,134),(10935,'0.0',41,135),(10936,'0.0',41,136),(10937,'0.0',41,137),(10938,'0.0',41,138),(10939,'0.0',41,139),(10940,'0.0',41,140),(10941,'0.0',41,141),(10942,'0.0',41,142),(10943,'0.0',41,143),(10944,'0.27134109087931',41,144),(10945,'0.0',41,145),(10946,'0.169897312120788',41,146),(10947,'0.0',41,147),(10948,'0.0',41,148),(10949,'0.0',41,149),(10950,'0.0',41,150),(10951,'0.0',41,151),(10952,'0.0',41,152),(10953,'0.0',41,153),(10954,'0.0',41,154),(10955,'0.0',41,155),(10956,'0.0',41,156),(10957,'0.0',41,157),(10958,'0.0',41,158),(10959,'0.0',41,159),(10960,'0.0',41,160),(10961,'0.0',41,161),(10962,'0.0',41,162),(10963,'0.0',41,163),(10964,'0.0',41,164),(10965,'0.0',41,165),(10966,'0.0',41,166),(10967,'0.0',41,167),(10968,'0.0',41,168),(10969,'0.0',41,169),(10970,'0.0',41,170),(10971,'0.0',41,171),(10972,'0.0',41,172),(10973,'0.0',41,173),(10974,'0.0',41,174),(10975,'0.0',41,175),(10976,'0.0',41,176),(10977,'0.0',41,177),(10978,'0.0',41,178),(10979,'0.0',41,179),(10980,'0.0',41,180),(10981,'0.0',41,181),(10982,'0.0',41,182),(10983,'0.0',41,183),(10984,'0.0',41,184),(10985,'0.0',41,185),(10986,'0.0',41,186),(10987,'0.0',41,187),(10988,'0.0',41,188),(10989,'0.0',41,189),(10990,'0.0',41,190),(10991,'0.0',41,191),(10992,'0.0',41,192),(10993,'0.0',41,193),(10994,'0.27134109087931',41,194),(10995,'0.0',41,195),(10996,'0.0',41,196),(10997,'0.0',41,197),(10998,'0.0',41,198),(10999,'0.0',41,199),(11000,'0.0',41,200),(11001,'0.0',41,201),(11002,'0.0',41,202),(11003,'0.0',41,203),(11004,'0.0',41,204),(11005,'0.0',41,205),(11006,'0.322062980258572',41,206),(11007,'0.0',41,207),(11008,'0.0',41,208),(11009,'0.0',41,209),(11010,'0.0',41,210),(11011,'0.0',41,211),(11012,'0.179668634453641',41,212),(11013,'0.0',41,213),(11014,'0.0',41,214),(11015,'0.0',41,215),(11016,'0.0',41,216),(11017,'0.0',41,217),(11018,'0.0',41,218),(11019,'0.0',41,219),(11020,'0.0',41,220),(11021,'0.322062980258572',41,221),(11022,'0.0',41,222),(11023,'0.0',41,223),(11024,'0.0',41,224),(11025,'0.0',41,225),(11026,'0.0',41,226),(11027,'0.0',41,227),(11028,'0.0',41,228),(11029,'0.0',41,229),(11030,'0.0',41,230),(11031,'0.0',41,231),(11032,'0.0',41,232),(11033,'0.0',41,233),(11034,'0.0',41,234),(11035,'0.0',41,235),(11036,'0.0',41,236),(11037,'0.0',41,237),(11038,'0.0',41,238),(11039,'0.0',41,239),(11040,'0.0',41,240),(11041,'0.0',41,241),(11042,'0.0',41,242),(11043,'0.0',41,243),(11044,'0.0',41,244),(11045,'0.322062980258572',41,245),(11046,'0.0',41,246),(11047,'0.0',41,247),(11048,'0.0',41,248),(11049,'0.0',41,249),(11050,'0.0',41,250),(11051,'0.0',41,251),(11052,'0.0',41,252),(11053,'0.0',41,253),(11054,'0.0',41,254),(11055,'0.0',41,255),(11056,'0.0',41,256),(11057,'0.0',41,257),(11058,'0.0',41,258),(11059,'0.255012289662357',41,259),(11060,'0.0',41,260),(11061,'0.0',41,261),(11062,'0.0',41,262),(11063,'0.0',41,263),(11064,'0.0',41,264),(11065,'0.0',41,265),(11066,'0.0',41,266),(11067,'0.0',41,267),(11068,'0.0',41,268),(11069,'0.322062980258572',41,269),(11070,'0.0',41,270),(11071,'0.0',42,1),(11072,'0.0',42,2),(11073,'0.0',42,3),(11074,'0.0',42,4),(11075,'0.0',42,5),(11076,'0.0',42,6),(11077,'0.0',42,7),(11078,'0.0',42,8),(11079,'0.0',42,9),(11080,'0.343941424731683',42,10),(11081,'0.0',42,11),(11082,'0.0',42,12),(11083,'0.0',42,13),(11084,'0.31225544592447',42,14),(11085,'0.0',42,15),(11086,'0.0',42,16),(11087,'0.0',42,17),(11088,'0.0',42,18),(11089,'0.168009185944645',42,19),(11090,'0.0',42,20),(11091,'0.0',42,21),(11092,'0.0',42,22),(11093,'0.0',42,23),(11094,'0.0',42,24),(11095,'0.343941424731683',42,25),(11096,'0.0',42,26),(11097,'0.0',42,27),(11098,'0.0',42,28),(11099,'0.0',42,29),(11100,'0.0',42,30),(11101,'0.0',42,31),(11102,'0.0',42,32),(11103,'0.0',42,33),(11104,'0.0',42,34),(11105,'0.0',42,35),(11106,'0.0',42,36),(11107,'0.0',42,37),(11108,'0.0',42,38),(11109,'0.0',42,39),(11110,'0.0',42,40),(11111,'0.272335833693588',42,41),(11112,'0.0',42,42),(11113,'0.0',42,43),(11114,'0.0',42,44),(11115,'0.0',42,45),(11116,'0.0',42,46),(11117,'0.0',42,47),(11118,'0.0',42,48),(11119,'0.0',42,49),(11120,'0.0',42,50),(11121,'0.0',42,51),(11122,'0.0',42,52),(11123,'0.0',42,53),(11124,'0.0',42,54),(11125,'0.0',42,55),(11126,'0.0',42,56),(11127,'0.0',42,57),(11128,'0.0',42,58),(11129,'0.0',42,59),(11130,'0.0',42,60),(11131,'0.0',42,61),(11132,'0.343941424731683',42,62),(11133,'0.0',42,63),(11134,'0.0',42,64),(11135,'0.0',42,65),(11136,'0.0',42,66),(11137,'0.0',42,67),(11138,'0.0',42,68),(11139,'0.0',42,69),(11140,'0.0',42,70),(11141,'0.0',42,71),(11142,'0.0',42,72),(11143,'0.0',42,73),(11144,'0.0',42,74),(11145,'0.0',42,75),(11146,'0.0',42,76),(11147,'0.0',42,77),(11148,'0.0',42,78),(11149,'0.0',42,79),(11150,'0.0',42,80),(11151,'0.0',42,81),(11152,'0.1976652522015',42,82),(11153,'0.0',42,83),(11154,'0.0',42,84),(11155,'0.0',42,85),(11156,'0.0',42,86),(11157,'0.0',42,87),(11158,'0.0',42,88),(11159,'0.0',42,89),(11160,'0.0',42,90),(11161,'0.0',42,91),(11162,'0.0',42,92),(11163,'0.0',42,93),(11164,'0.0',42,94),(11165,'0.0',42,95),(11166,'0.0',42,96),(11167,'0.0',42,97),(11168,'0.0',42,98),(11169,'0.0',42,99),(11170,'0.0',42,100),(11171,'0.0',42,101),(11172,'0.0',42,102),(11173,'0.0',42,103),(11174,'0.0',42,104),(11175,'0.0',42,105),(11176,'0.0',42,106),(11177,'0.0',42,107),(11178,'0.0',42,108),(11179,'0.0',42,109),(11180,'0.0',42,110),(11181,'0.0',42,111),(11182,'0.0',42,112),(11183,'0.0',42,113),(11184,'0.0',42,114),(11185,'0.0',42,115),(11186,'0.0',42,116),(11187,'0.0',42,117),(11188,'0.0',42,118),(11189,'0.0',42,119),(11190,'0.0',42,120),(11191,'0.0',42,121),(11192,'0.226401928568803',42,122),(11193,'0.0',42,123),(11194,'0.0',42,124),(11195,'0.0',42,125),(11196,'0.0',42,126),(11197,'0.0',42,127),(11198,'0.0',42,128),(11199,'0.0',42,129),(11200,'0.0',42,130),(11201,'0.0',42,131),(11202,'0.0',42,132),(11203,'0.0',42,133),(11204,'0.0',42,134),(11205,'0.0',42,135),(11206,'0.0',42,136),(11207,'0.0',42,137),(11208,'0.0',42,138),(11209,'0.0',42,139),(11210,'0.0',42,140),(11211,'0.0',42,141),(11212,'0.0',42,142),(11213,'0.0',42,143),(11214,'0.0',42,144),(11215,'0.0',42,145),(11216,'0.0',42,146),(11217,'0.0',42,147),(11218,'0.0',42,148),(11219,'0.0',42,149),(11220,'0.0',42,150),(11221,'0.0',42,151),(11222,'0.0',42,152),(11223,'0.0',42,153),(11224,'0.0',42,154),(11225,'0.0',42,155),(11226,'0.0',42,156),(11227,'0.0',42,157),(11228,'0.0',42,158),(11229,'0.0',42,159),(11230,'0.0',42,160),(11231,'0.0',42,161),(11232,'0.31225544592447',42,162),(11233,'0.0',42,163),(11234,'0.0',42,164),(11235,'0.0',42,165),(11236,'0.0',42,166),(11237,'0.0',42,167),(11238,'0.0',42,168),(11239,'0.0',42,169),(11240,'0.0',42,170),(11241,'0.0',42,171),(11242,'0.0',42,172),(11243,'0.0',42,173),(11244,'0.0',42,174),(11245,'0.0',42,175),(11246,'0.0',42,176),(11247,'0.0',42,177),(11248,'0.0',42,178),(11249,'0.0',42,179),(11250,'0.0',42,180),(11251,'0.0',42,181),(11252,'0.0',42,182),(11253,'0.0',42,183),(11254,'0.0',42,184),(11255,'0.0',42,185),(11256,'0.0',42,186),(11257,'0.0',42,187),(11258,'0.0',42,188),(11259,'0.0',42,189),(11260,'0.0',42,190),(11261,'0.0',42,191),(11262,'0.0',42,192),(11263,'0.0',42,193),(11264,'0.0',42,194),(11265,'0.0',42,195),(11266,'0.0',42,196),(11267,'0.0',42,197),(11268,'0.0',42,198),(11269,'0.0',42,199),(11270,'0.0',42,200),(11271,'0.0',42,201),(11272,'0.0',42,202),(11273,'0.0',42,203),(11274,'0.0',42,204),(11275,'0.0',42,205),(11276,'0.0',42,206),(11277,'0.0',42,207),(11278,'0.0',42,208),(11279,'0.0',42,209),(11280,'0.0',42,210),(11281,'0.0',42,211),(11282,'0.0',42,212),(11283,'0.0',42,213),(11284,'0.0',42,214),(11285,'0.0',42,215),(11286,'0.0',42,216),(11287,'0.0',42,217),(11288,'0.0',42,218),(11289,'0.0',42,219),(11290,'0.0',42,220),(11291,'0.0',42,221),(11292,'0.0',42,222),(11293,'0.0',42,223),(11294,'0.0',42,224),(11295,'0.0',42,225),(11296,'0.0',42,226),(11297,'0.0',42,227),(11298,'0.0',42,228),(11299,'0.0',42,229),(11300,'0.0',42,230),(11301,'0.0',42,231),(11302,'0.0',42,232),(11303,'0.343941424731683',42,233),(11304,'0.0',42,234),(11305,'0.0',42,235),(11306,'0.0',42,236),(11307,'0.0',42,237),(11308,'0.0',42,238),(11309,'0.0',42,239),(11310,'0.0',42,240),(11311,'0.0',42,241),(11312,'0.31225544592447',42,242),(11313,'0.0',42,243),(11314,'0.0',42,244),(11315,'0.0',42,245),(11316,'0.0',42,246),(11317,'0.0',42,247),(11318,'0.0',42,248),(11319,'0.0',42,249),(11320,'0.0',42,250),(11321,'0.0',42,251),(11322,'0.0',42,252),(11323,'0.0',42,253),(11324,'0.203920368827563',42,254),(11325,'0.0',42,255),(11326,'0.0',42,256),(11327,'0.0',42,257),(11328,'0.0',42,258),(11329,'0.0',42,259),(11330,'0.0',42,260),(11331,'0.0',42,261),(11332,'0.0',42,262),(11333,'0.0',42,263),(11334,'0.0',42,264),(11335,'0.0',42,265),(11336,'0.0',42,266),(11337,'0.0',42,267),(11338,'0.0',42,268),(11339,'0.0',42,269),(11340,'0.0',42,270),(11341,'0.0',43,1),(11342,'0.0',43,2),(11343,'0.0',43,3),(11344,'0.0',43,4),(11345,'0.0',43,5),(11346,'0.0',43,6),(11347,'0.0',43,7),(11348,'0.0',43,8),(11349,'0.0',43,9),(11350,'0.0',43,10),(11351,'0.0',43,11),(11352,'0.0',43,12),(11353,'0.0',43,13),(11354,'0.0',43,14),(11355,'0.0',43,15),(11356,'0.0',43,16),(11357,'0.0',43,17),(11358,'0.0',43,18),(11359,'0.0',43,19),(11360,'0.0',43,20),(11361,'0.0',43,21),(11362,'0.361060345631992',43,22),(11363,'0.0',43,23),(11364,'0.285890745257257',43,24),(11365,'0.0',43,25),(11366,'0.0',43,26),(11367,'0.0',43,27),(11368,'0.0',43,28),(11369,'0.0',43,29),(11370,'0.0',43,30),(11371,'0.0',43,31),(11372,'0.0',43,32),(11373,'0.0',43,33),(11374,'0.0',43,34),(11375,'0.0',43,35),(11376,'0.0',43,36),(11377,'0.0',43,37),(11378,'0.0',43,38),(11379,'0.0',43,39),(11380,'0.0',43,40),(11381,'0.0',43,41),(11382,'0.0',43,42),(11383,'0.0',43,43),(11384,'0.0',43,44),(11385,'0.0',43,45),(11386,'0.0',43,46),(11387,'0.0',43,47),(11388,'0.0',43,48),(11389,'0.0',43,49),(11390,'0.0',43,50),(11391,'0.0',43,51),(11392,'0.0',43,52),(11393,'0.0',43,53),(11394,'0.0',43,54),(11395,'0.0',43,55),(11396,'0.0',43,56),(11397,'0.0',43,57),(11398,'0.0',43,58),(11399,'0.0',43,59),(11400,'0.0',43,60),(11401,'0.0',43,61),(11402,'0.0',43,62),(11403,'0.0',43,63),(11404,'0.190469523032507',43,64),(11405,'0.0',43,65),(11406,'0.0',43,66),(11407,'0.0',43,67),(11408,'0.0',43,68),(11409,'0.0',43,69),(11410,'0.0',43,70),(11411,'0.0',43,71),(11412,'0.0',43,72),(11413,'0.0',43,73),(11414,'0.0',43,74),(11415,'0.0',43,75),(11416,'0.0',43,76),(11417,'0.0',43,77),(11418,'0.361060345631992',43,78),(11419,'0.0',43,79),(11420,'0.0',43,80),(11421,'0.0',43,81),(11422,'0.207503601332655',43,82),(11423,'0.0',43,83),(11424,'0.0',43,84),(11425,'0.0',43,85),(11426,'0.0',43,86),(11427,'0.0',43,87),(11428,'0.0',43,88),(11429,'0.0',43,89),(11430,'0.0',43,90),(11431,'0.0',43,91),(11432,'0.0',43,92),(11433,'0.0',43,93),(11434,'0.0',43,94),(11435,'0.0',43,95),(11436,'0.0',43,96),(11437,'0.0',43,97),(11438,'0.0',43,98),(11439,'0.0',43,99),(11440,'0.0',43,100),(11441,'0.0',43,101),(11442,'0.0',43,102),(11443,'0.0',43,103),(11444,'0.0',43,104),(11445,'0.0',43,105),(11446,'0.0',43,106),(11447,'0.0',43,107),(11448,'0.0',43,108),(11449,'0.361060345631992',43,109),(11450,'0.0',43,110),(11451,'0.0',43,111),(11452,'0.0',43,112),(11453,'0.0',43,113),(11454,'0.0',43,114),(11455,'0.0',43,115),(11456,'0.0',43,116),(11457,'0.0',43,117),(11458,'0.0',43,118),(11459,'0.0',43,119),(11460,'0.0',43,120),(11461,'0.0',43,121),(11462,'0.0',43,122),(11463,'0.0',43,123),(11464,'0.0',43,124),(11465,'0.0',43,125),(11466,'0.0',43,126),(11467,'0.0',43,127),(11468,'0.0',43,128),(11469,'0.0',43,129),(11470,'0.0',43,130),(11471,'0.0',43,131),(11472,'0.25828762467098',43,132),(11473,'0.0',43,133),(11474,'0.0',43,134),(11475,'0.0',43,135),(11476,'0.0',43,136),(11477,'0.0',43,137),(11478,'0.0',43,138),(11479,'0.0',43,139),(11480,'0.0',43,140),(11481,'0.0',43,141),(11482,'0.0',43,142),(11483,'0.0',43,143),(11484,'0.0',43,144),(11485,'0.0',43,145),(11486,'0.0',43,146),(11487,'0.0',43,147),(11488,'0.0',43,148),(11489,'0.0',43,149),(11490,'0.0',43,150),(11491,'0.0',43,151),(11492,'0.237670581973581',43,152),(11493,'0.0',43,153),(11494,'0.0',43,154),(11495,'0.0',43,155),(11496,'0.0',43,156),(11497,'0.0',43,157),(11498,'0.0',43,158),(11499,'0.0',43,159),(11500,'0.0',43,160),(11501,'0.0',43,161),(11502,'0.0',43,162),(11503,'0.0',43,163),(11504,'0.0',43,164),(11505,'0.0',43,165),(11506,'0.0',43,166),(11507,'0.0',43,167),(11508,'0.0',43,168),(11509,'0.0',43,169),(11510,'0.0',43,170),(11511,'0.0',43,171),(11512,'0.0',43,172),(11513,'0.0',43,173),(11514,'0.0',43,174),(11515,'0.0',43,175),(11516,'0.0',43,176),(11517,'0.0',43,177),(11518,'0.25828762467098',43,178),(11519,'0.0',43,179),(11520,'0.0',43,180),(11521,'0.0',43,181),(11522,'0.0',43,182),(11523,'0.0',43,183),(11524,'0.0',43,184),(11525,'0.0',43,185),(11526,'0.0',43,186),(11527,'0.0',43,187),(11528,'0.361060345631992',43,188),(11529,'0.0',43,189),(11530,'0.0',43,190),(11531,'0.0',43,191),(11532,'0.0',43,192),(11533,'0.285890745257257',43,193),(11534,'0.0',43,194),(11535,'0.0',43,195),(11536,'0.0',43,196),(11537,'0.0',43,197),(11538,'0.0',43,198),(11539,'0.0',43,199),(11540,'0.0',43,200),(11541,'0.0',43,201),(11542,'0.0',43,202),(11543,'0.0',43,203),(11544,'0.0',43,204),(11545,'0.0',43,205),(11546,'0.0',43,206),(11547,'0.0',43,207),(11548,'0.0',43,208),(11549,'0.0',43,209),(11550,'0.0',43,210),(11551,'0.0',43,211),(11552,'0.0',43,212),(11553,'0.0',43,213),(11554,'0.0',43,214),(11555,'0.0',43,215),(11556,'0.0',43,216),(11557,'0.0',43,217),(11558,'0.0',43,218),(11559,'0.0',43,219),(11560,'0.0',43,220),(11561,'0.0',43,221),(11562,'0.0',43,222),(11563,'0.0',43,223),(11564,'0.0',43,224),(11565,'0.0',43,225),(11566,'0.0',43,226),(11567,'0.0',43,227),(11568,'0.0',43,228),(11569,'0.0',43,229),(11570,'0.0',43,230),(11571,'0.0',43,231),(11572,'0.0',43,232),(11573,'0.0',43,233),(11574,'0.0',43,234),(11575,'0.0',43,235),(11576,'0.0',43,236),(11577,'0.0',43,237),(11578,'0.0',43,238),(11579,'0.0',43,239),(11580,'0.0',43,240),(11581,'0.0',43,241),(11582,'0.0',43,242),(11583,'0.0',43,243),(11584,'0.0',43,244),(11585,'0.0',43,245),(11586,'0.0',43,246),(11587,'0.0',43,247),(11588,'0.0',43,248),(11589,'0.0',43,249),(11590,'0.0',43,250),(11591,'0.0',43,251),(11592,'0.214070052503044',43,252),(11593,'0.0',43,253),(11594,'0.0',43,254),(11595,'0.0',43,255),(11596,'0.0',43,256),(11597,'0.0',43,257),(11598,'0.0',43,258),(11599,'0.0',43,259),(11600,'0.0',43,260),(11601,'0.0',43,261),(11602,'0.0',43,262),(11603,'0.0',43,263),(11604,'0.0',43,264),(11605,'0.0',43,265),(11606,'0.0',43,266),(11607,'0.0',43,267),(11608,'0.0',43,268),(11609,'0.0',43,269),(11610,'0.0',43,270),(11611,'0.0',44,1),(11612,'0.0',44,2),(11613,'0.0',44,3),(11614,'0.0',44,4),(11615,'0.0',44,5),(11616,'0.0',44,6),(11617,'0.0',44,7),(11618,'0.0',44,8),(11619,'0.0',44,9),(11620,'0.0',44,10),(11621,'0.0',44,11),(11622,'0.0',44,12),(11623,'0.0',44,13),(11624,'0.0',44,14),(11625,'0.0',44,15),(11626,'0.0',44,16),(11627,'0.0',44,17),(11628,'0.431345332954222',44,18),(11629,'0.250091473752871',44,19),(11630,'0.0',44,20),(11631,'0.0',44,21),(11632,'0.0',44,22),(11633,'0.0',44,23),(11634,'0.0',44,24),(11635,'0.0',44,25),(11636,'0.0',44,26),(11637,'0.0',44,27),(11638,'0.0',44,28),(11639,'0.0',44,29),(11640,'0.0',44,30),(11641,'0.0',44,31),(11642,'0.0',44,32),(11643,'0.0',44,33),(11644,'0.0',44,34),(11645,'0.0',44,35),(11646,'0.0',44,36),(11647,'0.0',44,37),(11648,'0.0',44,38),(11649,'0.0',44,39),(11650,'0.0',44,40),(11651,'0.0',44,41),(11652,'0.0',44,42),(11653,'0.0',44,43),(11654,'0.0',44,44),(11655,'0.0',44,45),(11656,'0.0',44,46),(11657,'0.0',44,47),(11658,'0.0',44,48),(11659,'0.0',44,49),(11660,'0.0',44,50),(11661,'0.0',44,51),(11662,'0.0',44,52),(11663,'0.0',44,53),(11664,'0.0',44,54),(11665,'0.0',44,55),(11666,'0.0',44,56),(11667,'0.0',44,57),(11668,'0.0',44,58),(11669,'0.0',44,59),(11670,'0.0',44,60),(11671,'0.0',44,61),(11672,'0.0',44,62),(11673,'0.0',44,63),(11674,'0.0',44,64),(11675,'0.0',44,65),(11676,'0.0',44,66),(11677,'0.0',44,67),(11678,'0.0',44,68),(11679,'0.0',44,69),(11680,'0.0',44,70),(11681,'0.0',44,71),(11682,'0.0',44,72),(11683,'0.0',44,73),(11684,'0.0',44,74),(11685,'0.0',44,75),(11686,'0.0',44,76),(11687,'0.0',44,77),(11688,'0.0',44,78),(11689,'0.0',44,79),(11690,'0.0',44,80),(11691,'0.0',44,81),(11692,'0.0',44,82),(11693,'0.0',44,83),(11694,'0.0',44,84),(11695,'0.0',44,85),(11696,'0.0',44,86),(11697,'0.0',44,87),(11698,'0.0',44,88),(11699,'0.0',44,89),(11700,'0.0',44,90),(11701,'0.0',44,91),(11702,'0.0',44,92),(11703,'0.0',44,93),(11704,'0.0',44,94),(11705,'0.0',44,95),(11706,'0.0',44,96),(11707,'0.0',44,97),(11708,'0.0',44,98),(11709,'0.0',44,99),(11710,'0.0',44,100),(11711,'0.0',44,101),(11712,'0.0',44,102),(11713,'0.337012477370849',44,103),(11714,'0.0',44,104),(11715,'0.0',44,105),(11716,'0.0',44,106),(11717,'0.0',44,107),(11718,'0.0',44,108),(11719,'0.0',44,109),(11720,'0.0',44,110),(11721,'0.0',44,111),(11722,'0.0',44,112),(11723,'0.0',44,113),(11724,'0.0',44,114),(11725,'0.0',44,115),(11726,'0.0',44,116),(11727,'0.0',44,117),(11728,'0.0',44,118),(11729,'0.0',44,119),(11730,'0.0',44,120),(11731,'0.0',44,121),(11732,'0.0',44,122),(11733,'0.0',44,123),(11734,'0.0',44,124),(11735,'0.0',44,125),(11736,'0.0',44,126),(11737,'0.0',44,127),(11738,'0.0',44,128),(11739,'0.0',44,129),(11740,'0.0',44,130),(11741,'0.0',44,131),(11742,'0.0',44,132),(11743,'0.0',44,133),(11744,'0.0',44,134),(11745,'0.0',44,135),(11746,'0.0',44,136),(11747,'0.0',44,137),(11748,'0.0',44,138),(11749,'0.0',44,139),(11750,'0.0',44,140),(11751,'0.0',44,141),(11752,'0.0',44,142),(11753,'0.0',44,143),(11754,'0.0',44,144),(11755,'0.0',44,145),(11756,'0.0',44,146),(11757,'0.0',44,147),(11758,'0.0',44,148),(11759,'0.0',44,149),(11760,'0.0',44,150),(11761,'0.0',44,151),(11762,'0.337012477370849',44,152),(11763,'0.0',44,153),(11764,'0.0',44,154),(11765,'0.0',44,155),(11766,'0.0',44,156),(11767,'0.0',44,157),(11768,'0.0',44,158),(11769,'0.0',44,159),(11770,'0.0',44,160),(11771,'0.0',44,161),(11772,'0.0',44,162),(11773,'0.0',44,163),(11774,'0.0',44,164),(11775,'0.0',44,165),(11776,'0.0',44,166),(11777,'0.0',44,167),(11778,'0.0',44,168),(11779,'0.0',44,169),(11780,'0.0',44,170),(11781,'0.0',44,171),(11782,'0.0',44,172),(11783,'0.0',44,173),(11784,'0.0',44,174),(11785,'0.0',44,175),(11786,'0.0',44,176),(11787,'0.0',44,177),(11788,'0.0',44,178),(11789,'0.0',44,179),(11790,'0.0',44,180),(11791,'0.0',44,181),(11792,'0.0',44,182),(11793,'0.0',44,183),(11794,'0.0',44,184),(11795,'0.0',44,185),(11796,'0.0',44,186),(11797,'0.0',44,187),(11798,'0.0',44,188),(11799,'0.0',44,189),(11800,'0.0',44,190),(11801,'0.0',44,191),(11802,'0.0',44,192),(11803,'0.0',44,193),(11804,'0.0',44,194),(11805,'0.0',44,195),(11806,'0.0',44,196),(11807,'0.0',44,197),(11808,'0.0',44,198),(11809,'0.0',44,199),(11810,'0.511976873836823',44,200),(11811,'0.0',44,201),(11812,'0.0',44,202),(11813,'0.0',44,203),(11814,'0.0',44,204),(11815,'0.0',44,205),(11816,'0.0',44,206),(11817,'0.0',44,207),(11818,'0.0',44,208),(11819,'0.0',44,209),(11820,'0.0',44,210),(11821,'0.0',44,211),(11822,'0.0',44,212),(11823,'0.0',44,213),(11824,'0.0',44,214),(11825,'0.0',44,215),(11826,'0.0',44,216),(11827,'0.0',44,217),(11828,'0.0',44,218),(11829,'0.0',44,219),(11830,'0.511976873836823',44,220),(11831,'0.0',44,221),(11832,'0.0',44,222),(11833,'0.0',44,223),(11834,'0.0',44,224),(11835,'0.0',44,225),(11836,'0.0',44,226),(11837,'0.0',44,227),(11838,'0.0',44,228),(11839,'0.0',44,229),(11840,'0.0',44,230),(11841,'0.0',44,231),(11842,'0.0',44,232),(11843,'0.0',44,233),(11844,'0.0',44,234),(11845,'0.0',44,235),(11846,'0.0',44,236),(11847,'0.0',44,237),(11848,'0.0',44,238),(11849,'0.0',44,239),(11850,'0.0',44,240),(11851,'0.0',44,241),(11852,'0.0',44,242),(11853,'0.0',44,243),(11854,'0.0',44,244),(11855,'0.0',44,245),(11856,'0.0',44,246),(11857,'0.0',44,247),(11858,'0.0',44,248),(11859,'0.0',44,249),(11860,'0.0',44,250),(11861,'0.0',44,251),(11862,'0.0',44,252),(11863,'0.0',44,253),(11864,'0.0',44,254),(11865,'0.0',44,255),(11866,'0.0',44,256),(11867,'0.0',44,257),(11868,'0.0',44,258),(11869,'0.0',44,259),(11870,'0.0',44,260),(11871,'0.0',44,261),(11872,'0.0',44,262),(11873,'0.0',44,263),(11874,'0.0',44,264),(11875,'0.0',44,265),(11876,'0.0',44,266),(11877,'0.0',44,267),(11878,'0.0',44,268),(11879,'0.0',44,269),(11880,'0.0',44,270),(11881,'0.0',45,1),(11882,'0.0',45,2),(11883,'0.0',45,3),(11884,'0.0',45,4),(11885,'0.0',45,5),(11886,'0.0',45,6),(11887,'0.0',45,7),(11888,'0.0',45,8),(11889,'0.0',45,9),(11890,'0.0',45,10),(11891,'0.0',45,11),(11892,'0.0',45,12),(11893,'0.0',45,13),(11894,'0.0',45,14),(11895,'0.0',45,15),(11896,'0.0',45,16),(11897,'0.0',45,17),(11898,'0.0',45,18),(11899,'0.0',45,19),(11900,'0.0',45,20),(11901,'0.0',45,21),(11902,'0.0',45,22),(11903,'0.0',45,23),(11904,'0.0',45,24),(11905,'0.0',45,25),(11906,'0.0',45,26),(11907,'0.0',45,27),(11908,'0.0',45,28),(11909,'0.0',45,29),(11910,'0.0',45,30),(11911,'0.0',45,31),(11912,'0.0',45,32),(11913,'0.0',45,33),(11914,'0.0',45,34),(11915,'0.0',45,35),(11916,'0.0',45,36),(11917,'0.0',45,37),(11918,'0.0',45,38),(11919,'0.0',45,39),(11920,'0.0',45,40),(11921,'0.0',45,41),(11922,'0.0',45,42),(11923,'0.537187101390702',45,43),(11924,'0.0',45,44),(11925,'0.0',45,45),(11926,'0.0',45,46),(11927,'0.42534945367749',45,47),(11928,'0.0',45,48),(11929,'0.0',45,49),(11930,'0.0',45,50),(11931,'0.0',45,51),(11932,'0.0',45,52),(11933,'0.0',45,53),(11934,'0.0',45,54),(11935,'0.0',45,55),(11936,'0.0',45,56),(11937,'0.0',45,57),(11938,'0.0',45,58),(11939,'0.0',45,59),(11940,'0.0',45,60),(11941,'0.0',45,61),(11942,'0.0',45,62),(11943,'0.0',45,63),(11944,'0.0',45,64),(11945,'0.0',45,65),(11946,'0.0',45,66),(11947,'0.0',45,67),(11948,'0.0',45,68),(11949,'0.0',45,69),(11950,'0.0',45,70),(11951,'0.0',45,71),(11952,'0.0',45,72),(11953,'0.0',45,73),(11954,'0.0',45,74),(11955,'0.0',45,75),(11956,'0.0',45,76),(11957,'0.0',45,77),(11958,'0.0',45,78),(11959,'0.0',45,79),(11960,'0.0',45,80),(11961,'0.0',45,81),(11962,'0.30872473113299',45,82),(11963,'0.0',45,83),(11964,'0.0',45,84),(11965,'0.0',45,85),(11966,'0.0',45,86),(11967,'0.0',45,87),(11968,'0.0',45,88),(11969,'0.0',45,89),(11970,'0.0',45,90),(11971,'0.0',45,91),(11972,'0.0',45,92),(11973,'0.0',45,93),(11974,'0.0',45,94),(11975,'0.0',45,95),(11976,'0.0',45,96),(11977,'0.0',45,97),(11978,'0.0',45,98),(11979,'0.0',45,99),(11980,'0.0',45,100),(11981,'0.0',45,101),(11982,'0.0',45,102),(11983,'0.0',45,103),(11984,'0.0',45,104),(11985,'0.0',45,105),(11986,'0.0',45,106),(11987,'0.0',45,107),(11988,'0.0',45,108),(11989,'0.0',45,109),(11990,'0.0',45,110),(11991,'0.0',45,111),(11992,'0.0',45,112),(11993,'0.0',45,113),(11994,'0.0',45,114),(11995,'0.0',45,115),(11996,'0.0',45,116),(11997,'0.0',45,117),(11998,'0.0',45,118),(11999,'0.0',45,119),(12000,'0.0',45,120),(12001,'0.0',45,121),(12002,'0.0',45,122),(12003,'0.0',45,123),(12004,'0.0',45,124),(12005,'0.0',45,125),(12006,'0.403096239353756',45,126),(12007,'0.0',45,127),(12008,'0.0',45,128),(12009,'0.0',45,129),(12010,'0.0',45,130),(12011,'0.0',45,131),(12012,'0.0',45,132),(12013,'0.0',45,133),(12014,'0.0',45,134),(12015,'0.0',45,135),(12016,'0.0',45,136),(12017,'0.0',45,137),(12018,'0.0',45,138),(12019,'0.0',45,139),(12020,'0.0',45,140),(12021,'0.0',45,141),(12022,'0.0',45,142),(12023,'0.0',45,143),(12024,'0.0',45,144),(12025,'0.0',45,145),(12026,'0.0',45,146),(12027,'0.0',45,147),(12028,'0.0',45,148),(12029,'0.0',45,149),(12030,'0.0',45,150),(12031,'0.0',45,151),(12032,'0.353607291857965',45,152),(12033,'0.0',45,153),(12034,'0.0',45,154),(12035,'0.0',45,155),(12036,'0.0',45,156),(12037,'0.0',45,157),(12038,'0.0',45,158),(12039,'0.0',45,159),(12040,'0.0',45,160),(12041,'0.0',45,161),(12042,'0.0',45,162),(12043,'0.0',45,163),(12044,'0.0',45,164),(12045,'0.0',45,165),(12046,'0.0',45,166),(12047,'0.0',45,167),(12048,'0.0',45,168),(12049,'0.0',45,169),(12050,'0.0',45,170),(12051,'0.0',45,171),(12052,'0.0',45,172),(12053,'0.0',45,173),(12054,'0.0',45,174),(12055,'0.0',45,175),(12056,'0.0',45,176),(12057,'0.0',45,177),(12058,'0.384281414729249',45,178),(12059,'0.0',45,179),(12060,'0.0',45,180),(12061,'0.0',45,181),(12062,'0.0',45,182),(12063,'0.0',45,183),(12064,'0.0',45,184),(12065,'0.0',45,185),(12066,'0.0',45,186),(12067,'0.0',45,187),(12068,'0.0',45,188),(12069,'0.0',45,189),(12070,'0.0',45,190),(12071,'0.0',45,191),(12072,'0.0',45,192),(12073,'0.0',45,193),(12074,'0.0',45,194),(12075,'0.0',45,195),(12076,'0.0',45,196),(12077,'0.0',45,197),(12078,'0.0',45,198),(12079,'0.0',45,199),(12080,'0.0',45,200),(12081,'0.0',45,201),(12082,'0.0',45,202),(12083,'0.0',45,203),(12084,'0.0',45,204),(12085,'0.0',45,205),(12086,'0.0',45,206),(12087,'0.0',45,207),(12088,'0.0',45,208),(12089,'0.0',45,209),(12090,'0.0',45,210),(12091,'0.0',45,211),(12092,'0.0',45,212),(12093,'0.0',45,213),(12094,'0.0',45,214),(12095,'0.0',45,215),(12096,'0.0',45,216),(12097,'0.0',45,217),(12098,'0.0',45,218),(12099,'0.0',45,219),(12100,'0.0',45,220),(12101,'0.0',45,221),(12102,'0.0',45,222),(12103,'0.0',45,223),(12104,'0.0',45,224),(12105,'0.0',45,225),(12106,'0.0',45,226),(12107,'0.0',45,227),(12108,'0.0',45,228),(12109,'0.0',45,229),(12110,'0.0',45,230),(12111,'0.0',45,231),(12112,'0.0',45,232),(12113,'0.0',45,233),(12114,'0.0',45,234),(12115,'0.0',45,235),(12116,'0.0',45,236),(12117,'0.0',45,237),(12118,'0.0',45,238),(12119,'0.0',45,239),(12120,'0.0',45,240),(12121,'0.0',45,241),(12122,'0.0',45,242),(12123,'0.0',45,243),(12124,'0.0',45,244),(12125,'0.0',45,245),(12126,'0.0',45,246),(12127,'0.0',45,247),(12128,'0.0',45,248),(12129,'0.0',45,249),(12130,'0.0',45,250),(12131,'0.0',45,251),(12132,'0.0',45,252),(12133,'0.0',45,253),(12134,'0.0',45,254),(12135,'0.0',45,255),(12136,'0.0',45,256),(12137,'0.0',45,257),(12138,'0.0',45,258),(12139,'0.0',45,259),(12140,'0.0',45,260),(12141,'0.0',45,261),(12142,'0.0',45,262),(12143,'0.0',45,263),(12144,'0.0',45,264),(12145,'0.0',45,265),(12146,'0.0',45,266),(12147,'0.0',45,267),(12148,'0.0',45,268),(12149,'0.0',45,269),(12150,'0.0',45,270),(12151,'0.0',46,1),(12152,'0.0',46,2),(12153,'0.0',46,3),(12154,'0.0',46,4),(12155,'0.0',46,5),(12156,'0.0',46,6),(12157,'0.0',46,7),(12158,'0.0',46,8),(12159,'0.0',46,9),(12160,'0.0',46,10),(12161,'0.0',46,11),(12162,'0.0',46,12),(12163,'0.0',46,13),(12164,'0.0',46,14),(12165,'0.0',46,15),(12166,'0.0',46,16),(12167,'0.0',46,17),(12168,'0.0',46,18),(12169,'0.0',46,19),(12170,'0.0',46,20),(12171,'0.0',46,21),(12172,'0.0',46,22),(12173,'0.0',46,23),(12174,'0.0',46,24),(12175,'0.0',46,25),(12176,'0.0',46,26),(12177,'0.0',46,27),(12178,'0.0',46,28),(12179,'0.0',46,29),(12180,'0.0',46,30),(12181,'0.0',46,31),(12182,'0.0',46,32),(12183,'0.0',46,33),(12184,'0.0',46,34),(12185,'0.0',46,35),(12186,'0.0',46,36),(12187,'0.0',46,37),(12188,'0.0',46,38),(12189,'0.0',46,39),(12190,'0.0',46,40),(12191,'0.0',46,41),(12192,'0.0',46,42),(12193,'0.0',46,43),(12194,'0.0',46,44),(12195,'0.0',46,45),(12196,'0.0',46,46),(12197,'0.0',46,47),(12198,'0.0',46,48),(12199,'0.0',46,49),(12200,'0.0',46,50),(12201,'0.0',46,51),(12202,'0.0',46,52),(12203,'0.0',46,53),(12204,'0.0',46,54),(12205,'0.0',46,55),(12206,'0.0',46,56),(12207,'0.0',46,57),(12208,'0.0',46,58),(12209,'0.0',46,59),(12210,'0.0',46,60),(12211,'0.0',46,61),(12212,'0.0',46,62),(12213,'0.0',46,63),(12214,'0.0',46,64),(12215,'0.0',46,65),(12216,'0.0',46,66),(12217,'0.0',46,67),(12218,'0.0',46,68),(12219,'0.0',46,69),(12220,'0.0',46,70),(12221,'0.0',46,71),(12222,'0.0',46,72),(12223,'0.0',46,73),(12224,'0.0',46,74),(12225,'0.0',46,75),(12226,'0.0',46,76),(12227,'0.0',46,77),(12228,'0.0',46,78),(12229,'0.0',46,79),(12230,'0.0',46,80),(12231,'0.0',46,81),(12232,'0.0',46,82),(12233,'0.0',46,83),(12234,'0.0',46,84),(12235,'0.0',46,85),(12236,'0.0',46,86),(12237,'0.0',46,87),(12238,'0.0',46,88),(12239,'0.0',46,89),(12240,'0.0',46,90),(12241,'0.0',46,91),(12242,'0.0',46,92),(12243,'0.0',46,93),(12244,'0.0',46,94),(12245,'0.340537114833925',46,95),(12246,'0.0',46,96),(12247,'0.0',46,97),(12248,'0.237928281945581',46,98),(12249,'0.0',46,99),(12250,'0.0',46,100),(12251,'0.0',46,101),(12252,'0.0',46,102),(12253,'0.0',46,103),(12254,'0.0',46,104),(12255,'0.0',46,105),(12256,'0.0',46,106),(12257,'0.0',46,107),(12258,'0.0',46,108),(12259,'0.0',46,109),(12260,'0.0',46,110),(12261,'0.0',46,111),(12262,'0.0',46,112),(12263,'0.0',46,113),(12264,'0.0',46,114),(12265,'0.0',46,115),(12266,'0.0',46,116),(12267,'0.0',46,117),(12268,'0.0',46,118),(12269,'0.0',46,119),(12270,'0.0',46,120),(12271,'0.0',46,121),(12272,'0.0',46,122),(12273,'0.0',46,123),(12274,'0.0',46,124),(12275,'0.0',46,125),(12276,'0.0',46,126),(12277,'0.0',46,127),(12278,'0.0',46,128),(12279,'0.0',46,129),(12280,'0.0',46,130),(12281,'0.0',46,131),(12282,'0.0',46,132),(12283,'0.0',46,133),(12284,'0.0',46,134),(12285,'0.0',46,135),(12286,'0.0',46,136),(12287,'0.0',46,137),(12288,'0.0',46,138),(12289,'0.0',46,139),(12290,'0.0',46,140),(12291,'0.0',46,141),(12292,'0.0',46,142),(12293,'0.0',46,143),(12294,'0.0',46,144),(12295,'0.0',46,145),(12296,'0.197872124799082',46,146),(12297,'0.0',46,147),(12298,'0.0',46,148),(12299,'0.375092963081027',46,149),(12300,'0.375092963081027',46,150),(12301,'0.0',46,151),(12302,'0.0',46,152),(12303,'0.0',46,153),(12304,'0.0',46,154),(12305,'0.0',46,155),(12306,'0.0',46,156),(12307,'0.0',46,157),(12308,'0.0',46,158),(12309,'0.0',46,159),(12310,'0.0',46,160),(12311,'0.0',46,161),(12312,'0.0',46,162),(12313,'0.0',46,163),(12314,'0.0',46,164),(12315,'0.0',46,165),(12316,'0.0',46,166),(12317,'0.316019350320379',46,167),(12318,'0.0',46,168),(12319,'0.0',46,169),(12320,'0.0',46,170),(12321,'0.0',46,171),(12322,'0.0',46,172),(12323,'0.0',46,173),(12324,'0.0',46,174),(12325,'0.0',46,175),(12326,'0.0',46,176),(12327,'0.0',46,177),(12328,'0.0',46,178),(12329,'0.0',46,179),(12330,'0.0',46,180),(12331,'0.0',46,181),(12332,'0.0',46,182),(12333,'0.0',46,183),(12334,'0.0',46,184),(12335,'0.0',46,185),(12336,'0.0',46,186),(12337,'0.0',46,187),(12338,'0.0',46,188),(12339,'0.0',46,189),(12340,'0.316019350320379',46,190),(12341,'0.0',46,191),(12342,'0.0',46,192),(12343,'0.297001894706229',46,193),(12344,'0.0',46,194),(12345,'0.0',46,195),(12346,'0.0',46,196),(12347,'0.0',46,197),(12348,'0.0',46,198),(12349,'0.0',46,199),(12350,'0.0',46,200),(12351,'0.0',46,201),(12352,'0.0',46,202),(12353,'0.0',46,203),(12354,'0.0',46,204),(12355,'0.0',46,205),(12356,'0.0',46,206),(12357,'0.0',46,207),(12358,'0.0',46,208),(12359,'0.0',46,209),(12360,'0.0',46,210),(12361,'0.0',46,211),(12362,'0.209252365533696',46,212),(12363,'0.0',46,213),(12364,'0.0',46,214),(12365,'0.0',46,215),(12366,'0.0',46,216),(12367,'0.0',46,217),(12368,'0.0',46,218),(12369,'0.215568232888086',46,219),(12370,'0.0',46,220),(12371,'0.0',46,221),(12372,'0.0',46,222),(12373,'0.281463502073277',46,223),(12374,'0.0',46,224),(12375,'0.0',46,225),(12376,'0.0',46,226),(12377,'0.0',46,227),(12378,'0.0',46,228),(12379,'0.0',46,229),(12380,'0.0',46,230),(12381,'0.0',46,231),(12382,'0.0',46,232),(12383,'0.0',46,233),(12384,'0.0',46,234),(12385,'0.0',46,235),(12386,'0.0',46,236),(12387,'0.0',46,237),(12388,'0.0',46,238),(12389,'0.0',46,239),(12390,'0.0',46,240),(12391,'0.0',46,241),(12392,'0.0',46,242),(12393,'0.0',46,243),(12394,'0.0',46,244),(12395,'0.0',46,245),(12396,'0.0',46,246),(12397,'0.0',46,247),(12398,'0.0',46,248),(12399,'0.0',46,249),(12400,'0.0',46,250),(12401,'0.0',46,251),(12402,'0.0',46,252),(12403,'0.0',46,253),(12404,'0.222389889312628',46,254),(12405,'0.0',46,255),(12406,'0.0',46,256),(12407,'0.0',46,257),(12408,'0.0',46,258),(12409,'0.0',46,259),(12410,'0.0',46,260),(12411,'0.0',46,261),(12412,'0.0',46,262),(12413,'0.0',46,263),(12414,'0.0',46,264),(12415,'0.0',46,265),(12416,'0.0',46,266),(12417,'0.0',46,267),(12418,'0.0',46,268),(12419,'0.0',46,269),(12420,'0.0',46,270),(12421,'0.0',47,1),(12422,'0.0',47,2),(12423,'0.0',47,3),(12424,'0.0',47,4),(12425,'0.0',47,5),(12426,'0.0',47,6),(12427,'0.332031609935015',47,7),(12428,'0.0',47,8),(12429,'0.0',47,9),(12430,'0.0',47,10),(12431,'0.0',47,11),(12432,'0.0',47,12),(12433,'0.0',47,13),(12434,'0.0',47,14),(12435,'0.0',47,15),(12436,'0.0',47,16),(12437,'0.0',47,17),(12438,'0.0',47,18),(12439,'0.0',47,19),(12440,'0.0',47,20),(12441,'0.0',47,21),(12442,'0.0',47,22),(12443,'0.0',47,23),(12444,'0.0',47,24),(12445,'0.0',47,25),(12446,'0.0',47,26),(12447,'0.0',47,27),(12448,'0.332031609935015',47,28),(12449,'0.0',47,29),(12450,'0.0',47,30),(12451,'0.0',47,31),(12452,'0.274433463080563',47,32),(12453,'0.0',47,33),(12454,'0.0',47,34),(12455,'0.3657243659559',47,35),(12456,'0.0',47,36),(12457,'0.0',47,37),(12458,'0.0',47,38),(12459,'0.0',47,39),(12460,'0.0',47,40),(12461,'0.0',47,41),(12462,'0.0',47,42),(12463,'0.0',47,43),(12464,'0.0',47,44),(12465,'0.0',47,45),(12466,'0.0',47,46),(12467,'0.0',47,47),(12468,'0.0',47,48),(12469,'0.0',47,49),(12470,'0.0',47,50),(12471,'0.0',47,51),(12472,'0.0',47,52),(12473,'0.0',47,53),(12474,'0.0',47,54),(12475,'0.0',47,55),(12476,'0.0',47,56),(12477,'0.0',47,57),(12478,'0.0',47,58),(12479,'0.0',47,59),(12480,'0.0',47,60),(12481,'0.0',47,61),(12482,'0.0',47,62),(12483,'0.0',47,63),(12484,'0.0',47,64),(12485,'0.0',47,65),(12486,'0.0',47,66),(12487,'0.0',47,67),(12488,'0.0',47,68),(12489,'0.3657243659559',47,69),(12490,'0.0',47,70),(12491,'0.0',47,71),(12492,'0.0',47,72),(12493,'0.0',47,73),(12494,'0.0',47,74),(12495,'0.0',47,75),(12496,'0.0',47,76),(12497,'0.0',47,77),(12498,'0.0',47,78),(12499,'0.0',47,79),(12500,'0.0',47,80),(12501,'0.261624071737109',47,81),(12502,'0.0',47,82),(12503,'0.0',47,83),(12504,'0.0',47,84),(12505,'0.274433463080563',47,85),(12506,'0.0',47,86),(12507,'0.0',47,87),(12508,'0.0',47,88),(12509,'0.0',47,89),(12510,'0.0',47,90),(12511,'0.0',47,91),(12512,'0.0',47,92),(12513,'0.0',47,93),(12514,'0.0',47,94),(12515,'0.0',47,95),(12516,'0.0',47,96),(12517,'0.0',47,97),(12518,'0.0',47,98),(12519,'0.0',47,99),(12520,'0.0',47,100),(12521,'0.0',47,101),(12522,'0.0',47,102),(12523,'0.0',47,103),(12524,'0.0',47,104),(12525,'0.0',47,105),(12526,'0.0',47,106),(12527,'0.0',47,107),(12528,'0.0',47,108),(12529,'0.0',47,109),(12530,'0.0',47,110),(12531,'0.0',47,111),(12532,'0.0',47,112),(12533,'0.0',47,113),(12534,'0.0',47,114),(12535,'0.0',47,115),(12536,'0.289583757415552',47,116),(12537,'0.0',47,117),(12538,'0.0',47,118),(12539,'0.0',47,119),(12540,'0.0',47,120),(12541,'0.0',47,121),(12542,'0.0',47,122),(12543,'0.0',47,123),(12544,'0.0',47,124),(12545,'0.0',47,125),(12546,'0.0',47,126),(12547,'0.0',47,127),(12548,'0.0',47,128),(12549,'0.0',47,129),(12550,'0.0',47,130),(12551,'0.0',47,131),(12552,'0.0',47,132),(12553,'0.0',47,133),(12554,'0.0',47,134),(12555,'0.0',47,135),(12556,'0.0',47,136),(12557,'0.0',47,137),(12558,'0.0',47,138),(12559,'0.0',47,139),(12560,'0.0',47,140),(12561,'0.0',47,141),(12562,'0.0',47,142),(12563,'0.0',47,143),(12564,'0.0',47,144),(12565,'0.0',47,145),(12566,'0.0',47,146),(12567,'0.0',47,147),(12568,'0.0',47,148),(12569,'0.0',47,149),(12570,'0.0',47,150),(12571,'0.0',47,151),(12572,'0.0',47,152),(12573,'0.0',47,153),(12574,'0.0',47,154),(12575,'0.0',47,155),(12576,'0.0',47,156),(12577,'0.3657243659559',47,157),(12578,'0.0',47,158),(12579,'0.0',47,159),(12580,'0.0',47,160),(12581,'0.0',47,161),(12582,'0.0',47,162),(12583,'0.0',47,163),(12584,'0.0',47,164),(12585,'0.0',47,165),(12586,'0.0',47,166),(12587,'0.0',47,167),(12588,'0.0',47,168),(12589,'0.0',47,169),(12590,'0.0',47,170),(12591,'0.0',47,171),(12592,'0.0',47,172),(12593,'0.0',47,173),(12594,'0.0',47,174),(12595,'0.0',47,175),(12596,'0.0',47,176),(12597,'0.0',47,177),(12598,'0.0',47,178),(12599,'0.0',47,179),(12600,'0.0',47,180),(12601,'0.0',47,181),(12602,'0.0',47,182),(12603,'0.0',47,183),(12604,'0.0',47,184),(12605,'0.0',47,185),(12606,'0.0',47,186),(12607,'0.0',47,187),(12608,'0.0',47,188),(12609,'0.0',47,189),(12610,'0.0',47,190),(12611,'0.0',47,191),(12612,'0.274433463080563',47,192),(12613,'0.0',47,193),(12614,'0.0',47,194),(12615,'0.0',47,195),(12616,'0.0',47,196),(12617,'0.0',47,197),(12618,'0.0',47,198),(12619,'0.0',47,199),(12620,'0.0',47,200),(12621,'0.0',47,201),(12622,'0.0',47,202),(12623,'0.0',47,203),(12624,'0.0',47,204),(12625,'0.0',47,205),(12626,'0.0',47,206),(12627,'0.0',47,207),(12628,'0.0',47,208),(12629,'0.0',47,209),(12630,'0.0',47,210),(12631,'0.0',47,211),(12632,'0.0',47,212),(12633,'0.0',47,213),(12634,'0.0',47,214),(12635,'0.0',47,215),(12636,'0.0',47,216),(12637,'0.0',47,217),(12638,'0.0',47,218),(12639,'0.0',47,219),(12640,'0.0',47,220),(12641,'0.0',47,221),(12642,'0.0',47,222),(12643,'0.0',47,223),(12644,'0.0',47,224),(12645,'0.0',47,225),(12646,'0.0',47,226),(12647,'0.0',47,227),(12648,'0.0',47,228),(12649,'0.0',47,229),(12650,'0.0',47,230),(12651,'0.0',47,231),(12652,'0.0',47,232),(12653,'0.0',47,233),(12654,'0.0',47,234),(12655,'0.0',47,235),(12656,'0.0',47,236),(12657,'0.0',47,237),(12658,'0.0',47,238),(12659,'0.0',47,239),(12660,'0.0',47,240),(12661,'0.0',47,241),(12662,'0.0',47,242),(12663,'0.0',47,243),(12664,'0.0',47,244),(12665,'0.0',47,245),(12666,'0.0',47,246),(12667,'0.0',47,247),(12668,'0.0',47,248),(12669,'0.0',47,249),(12670,'0.0',47,250),(12671,'0.0',47,251),(12672,'0.0',47,252),(12673,'0.0',47,253),(12674,'0.0',47,254),(12675,'0.0',47,255),(12676,'0.0',47,256),(12677,'0.0',47,257),(12678,'0.0',47,258),(12679,'0.0',47,259),(12680,'0.0',47,260),(12681,'0.0',47,261),(12682,'0.0',47,262),(12683,'0.0',47,263),(12684,'0.0',47,264),(12685,'0.0',47,265),(12686,'0.0',47,266),(12687,'0.0',47,267),(12688,'0.0',47,268),(12689,'0.0',47,269),(12690,'0.0',47,270),(12691,'0.0',48,1),(12692,'0.0',48,2),(12693,'0.0',48,3),(12694,'0.0',48,4),(12695,'0.0',48,5),(12696,'0.0',48,6),(12697,'0.0',48,7),(12698,'0.0',48,8),(12699,'0.0',48,9),(12700,'0.0',48,10),(12701,'0.0',48,11),(12702,'0.0',48,12),(12703,'0.0',48,13),(12704,'0.0',48,14),(12705,'0.0',48,15),(12706,'0.0',48,16),(12707,'0.0',48,17),(12708,'0.0',48,18),(12709,'0.0',48,19),(12710,'0.0',48,20),(12711,'0.0',48,21),(12712,'0.0',48,22),(12713,'0.0',48,23),(12714,'0.0',48,24),(12715,'0.0',48,25),(12716,'0.0',48,26),(12717,'0.0',48,27),(12718,'0.0',48,28),(12719,'0.0',48,29),(12720,'0.257064492302478',48,30),(12721,'0.0',48,31),(12722,'0.0',48,32),(12723,'0.0',48,33),(12724,'0.0',48,34),(12725,'0.0',48,35),(12726,'0.0',48,36),(12727,'0.0',48,37),(12728,'0.0',48,38),(12729,'0.0',48,39),(12730,'0.0',48,40),(12731,'0.0',48,41),(12732,'0.0',48,42),(12733,'0.0',48,43),(12734,'0.0',48,44),(12735,'0.0',48,45),(12736,'0.0',48,46),(12737,'0.241594830184066',48,47),(12738,'0.0',48,48),(12739,'0.0',48,49),(12740,'0.0',48,50),(12741,'0.305117651887149',48,51),(12742,'0.0',48,52),(12743,'0.0',48,53),(12744,'0.0',48,54),(12745,'0.0',48,55),(12746,'0.0',48,56),(12747,'0.0',48,57),(12748,'0.0',48,58),(12749,'0.0',48,59),(12750,'0.0',48,60),(12751,'0.0',48,61),(12752,'0.0',48,62),(12753,'0.0',48,63),(12754,'0.0',48,64),(12755,'0.0',48,65),(12756,'0.0',48,66),(12757,'0.0',48,67),(12758,'0.0',48,68),(12759,'0.0',48,69),(12760,'0.0',48,70),(12761,'0.0',48,71),(12762,'0.0',48,72),(12763,'0.0',48,73),(12764,'0.0',48,74),(12765,'0.0',48,75),(12766,'0.0',48,76),(12767,'0.0',48,77),(12768,'0.0',48,78),(12769,'0.0',48,79),(12770,'0.0',48,80),(12771,'0.0',48,81),(12772,'0.0',48,82),(12773,'0.0',48,83),(12774,'0.0',48,84),(12775,'0.0',48,85),(12776,'0.0',48,86),(12777,'0.0',48,87),(12778,'0.0',48,88),(12779,'0.0',48,89),(12780,'0.0',48,90),(12781,'0.0',48,91),(12782,'0.0',48,92),(12783,'0.0',48,93),(12784,'0.0',48,94),(12785,'0.0',48,95),(12786,'0.0',48,96),(12787,'0.0',48,97),(12788,'0.0',48,98),(12789,'0.0',48,99),(12790,'0.0',48,100),(12791,'0.0',48,101),(12792,'0.0',48,102),(12793,'0.0',48,103),(12794,'0.0',48,104),(12795,'0.0',48,105),(12796,'0.0',48,106),(12797,'0.0',48,107),(12798,'0.0',48,108),(12799,'0.0',48,109),(12800,'0.0',48,110),(12801,'0.0',48,111),(12802,'0.170215377806703',48,112),(12803,'0.0',48,113),(12804,'0.0',48,114),(12805,'0.0',48,115),(12806,'0.0',48,116),(12807,'0.0',48,117),(12808,'0.305117651887149',48,118),(12809,'0.0',48,119),(12810,'0.0',48,120),(12811,'0.0',48,121),(12812,'0.200845899506074',48,122),(12813,'0.0',48,123),(12814,'0.0',48,124),(12815,'0.305117651887149',48,125),(12816,'0.228955195904276',48,126),(12817,'0.0',48,127),(12818,'0.0',48,128),(12819,'0.0',48,129),(12820,'0.0',48,130),(12821,'0.0',48,131),(12822,'0.0',48,132),(12823,'0.0',48,133),(12824,'0.0',48,134),(12825,'0.0',48,135),(12826,'0.0',48,136),(12827,'0.0',48,137),(12828,'0.0',48,138),(12829,'0.0',48,139),(12830,'0.0',48,140),(12831,'0.0',48,141),(12832,'0.257064492302478',48,142),(12833,'0.0',48,143),(12834,'0.0',48,144),(12835,'0.0',48,145),(12836,'0.0',48,146),(12837,'0.305117651887149',48,147),(12838,'0.0',48,148),(12839,'0.0',48,149),(12840,'0.0',48,150),(12841,'0.0',48,151),(12842,'0.0',48,152),(12843,'0.0',48,153),(12844,'0.0',48,154),(12845,'0.0',48,155),(12846,'0.0',48,156),(12847,'0.0',48,157),(12848,'0.0',48,158),(12849,'0.0',48,159),(12850,'0.0',48,160),(12851,'0.277008355488947',48,161),(12852,'0.0',48,162),(12853,'0.0',48,163),(12854,'0.0',48,164),(12855,'0.0',48,165),(12856,'0.0',48,166),(12857,'0.0',48,167),(12858,'0.0',48,168),(12859,'0.0',48,169),(12860,'0.0',48,170),(12861,'0.0',48,171),(12862,'0.0',48,172),(12863,'0.0',48,173),(12864,'0.0',48,174),(12865,'0.0',48,175),(12866,'0.0',48,176),(12867,'0.0',48,177),(12868,'0.0',48,178),(12869,'0.0',48,179),(12870,'0.0',48,180),(12871,'0.0',48,181),(12872,'0.0',48,182),(12873,'0.0',48,183),(12874,'0.0',48,184),(12875,'0.0',48,185),(12876,'0.0',48,186),(12877,'0.0',48,187),(12878,'0.0',48,188),(12879,'0.305117651887149',48,189),(12880,'0.0',48,190),(12881,'0.0',48,191),(12882,'0.0',48,192),(12883,'0.0',48,193),(12884,'0.0',48,194),(12885,'0.0',48,195),(12886,'0.0',48,196),(12887,'0.0',48,197),(12888,'0.0',48,198),(12889,'0.0',48,199),(12890,'0.0',48,200),(12891,'0.0',48,201),(12892,'0.0',48,202),(12893,'0.0',48,203),(12894,'0.0',48,204),(12895,'0.0',48,205),(12896,'0.0',48,206),(12897,'0.0',48,207),(12898,'0.0',48,208),(12899,'0.0',48,209),(12900,'0.305117651887149',48,210),(12901,'0.0',48,211),(12902,'0.0',48,212),(12903,'0.0',48,213),(12904,'0.0',48,214),(12905,'0.0',48,215),(12906,'0.0',48,216),(12907,'0.0',48,217),(12908,'0.0',48,218),(12909,'0.0',48,219),(12910,'0.0',48,220),(12911,'0.0',48,221),(12912,'0.0',48,222),(12913,'0.228955195904276',48,223),(12914,'0.0',48,224),(12915,'0.0',48,225),(12916,'0.0',48,226),(12917,'0.0',48,227),(12918,'0.0',48,228),(12919,'0.0',48,229),(12920,'0.0',48,230),(12921,'0.0',48,231),(12922,'0.0',48,232),(12923,'0.0',48,233),(12924,'0.0',48,234),(12925,'0.0',48,235),(12926,'0.0',48,236),(12927,'0.0',48,237),(12928,'0.0',48,238),(12929,'0.0',48,239),(12930,'0.0',48,240),(12931,'0.0',48,241),(12932,'0.0',48,242),(12933,'0.0',48,243),(12934,'0.0',48,244),(12935,'0.0',48,245),(12936,'0.0',48,246),(12937,'0.0',48,247),(12938,'0.0',48,248),(12939,'0.0',48,249),(12940,'0.0',48,250),(12941,'0.0',48,251),(12942,'0.0',48,252),(12943,'0.0',48,253),(12944,'0.0',48,254),(12945,'0.0',48,255),(12946,'0.0',48,256),(12947,'0.0',48,257),(12948,'0.0',48,258),(12949,'0.0',48,259),(12950,'0.0',48,260),(12951,'0.0',48,261),(12952,'0.0',48,262),(12953,'0.0',48,263),(12954,'0.0',48,264),(12955,'0.0',48,265),(12956,'0.0',48,266),(12957,'0.0',48,267),(12958,'0.0',48,268),(12959,'0.0',48,269),(12960,'0.0',48,270),(12961,'0.0',49,1),(12962,'0.0',49,2),(12963,'0.0',49,3),(12964,'0.0',49,4),(12965,'0.0',49,5),(12966,'0.0',49,6),(12967,'0.0',49,7),(12968,'0.0',49,8),(12969,'0.0',49,9),(12970,'0.0',49,10),(12971,'0.0',49,11),(12972,'0.0',49,12),(12973,'0.0',49,13),(12974,'0.0',49,14),(12975,'0.0',49,15),(12976,'0.0',49,16),(12977,'0.0',49,17),(12978,'0.0',49,18),(12979,'0.0',49,19),(12980,'0.0',49,20),(12981,'0.0',49,21),(12982,'0.0',49,22),(12983,'0.0',49,23),(12984,'0.0',49,24),(12985,'0.0',49,25),(12986,'0.0',49,26),(12987,'0.0',49,27),(12988,'0.0',49,28),(12989,'0.0',49,29),(12990,'0.0',49,30),(12991,'0.0',49,31),(12992,'0.0',49,32),(12993,'0.0',49,33),(12994,'0.0',49,34),(12995,'0.0',49,35),(12996,'0.0',49,36),(12997,'0.0',49,37),(12998,'0.0',49,38),(12999,'0.0',49,39),(13000,'0.0',49,40),(13001,'0.0',49,41),(13002,'0.0',49,42),(13003,'0.0',49,43),(13004,'0.0',49,44),(13005,'0.0',49,45),(13006,'0.0',49,46),(13007,'0.0',49,47),(13008,'0.0',49,48),(13009,'0.0',49,49),(13010,'0.0',49,50),(13011,'0.0',49,51),(13012,'0.0',49,52),(13013,'0.0',49,53),(13014,'0.0',49,54),(13015,'0.0',49,55),(13016,'0.301148064498504',49,56),(13017,'0.0',49,57),(13018,'0.0',49,58),(13019,'0.0',49,59),(13020,'0.0',49,60),(13021,'0.0',49,61),(13022,'0.0',49,62),(13023,'0.0',49,63),(13024,'0.17498476614072',49,64),(13025,'0.331706926846868',49,65),(13026,'0.0',49,66),(13027,'0.0',49,67),(13028,'0.0',49,68),(13029,'0.0',49,69),(13030,'0.0',49,70),(13031,'0.0',49,71),(13032,'0.0',49,72),(13033,'0.0',49,73),(13034,'0.0',49,74),(13035,'0.0',49,75),(13036,'0.0',49,76),(13037,'0.0',49,77),(13038,'0.0',49,78),(13039,'0.0',49,79),(13040,'0.262648451070565',49,80),(13041,'0.0',49,81),(13042,'0.0',49,82),(13043,'0.0',49,83),(13044,'0.0',49,84),(13045,'0.0',49,85),(13046,'0.0',49,86),(13047,'0.0',49,87),(13048,'0.0',49,88),(13049,'0.0',49,89),(13050,'0.0',49,90),(13051,'0.0',49,91),(13052,'0.0',49,92),(13053,'0.0',49,93),(13054,'0.0',49,94),(13055,'0.0',49,95),(13056,'0.0',49,96),(13057,'0.0',49,97),(13058,'0.0',49,98),(13059,'0.0',49,99),(13060,'0.0',49,100),(13061,'0.0',49,101),(13062,'0.0',49,102),(13063,'0.0',49,103),(13064,'0.0',49,104),(13065,'0.0',49,105),(13066,'0.0',49,106),(13067,'0.331706926846868',49,107),(13068,'0.0',49,108),(13069,'0.0',49,109),(13070,'0.0',49,110),(13071,'0.0',49,111),(13072,'0.0',49,112),(13073,'0.0',49,113),(13074,'0.0',49,114),(13075,'0.0',49,115),(13076,'0.0',49,116),(13077,'0.0',49,117),(13078,'0.0',49,118),(13079,'0.0',49,119),(13080,'0.0',49,120),(13081,'0.0',49,121),(13082,'0.0',49,122),(13083,'0.0',49,123),(13084,'0.0',49,124),(13085,'0.0',49,125),(13086,'0.0',49,126),(13087,'0.0',49,127),(13088,'0.0',49,128),(13089,'0.0',49,129),(13090,'0.0',49,130),(13091,'0.0',49,131),(13092,'0.0',49,132),(13093,'0.0',49,133),(13094,'0.0',49,134),(13095,'0.0',49,135),(13096,'0.0',49,136),(13097,'0.0',49,137),(13098,'0.279466206611485',49,138),(13099,'0.0',49,139),(13100,'0.0',49,140),(13101,'0.0',49,141),(13102,'0.0',49,142),(13103,'0.0',49,143),(13104,'0.0',49,144),(13105,'0.301148064498504',49,145),(13106,'0.0',49,146),(13107,'0.0',49,147),(13108,'0.0',49,148),(13109,'0.0',49,149),(13110,'0.0',49,150),(13111,'0.0',49,151),(13112,'0.218348481914758',49,152),(13113,'0.0',49,153),(13114,'0.0',49,154),(13115,'0.0',49,155),(13116,'0.0',49,156),(13117,'0.0',49,157),(13118,'0.0',49,158),(13119,'0.0',49,159),(13120,'0.279466206611485',49,160),(13121,'0.0',49,161),(13122,'0.0',49,162),(13123,'0.0',49,163),(13124,'0.0',49,164),(13125,'0.0',49,165),(13126,'0.0',49,166),(13127,'0.0',49,167),(13128,'0.0',49,168),(13129,'0.0',49,169),(13130,'0.0',49,170),(13131,'0.0',49,171),(13132,'0.0',49,172),(13133,'0.0',49,173),(13134,'0.0',49,174),(13135,'0.0',49,175),(13136,'0.0',49,176),(13137,'0.0',49,177),(13138,'0.0',49,178),(13139,'0.0',49,179),(13140,'0.0',49,180),(13141,'0.0',49,181),(13142,'0.0',49,182),(13143,'0.0',49,183),(13144,'0.0',49,184),(13145,'0.0',49,185),(13146,'0.0',49,186),(13147,'0.0',49,187),(13148,'0.0',49,188),(13149,'0.0',49,189),(13150,'0.0',49,190),(13151,'0.0',49,191),(13152,'0.0',49,192),(13153,'0.0',49,193),(13154,'0.0',49,194),(13155,'0.0',49,195),(13156,'0.0',49,196),(13157,'0.0',49,197),(13158,'0.0',49,198),(13159,'0.0',49,199),(13160,'0.0',49,200),(13161,'0.0',49,201),(13162,'0.0',49,202),(13163,'0.0',49,203),(13164,'0.0',49,204),(13165,'0.0',49,205),(13166,'0.0',49,206),(13167,'0.0',49,207),(13168,'0.0',49,208),(13169,'0.0',49,209),(13170,'0.0',49,210),(13171,'0.0',49,211),(13172,'0.0',49,212),(13173,'0.0',49,213),(13174,'0.0',49,214),(13175,'0.331706926846868',49,215),(13176,'0.0',49,216),(13177,'0.0',49,217),(13178,'0.0',49,218),(13179,'0.190634011018944',49,219),(13180,'0.0',49,220),(13181,'0.0',49,221),(13182,'0.0',49,222),(13183,'0.0',49,223),(13184,'0.0',49,224),(13185,'0.0',49,225),(13186,'0.0',49,226),(13187,'0.0',49,227),(13188,'0.0',49,228),(13189,'0.0',49,229),(13190,'0.0',49,230),(13191,'0.0',49,231),(13192,'0.0',49,232),(13193,'0.0',49,233),(13194,'0.0',49,234),(13195,'0.0',49,235),(13196,'0.0',49,236),(13197,'0.0',49,237),(13198,'0.0',49,238),(13199,'0.0',49,239),(13200,'0.0',49,240),(13201,'0.0',49,241),(13202,'0.0',49,242),(13203,'0.331706926846868',49,243),(13204,'0.0',49,244),(13205,'0.0',49,245),(13206,'0.0',49,246),(13207,'0.0',49,247),(13208,'0.0',49,248),(13209,'0.0',49,249),(13210,'0.0',49,250),(13211,'0.0',49,251),(13212,'0.196666624027739',49,252),(13213,'0.0',49,253),(13214,'0.0',49,254),(13215,'0.0',49,255),(13216,'0.0',49,256),(13217,'0.0',49,257),(13218,'0.0',49,258),(13219,'0.0',49,259),(13220,'0.0',49,260),(13221,'0.0',49,261),(13222,'0.0',49,262),(13223,'0.0',49,263),(13224,'0.0',49,264),(13225,'0.0',49,265),(13226,'0.0',49,266),(13227,'0.0',49,267),(13228,'0.0',49,268),(13229,'0.0',49,269),(13230,'0.0',49,270),(13231,'0.0',50,1),(13232,'0.0',50,2),(13233,'0.0',50,3),(13234,'0.0',50,4),(13235,'0.0',50,5),(13236,'0.0',50,6),(13237,'0.0',50,7),(13238,'0.0',50,8),(13239,'0.0',50,9),(13240,'0.0',50,10),(13241,'0.0',50,11),(13242,'0.0',50,12),(13243,'0.0',50,13),(13244,'0.0',50,14),(13245,'0.0',50,15),(13246,'0.0',50,16),(13247,'0.0',50,17),(13248,'0.0',50,18),(13249,'0.167864709005465',50,19),(13250,'0.0',50,20),(13251,'0.0',50,21),(13252,'0.0',50,22),(13253,'0.0',50,23),(13254,'0.0',50,24),(13255,'0.0',50,25),(13256,'0.0',50,26),(13257,'0.0',50,27),(13258,'0.0',50,28),(13259,'0.0',50,29),(13260,'0.0',50,30),(13261,'0.0',50,31),(13262,'0.0',50,32),(13263,'0.0',50,33),(13264,'0.0',50,34),(13265,'0.0',50,35),(13266,'0.0',50,36),(13267,'0.0',50,37),(13268,'0.0',50,38),(13269,'0.311986926612172',50,39),(13270,'0.0',50,40),(13271,'0.0',50,41),(13272,'0.0',50,42),(13273,'0.0',50,43),(13274,'0.0',50,44),(13275,'0.0',50,45),(13276,'0.0',50,46),(13277,'0.0',50,47),(13278,'0.0',50,48),(13279,'0.0',50,49),(13280,'0.0',50,50),(13281,'0.0',50,51),(13282,'0.0',50,52),(13283,'0.0',50,53),(13284,'0.0',50,54),(13285,'0.0',50,55),(13286,'0.0',50,56),(13287,'0.0',50,57),(13288,'0.0',50,58),(13289,'0.0',50,59),(13290,'0.0',50,60),(13291,'0.0',50,61),(13292,'0.0',50,62),(13293,'0.0',50,63),(13294,'0.0',50,64),(13295,'0.0',50,65),(13296,'0.0',50,66),(13297,'0.0',50,67),(13298,'0.0',50,68),(13299,'0.0',50,69),(13300,'0.0',50,70),(13301,'0.0',50,71),(13302,'0.0',50,72),(13303,'0.0',50,73),(13304,'0.343645657544769',50,74),(13305,'0.0',50,75),(13306,'0.0',50,76),(13307,'0.0',50,77),(13308,'0.0',50,78),(13309,'0.0',50,79),(13310,'0.0',50,80),(13311,'0.245829877718566',50,81),(13312,'0.0',50,82),(13313,'0.0',50,83),(13314,'0.0',50,84),(13315,'0.0',50,85),(13316,'0.0',50,86),(13317,'0.0',50,87),(13318,'0.0',50,88),(13319,'0.0',50,89),(13320,'0.0',50,90),(13321,'0.0',50,91),(13322,'0.0',50,92),(13323,'0.0',50,93),(13324,'0.0',50,94),(13325,'0.0',50,95),(13326,'0.0',50,96),(13327,'0.0',50,97),(13328,'0.0',50,98),(13329,'0.0',50,99),(13330,'0.0',50,100),(13331,'0.0',50,101),(13332,'0.0',50,102),(13333,'0.0',50,103),(13334,'0.0',50,104),(13335,'0.0',50,105),(13336,'0.0',50,106),(13337,'0.0',50,107),(13338,'0.0',50,108),(13339,'0.0',50,109),(13340,'0.0',50,110),(13341,'0.0',50,111),(13342,'0.0',50,112),(13343,'0.0',50,113),(13344,'0.0',50,114),(13345,'0.0',50,115),(13346,'0.0',50,116),(13347,'0.0',50,117),(13348,'0.0',50,118),(13349,'0.0',50,119),(13350,'0.0',50,120),(13351,'0.0',50,121),(13352,'0.0',50,122),(13353,'0.0',50,123),(13354,'0.0',50,124),(13355,'0.0',50,125),(13356,'0.0',50,126),(13357,'0.0',50,127),(13358,'0.0',50,128),(13359,'0.0',50,129),(13360,'0.0',50,130),(13361,'0.0',50,131),(13362,'0.0',50,132),(13363,'0.0',50,133),(13364,'0.0',50,134),(13365,'0.0',50,135),(13366,'0.0',50,136),(13367,'0.343645657544769',50,137),(13368,'0.0',50,138),(13369,'0.0',50,139),(13370,'0.343645657544769',50,140),(13371,'0.0',50,141),(13372,'0.0',50,142),(13373,'0.0',50,143),(13374,'0.0',50,144),(13375,'0.0',50,145),(13376,'0.0',50,146),(13377,'0.0',50,147),(13378,'0.0',50,148),(13379,'0.0',50,149),(13380,'0.0',50,150),(13381,'0.0',50,151),(13382,'0.0',50,152),(13383,'0.0',50,153),(13384,'0.0',50,154),(13385,'0.0',50,155),(13386,'0.0',50,156),(13387,'0.0',50,157),(13388,'0.0',50,158),(13389,'0.0',50,159),(13390,'0.0',50,160),(13391,'0.0',50,161),(13392,'0.0',50,162),(13393,'0.0',50,163),(13394,'0.0',50,164),(13395,'0.0',50,165),(13396,'0.0',50,166),(13397,'0.0',50,167),(13398,'0.0',50,168),(13399,'0.0',50,169),(13400,'0.0',50,170),(13401,'0.0',50,171),(13402,'0.0',50,172),(13403,'0.0',50,173),(13404,'0.0',50,174),(13405,'0.0',50,175),(13406,'0.0',50,176),(13407,'0.0',50,177),(13408,'0.0',50,178),(13409,'0.0',50,179),(13410,'0.0',50,180),(13411,'0.0',50,181),(13412,'0.257865968613041',50,182),(13413,'0.0',50,183),(13414,'0.0',50,184),(13415,'0.0',50,185),(13416,'0.0',50,186),(13417,'0.0',50,187),(13418,'0.0',50,188),(13419,'0.0',50,189),(13420,'0.0',50,190),(13421,'0.0',50,191),(13422,'0.0',50,192),(13423,'0.0',50,193),(13424,'0.0',50,194),(13425,'0.0',50,195),(13426,'0.0',50,196),(13427,'0.0',50,197),(13428,'0.0',50,198),(13429,'0.0',50,199),(13430,'0.0',50,200),(13431,'0.0',50,201),(13432,'0.0',50,202),(13433,'0.0',50,203),(13434,'0.0',50,204),(13435,'0.0',50,205),(13436,'0.0',50,206),(13437,'0.0',50,207),(13438,'0.343645657544769',50,208),(13439,'0.0',50,209),(13440,'0.0',50,210),(13441,'0.0',50,211),(13442,'0.0',50,212),(13443,'0.0',50,213),(13444,'0.0',50,214),(13445,'0.0',50,215),(13446,'0.0',50,216),(13447,'0.0',50,217),(13448,'0.0',50,218),(13449,'0.197495272980068',50,219),(13450,'0.0',50,220),(13451,'0.0',50,221),(13452,'0.0',50,222),(13453,'0.0',50,223),(13454,'0.0',50,224),(13455,'0.0',50,225),(13456,'0.0',50,226),(13457,'0.0',50,227),(13458,'0.0',50,228),(13459,'0.0',50,229),(13460,'0.0',50,230),(13461,'0.0',50,231),(13462,'0.0',50,232),(13463,'0.0',50,233),(13464,'0.0',50,234),(13465,'0.0',50,235),(13466,'0.343645657544769',50,236),(13467,'0.0',50,237),(13468,'0.0',50,238),(13469,'0.0',50,239),(13470,'0.0',50,240),(13471,'0.0',50,241),(13472,'0.0',50,242),(13473,'0.0',50,243),(13474,'0.0',50,244),(13475,'0.0',50,245),(13476,'0.0',50,246),(13477,'0.0',50,247),(13478,'0.0',50,248),(13479,'0.0',50,249),(13480,'0.0',50,250),(13481,'0.0',50,251),(13482,'0.0',50,252),(13483,'0.0',50,253),(13484,'0.0',50,254),(13485,'0.343645657544769',50,255),(13486,'0.0',50,256),(13487,'0.0',50,257),(13488,'0.0',50,258),(13489,'0.0',50,259),(13490,'0.0',50,260),(13491,'0.0',50,261),(13492,'0.0',50,262),(13493,'0.0',50,263),(13494,'0.0',50,264),(13495,'0.0',50,265),(13496,'0.0',50,266),(13497,'0.0',50,267),(13498,'0.0',50,268),(13499,'0.0',50,269),(13500,'0.0',50,270),(13501,'0.0',51,1),(13502,'0.0',51,2),(13503,'0.0',51,3),(13504,'0.0',51,4),(13505,'0.0',51,5),(13506,'0.0',51,6),(13507,'0.0',51,7),(13508,'0.0',51,8),(13509,'0.0',51,9),(13510,'0.0',51,10),(13511,'0.0',51,11),(13512,'0.0',51,12),(13513,'0.0',51,13),(13514,'0.0',51,14),(13515,'0.0',51,15),(13516,'0.0',51,16),(13517,'0.0',51,17),(13518,'0.0',51,18),(13519,'0.0',51,19),(13520,'0.0',51,20),(13521,'0.0',51,21),(13522,'0.0',51,22),(13523,'0.0',51,23),(13524,'0.0',51,24),(13525,'0.0',51,25),(13526,'0.0',51,26),(13527,'0.0',51,27),(13528,'0.0',51,28),(13529,'0.0',51,29),(13530,'0.0',51,30),(13531,'0.0',51,31),(13532,'0.0',51,32),(13533,'0.0',51,33),(13534,'0.0',51,34),(13535,'0.0',51,35),(13536,'0.0',51,36),(13537,'0.0',51,37),(13538,'0.0',51,38),(13539,'0.0',51,39),(13540,'0.0',51,40),(13541,'0.0',51,41),(13542,'0.0',51,42),(13543,'0.0',51,43),(13544,'0.0',51,44),(13545,'0.0',51,45),(13546,'0.0',51,46),(13547,'0.0',51,47),(13548,'0.0',51,48),(13549,'0.0',51,49),(13550,'0.0',51,50),(13551,'0.0',51,51),(13552,'0.0',51,52),(13553,'0.0',51,53),(13554,'0.0',51,54),(13555,'0.0',51,55),(13556,'0.0',51,56),(13557,'0.0',51,57),(13558,'0.0',51,58),(13559,'0.0',51,59),(13560,'0.0',51,60),(13561,'0.0',51,61),(13562,'0.0',51,62),(13563,'0.0',51,63),(13564,'0.0',51,64),(13565,'0.0',51,65),(13566,'0.0',51,66),(13567,'0.0',51,67),(13568,'0.0',51,68),(13569,'0.0',51,69),(13570,'0.0',51,70),(13571,'0.0',51,71),(13572,'0.0',51,72),(13573,'0.0',51,73),(13574,'0.0',51,74),(13575,'0.0',51,75),(13576,'0.0',51,76),(13577,'0.0',51,77),(13578,'0.0',51,78),(13579,'0.0',51,79),(13580,'0.0',51,80),(13581,'0.0',51,81),(13582,'0.0',51,82),(13583,'0.0',51,83),(13584,'0.438463309232105',51,84),(13585,'0.0',51,85),(13586,'0.0',51,86),(13587,'0.0',51,87),(13588,'0.0',51,88),(13589,'0.0',51,89),(13590,'0.0',51,90),(13591,'0.0',51,91),(13592,'0.0',51,92),(13593,'0.0',51,93),(13594,'0.0',51,94),(13595,'0.0',51,95),(13596,'0.0',51,96),(13597,'0.0',51,97),(13598,'0.0',51,98),(13599,'0.0',51,99),(13600,'0.0',51,100),(13601,'0.0',51,101),(13602,'0.0',51,102),(13603,'0.0',51,103),(13604,'0.0',51,104),(13605,'0.0',51,105),(13606,'0.0',51,106),(13607,'0.0',51,107),(13608,'0.0',51,108),(13609,'0.0',51,109),(13610,'0.0',51,110),(13611,'0.0',51,111),(13612,'0.0',51,112),(13613,'0.0',51,113),(13614,'0.0',51,114),(13615,'0.0',51,115),(13616,'0.462668987779438',51,116),(13617,'0.0',51,117),(13618,'0.0',51,118),(13619,'0.0',51,119),(13620,'0.0',51,120),(13621,'0.0',51,121),(13622,'0.0',51,122),(13623,'0.0',51,123),(13624,'0.0',51,124),(13625,'0.0',51,125),(13626,'0.0',51,126),(13627,'0.0',51,127),(13628,'0.0',51,128),(13629,'0.0',51,129),(13630,'0.0',51,130),(13631,'0.0',51,131),(13632,'0.0',51,132),(13633,'0.0',51,133),(13634,'0.0',51,134),(13635,'0.0',51,135),(13636,'0.0',51,136),(13637,'0.0',51,137),(13638,'0.0',51,138),(13639,'0.0',51,139),(13640,'0.0',51,140),(13641,'0.0',51,141),(13642,'0.0',51,142),(13643,'0.0',51,143),(13644,'0.0',51,144),(13645,'0.0',51,145),(13646,'0.0',51,146),(13647,'0.0',51,147),(13648,'0.0',51,148),(13649,'0.0',51,149),(13650,'0.0',51,150),(13651,'0.0',51,151),(13652,'0.0',51,152),(13653,'0.0',51,153),(13654,'0.0',51,154),(13655,'0.0',51,155),(13656,'0.0',51,156),(13657,'0.0',51,157),(13658,'0.0',51,158),(13659,'0.0',51,159),(13660,'0.0',51,160),(13661,'0.0',51,161),(13662,'0.0',51,162),(13663,'0.0',51,163),(13664,'0.0',51,164),(13665,'0.0',51,165),(13666,'0.0',51,166),(13667,'0.0',51,167),(13668,'0.0',51,168),(13669,'0.0',51,169),(13670,'0.0',51,170),(13671,'0.0',51,171),(13672,'0.0',51,172),(13673,'0.0',51,173),(13674,'0.0',51,174),(13675,'0.0',51,175),(13676,'0.0',51,176),(13677,'0.0',51,177),(13678,'0.0',51,178),(13679,'0.0',51,179),(13680,'0.0',51,180),(13681,'0.438463309232105',51,181),(13682,'0.0',51,182),(13683,'0.0',51,183),(13684,'0.0',51,184),(13685,'0.0',51,185),(13686,'0.0',51,186),(13687,'0.0',51,187),(13688,'0.0',51,188),(13689,'0.0',51,189),(13690,'0.0',51,190),(13691,'0.0',51,191),(13692,'0.0',51,192),(13693,'0.0',51,193),(13694,'0.0',51,194),(13695,'0.0',51,195),(13696,'0.0',51,196),(13697,'0.0',51,197),(13698,'0.0',51,198),(13699,'0.0',51,199),(13700,'0.0',51,200),(13701,'0.0',51,201),(13702,'0.0',51,202),(13703,'0.0',51,203),(13704,'0.0',51,204),(13705,'0.0',51,205),(13706,'0.0',51,206),(13707,'0.0',51,207),(13708,'0.0',51,208),(13709,'0.0',51,209),(13710,'0.0',51,210),(13711,'0.0',51,211),(13712,'0.0',51,212),(13713,'0.0',51,213),(13714,'0.0',51,214),(13715,'0.0',51,215),(13716,'0.0',51,216),(13717,'0.0',51,217),(13718,'0.0',51,218),(13719,'0.0',51,219),(13720,'0.0',51,220),(13721,'0.0',51,221),(13722,'0.0',51,222),(13723,'0.0',51,223),(13724,'0.0',51,224),(13725,'0.0',51,225),(13726,'0.0',51,226),(13727,'0.0',51,227),(13728,'0.0',51,228),(13729,'0.0',51,229),(13730,'0.0',51,230),(13731,'0.0',51,231),(13732,'0.0',51,232),(13733,'0.0',51,233),(13734,'0.0',51,234),(13735,'0.0',51,235),(13736,'0.0',51,236),(13737,'0.0',51,237),(13738,'0.0',51,238),(13739,'0.0',51,239),(13740,'0.0',51,240),(13741,'0.0',51,241),(13742,'0.0',51,242),(13743,'0.0',51,243),(13744,'0.0',51,244),(13745,'0.0',51,245),(13746,'0.0',51,246),(13747,'0.0',51,247),(13748,'0.0',51,248),(13749,'0.0',51,249),(13750,'0.0',51,250),(13751,'0.530488071052153',51,251),(13752,'0.346438547412057',51,252),(13753,'0.0',51,253),(13754,'0.0',51,254),(13755,'0.0',51,255),(13756,'0.0',51,256),(13757,'0.0',51,257),(13758,'0.0',51,258),(13759,'0.0',51,259),(13760,'0.0',51,260),(13761,'0.0',51,261),(13762,'0.0',51,262),(13763,'0.0',51,263),(13764,'0.0',51,264),(13765,'0.0',51,265),(13766,'0.0',51,266),(13767,'0.0',51,267),(13768,'0.0',51,268),(13769,'0.0',51,269),(13770,'0.0',51,270),(13771,'0.274766629519391',52,1),(13772,'0.0',52,2),(13773,'0.0',52,3),(13774,'0.0',52,4),(13775,'0.0',52,5),(13776,'0.0',52,6),(13777,'0.0',52,7),(13778,'0.0',52,8),(13779,'0.274766629519391',52,9),(13780,'0.0',52,10),(13781,'0.0',52,11),(13782,'0.0',52,12),(13783,'0.0',52,13),(13784,'0.0',52,14),(13785,'0.0',52,15),(13786,'0.0',52,16),(13787,'0.0',52,17),(13788,'0.231493470411176',52,18),(13789,'0.134218545458198',52,19),(13790,'0.0',52,20),(13791,'0.0',52,21),(13792,'0.0',52,22),(13793,'0.0',52,23),(13794,'0.0',52,24),(13795,'0.0',52,25),(13796,'0.0',52,26),(13797,'0.0',52,27),(13798,'0.0',52,28),(13799,'0.0',52,29),(13800,'0.0',52,30),(13801,'0.0',52,31),(13802,'0.0',52,32),(13803,'0.0',52,33),(13804,'0.0',52,34),(13805,'0.0',52,35),(13806,'0.0',52,36),(13807,'0.0',52,37),(13808,'0.274766629519391',52,38),(13809,'0.0',52,39),(13810,'0.0',52,40),(13811,'0.217562624739711',52,41),(13812,'0.0',52,42),(13813,'0.0',52,43),(13814,'0.274766629519391',52,44),(13815,'0.0',52,45),(13816,'0.0',52,46),(13817,'0.0',52,47),(13818,'0.0',52,48),(13819,'0.0',52,49),(13820,'0.0',52,50),(13821,'0.0',52,51),(13822,'0.0',52,52),(13823,'0.0',52,53),(13824,'0.0',52,54),(13825,'0.0',52,55),(13826,'0.0',52,56),(13827,'0.0',52,57),(13828,'0.0',52,58),(13829,'0.0',52,59),(13830,'0.0',52,60),(13831,'0.0',52,61),(13832,'0.0',52,62),(13833,'0.0',52,63),(13834,'0.0',52,64),(13835,'0.0',52,65),(13836,'0.0',52,66),(13837,'0.0',52,67),(13838,'0.0',52,68),(13839,'0.0',52,69),(13840,'0.0',52,70),(13841,'0.0',52,71),(13842,'0.0',52,72),(13843,'0.0',52,73),(13844,'0.0',52,74),(13845,'0.0',52,75),(13846,'0.0',52,76),(13847,'0.0',52,77),(13848,'0.0',52,78),(13849,'0.0',52,79),(13850,'0.0',52,80),(13851,'0.0',52,81),(13852,'0.0',52,82),(13853,'0.0',52,83),(13854,'0.0',52,84),(13855,'0.20618029504513',52,85),(13856,'0.0',52,86),(13857,'0.0',52,87),(13858,'0.0',52,88),(13859,'0.0',52,89),(13860,'0.0',52,90),(13861,'0.0',52,91),(13862,'0.0',52,92),(13863,'0.0',52,93),(13864,'0.231493470411176',52,94),(13865,'0.0',52,95),(13866,'0.0',52,96),(13867,'0.0',52,97),(13868,'0.0',52,98),(13869,'0.0',52,99),(13870,'0.0',52,100),(13871,'0.0',52,101),(13872,'0.0',52,102),(13873,'0.0',52,103),(13874,'0.0',52,104),(13875,'0.0',52,105),(13876,'0.274766629519391',52,106),(13877,'0.0',52,107),(13878,'0.0',52,108),(13879,'0.0',52,109),(13880,'0.0',52,110),(13881,'0.0',52,111),(13882,'0.0',52,112),(13883,'0.249453454153345',52,113),(13884,'0.0',52,114),(13885,'0.0',52,115),(13886,'0.0',52,116),(13887,'0.196556672412177',52,117),(13888,'0.0',52,118),(13889,'0.0',52,119),(13890,'0.0',52,120),(13891,'0.0',52,121),(13892,'0.0',52,122),(13893,'0.0',52,123),(13894,'0.0',52,124),(13895,'0.0',52,125),(13896,'0.0',52,126),(13897,'0.0',52,127),(13898,'0.0',52,128),(13899,'0.0',52,129),(13900,'0.0',52,130),(13901,'0.0',52,131),(13902,'0.0',52,132),(13903,'0.0',52,133),(13904,'0.0',52,134),(13905,'0.0',52,135),(13906,'0.0',52,136),(13907,'0.0',52,137),(13908,'0.0',52,138),(13909,'0.0',52,139),(13910,'0.0',52,140),(13911,'0.0',52,141),(13912,'0.0',52,142),(13913,'0.231493470411176',52,143),(13914,'0.0',52,144),(13915,'0.0',52,145),(13916,'0.0',52,146),(13917,'0.0',52,147),(13918,'0.0',52,148),(13919,'0.0',52,149),(13920,'0.0',52,150),(13921,'0.0',52,151),(13922,'0.0',52,152),(13923,'0.0',52,153),(13924,'0.0',52,154),(13925,'0.0',52,155),(13926,'0.0',52,156),(13927,'0.0',52,157),(13928,'0.0',52,158),(13929,'0.0',52,159),(13930,'0.0',52,160),(13931,'0.0',52,161),(13932,'0.0',52,162),(13933,'0.0',52,163),(13934,'0.0',52,164),(13935,'0.0',52,165),(13936,'0.0',52,166),(13937,'0.0',52,167),(13938,'0.0',52,168),(13939,'0.0',52,169),(13940,'0.0',52,170),(13941,'0.0',52,171),(13942,'0.0',52,172),(13943,'0.0',52,173),(13944,'0.0',52,174),(13945,'0.0',52,175),(13946,'0.0',52,176),(13947,'0.0',52,177),(13948,'0.0',52,178),(13949,'0.0',52,179),(13950,'0.274766629519391',52,180),(13951,'0.0',52,181),(13952,'0.0',52,182),(13953,'0.0',52,183),(13954,'0.0',52,184),(13955,'0.0',52,185),(13956,'0.0',52,186),(13957,'0.274766629519391',52,187),(13958,'0.0',52,188),(13959,'0.0',52,189),(13960,'0.0',52,190),(13961,'0.0',52,191),(13962,'0.0',52,192),(13963,'0.0',52,193),(13964,'0.0',52,194),(13965,'0.0',52,195),(13966,'0.0',52,196),(13967,'0.0',52,197),(13968,'0.0',52,198),(13969,'0.0',52,199),(13970,'0.0',52,200),(13971,'0.0',52,201),(13972,'0.0',52,202),(13973,'0.0',52,203),(13974,'0.0',52,204),(13975,'0.0',52,205),(13976,'0.0',52,206),(13977,'0.0',52,207),(13978,'0.0',52,208),(13979,'0.0',52,209),(13980,'0.0',52,210),(13981,'0.0',52,211),(13982,'0.0',52,212),(13983,'0.0',52,213),(13984,'0.0',52,214),(13985,'0.0',52,215),(13986,'0.0',52,216),(13987,'0.0',52,217),(13988,'0.0',52,218),(13989,'0.0',52,219),(13990,'0.0',52,220),(13991,'0.0',52,221),(13992,'0.0',52,222),(13993,'0.0',52,223),(13994,'0.0',52,224),(13995,'0.0',52,225),(13996,'0.0',52,226),(13997,'0.0',52,227),(13998,'0.0',52,228),(13999,'0.0',52,229),(14000,'0.0',52,230),(14001,'0.0',52,231),(14002,'0.0',52,232),(14003,'0.0',52,233),(14004,'0.0',52,234),(14005,'0.0',52,235),(14006,'0.0',52,236),(14007,'0.0',52,237),(14008,'0.0',52,238),(14009,'0.0',52,239),(14010,'0.0',52,240),(14011,'0.0',52,241),(14012,'0.0',52,242),(14013,'0.0',52,243),(14014,'0.0',52,244),(14015,'0.0',52,245),(14016,'0.0',52,246),(14017,'0.0',52,247),(14018,'0.0',52,248),(14019,'0.0',52,249),(14020,'0.0',52,250),(14021,'0.0',52,251),(14022,'0.0',52,252),(14023,'0.0',52,253),(14024,'0.162907135936915',52,254),(14025,'0.0',52,255),(14026,'0.0',52,256),(14027,'0.0',52,257),(14028,'0.0',52,258),(14029,'0.0',52,259),(14030,'0.0',52,260),(14031,'0.0',52,261),(14032,'0.0',52,262),(14033,'0.274766629519391',52,263),(14034,'0.0',52,264),(14035,'0.0',52,265),(14036,'0.0',52,266),(14037,'0.0',52,267),(14038,'0.0',52,268),(14039,'0.0',52,269),(14040,'0.0',52,270),(14041,'0.0',53,1),(14042,'0.0',53,2),(14043,'0.0',53,3),(14044,'0.0',53,4),(14045,'0.0',53,5),(14046,'0.0',53,6),(14047,'0.0',53,7),(14048,'0.0',53,8),(14049,'0.0',53,9),(14050,'0.0',53,10),(14051,'0.0',53,11),(14052,'0.0',53,12),(14053,'0.0',53,13),(14054,'0.0',53,14),(14055,'0.0',53,15),(14056,'0.0',53,16),(14057,'0.0',53,17),(14058,'0.0',53,18),(14059,'0.0',53,19),(14060,'0.0',53,20),(14061,'0.0',53,21),(14062,'0.0',53,22),(14063,'0.0',53,23),(14064,'0.225746013079784',53,24),(14065,'0.0',53,25),(14066,'0.0',53,26),(14067,'0.0',53,27),(14068,'0.0',53,28),(14069,'0.0',53,29),(14070,'0.0',53,30),(14071,'0.0',53,31),(14072,'0.213935549075752',53,32),(14073,'0.0',53,33),(14074,'0.0',53,34),(14075,'0.0',53,35),(14076,'0.0',53,36),(14077,'0.0',53,37),(14078,'0.0',53,38),(14079,'0.0',53,39),(14080,'0.0',53,40),(14081,'0.0',53,41),(14082,'0.0',53,42),(14083,'0.0',53,43),(14084,'0.0',53,44),(14085,'0.0',53,45),(14086,'0.0',53,46),(14087,'0.0',53,47),(14088,'0.0',53,48),(14089,'0.0',53,49),(14090,'0.0',53,50),(14091,'0.0',53,51),(14092,'0.0',53,52),(14093,'0.0',53,53),(14094,'0.240200852797431',53,54),(14095,'0.0',53,55),(14096,'0.0',53,56),(14097,'0.0',53,57),(14098,'0.0',53,58),(14099,'0.285101686080417',53,59),(14100,'0.0',53,60),(14101,'0.0',53,61),(14102,'0.0',53,62),(14103,'0.0',53,63),(14104,'0.0',53,64),(14105,'0.0',53,65),(14106,'0.0',53,66),(14107,'0.0',53,67),(14108,'0.0',53,68),(14109,'0.0',53,69),(14110,'0.0',53,70),(14111,'0.0',53,71),(14112,'0.0',53,72),(14113,'0.0',53,73),(14114,'0.0',53,74),(14115,'0.0',53,75),(14116,'0.0',53,76),(14117,'0.0',53,77),(14118,'0.0',53,78),(14119,'0.0',53,79),(14120,'0.0',53,80),(14121,'0.0',53,81),(14122,'0.0',53,82),(14123,'0.0',53,83),(14124,'0.0',53,84),(14125,'0.0',53,85),(14126,'0.0',53,86),(14127,'0.0',53,87),(14128,'0.0',53,88),(14129,'0.0',53,89),(14130,'0.0',53,90),(14131,'0.0',53,91),(14132,'0.285101686080417',53,92),(14133,'0.285101686080417',53,93),(14134,'0.240200852797431',53,94),(14135,'0.0',53,95),(14136,'0.0',53,96),(14137,'0.0',53,97),(14138,'0.0',53,98),(14139,'0.0',53,99),(14140,'0.0',53,100),(14141,'0.0',53,101),(14142,'0.0',53,102),(14143,'0.187670245354072',53,103),(14144,'0.0',53,104),(14145,'0.0',53,105),(14146,'0.0',53,106),(14147,'0.0',53,107),(14148,'0.0',53,108),(14149,'0.0',53,109),(14150,'0.0',53,110),(14151,'0.0',53,111),(14152,'0.0',53,112),(14153,'0.0',53,113),(14154,'0.0',53,114),(14155,'0.0',53,115),(14156,'0.0',53,116),(14157,'0.203949944041924',53,117),(14158,'0.0',53,118),(14159,'0.0',53,119),(14160,'0.0',53,120),(14161,'0.0',53,121),(14162,'0.0',53,122),(14163,'0.0',53,123),(14164,'0.0',53,124),(14165,'0.0',53,125),(14166,'0.0',53,126),(14167,'0.0',53,127),(14168,'0.0',53,128),(14169,'0.0',53,129),(14170,'0.0',53,130),(14171,'0.0',53,131),(14172,'0.0',53,132),(14173,'0.0',53,133),(14174,'0.0',53,134),(14175,'0.0',53,135),(14176,'0.0',53,136),(14177,'0.0',53,137),(14178,'0.0',53,138),(14179,'0.0',53,139),(14180,'0.0',53,140),(14181,'0.0',53,141),(14182,'0.0',53,142),(14183,'0.240200852797431',53,143),(14184,'0.0',53,144),(14185,'0.0',53,145),(14186,'0.150399186231458',53,146),(14187,'0.0',53,147),(14188,'0.0',53,148),(14189,'0.0',53,149),(14190,'0.0',53,150),(14191,'0.0',53,151),(14192,'0.0',53,152),(14193,'0.0',53,153),(14194,'0.0',53,154),(14195,'0.0',53,155),(14196,'0.0',53,156),(14197,'0.0',53,157),(14198,'0.0',53,158),(14199,'0.0',53,159),(14200,'0.0',53,160),(14201,'0.0',53,161),(14202,'0.0',53,162),(14203,'0.0',53,163),(14204,'0.0',53,164),(14205,'0.0',53,165),(14206,'0.0',53,166),(14207,'0.0',53,167),(14208,'0.0',53,168),(14209,'0.0',53,169),(14210,'0.0',53,170),(14211,'0.0',53,171),(14212,'0.0',53,172),(14213,'0.0',53,173),(14214,'0.0',53,174),(14215,'0.0',53,175),(14216,'0.0',53,176),(14217,'0.0',53,177),(14218,'0.0',53,178),(14219,'0.0',53,179),(14220,'0.0',53,180),(14221,'0.213935549075752',53,181),(14222,'0.0',53,182),(14223,'0.0',53,183),(14224,'0.0',53,184),(14225,'0.0',53,185),(14226,'0.0',53,186),(14227,'0.0',53,187),(14228,'0.0',53,188),(14229,'0.0',53,189),(14230,'0.0',53,190),(14231,'0.0',53,191),(14232,'0.0',53,192),(14233,'0.0',53,193),(14234,'0.0',53,194),(14235,'0.0',53,195),(14236,'0.0',53,196),(14237,'0.0',53,197),(14238,'0.0',53,198),(14239,'0.0',53,199),(14240,'0.0',53,200),(14241,'0.0',53,201),(14242,'0.0',53,202),(14243,'0.0',53,203),(14244,'0.258836382358738',53,204),(14245,'0.0',53,205),(14246,'0.0',53,206),(14247,'0.0',53,207),(14248,'0.0',53,208),(14249,'0.0',53,209),(14250,'0.0',53,210),(14251,'0.0',53,211),(14252,'0.159049110758938',53,212),(14253,'0.0',53,213),(14254,'0.0',53,214),(14255,'0.0',53,215),(14256,'0.0',53,216),(14257,'0.0',53,217),(14258,'0.0',53,218),(14259,'0.0',53,219),(14260,'0.0',53,220),(14261,'0.0',53,221),(14262,'0.0',53,222),(14263,'0.0',53,223),(14264,'0.0',53,224),(14265,'0.285101686080417',53,225),(14266,'0.0',53,226),(14267,'0.0',53,227),(14268,'0.0',53,228),(14269,'0.0',53,229),(14270,'0.0',53,230),(14271,'0.285101686080417',53,231),(14272,'0.0',53,232),(14273,'0.0',53,233),(14274,'0.0',53,234),(14275,'0.0',53,235),(14276,'0.0',53,236),(14277,'0.0',53,237),(14278,'0.0',53,238),(14279,'0.0',53,239),(14280,'0.0',53,240),(14281,'0.0',53,241),(14282,'0.0',53,242),(14283,'0.0',53,243),(14284,'0.0',53,244),(14285,'0.0',53,245),(14286,'0.0',53,246),(14287,'0.0',53,247),(14288,'0.0',53,248),(14289,'0.0',53,249),(14290,'0.0',53,250),(14291,'0.0',53,251),(14292,'0.169034715792765',53,252),(14293,'0.0',53,253),(14294,'0.0',53,254),(14295,'0.0',53,255),(14296,'0.0',53,256),(14297,'0.0',53,257),(14298,'0.0',53,258),(14299,'0.0',53,259),(14300,'0.0',53,260),(14301,'0.0',53,261),(14302,'0.0',53,262),(14303,'0.0',53,263),(14304,'0.0',53,264),(14305,'0.0',53,265),(14306,'0.0',53,266),(14307,'0.240200852797431',53,267),(14308,'0.0',53,268),(14309,'0.0',53,269),(14310,'0.0',53,270),(14311,'0.0',54,1),(14312,'0.0',54,2),(14313,'0.0',54,3),(14314,'0.0',54,4),(14315,'0.0',54,5),(14316,'0.0',54,6),(14317,'0.0',54,7),(14318,'0.0',54,8),(14319,'0.0',54,9),(14320,'0.0',54,10),(14321,'0.0',54,11),(14322,'0.0',54,12),(14323,'0.0',54,13),(14324,'0.0',54,14),(14325,'0.342527989549104',54,15),(14326,'0.0',54,16),(14327,'0.0',54,17),(14328,'0.0',54,18),(14329,'0.0',54,19),(14330,'0.0',54,20),(14331,'0.0',54,21),(14332,'0.0',54,22),(14333,'0.0',54,23),(14334,'0.0',54,24),(14335,'0.0',54,25),(14336,'0.0',54,26),(14337,'0.0',54,27),(14338,'0.0',54,28),(14339,'0.0',54,29),(14340,'0.0',54,30),(14341,'0.0',54,31),(14342,'0.0',54,32),(14343,'0.0',54,33),(14344,'0.0',54,34),(14345,'0.0',54,35),(14346,'0.0',54,36),(14347,'0.0',54,37),(14348,'0.0',54,38),(14349,'0.0',54,39),(14350,'0.0',54,40),(14351,'0.0',54,41),(14352,'0.0',54,42),(14353,'0.0',54,43),(14354,'0.0',54,44),(14355,'0.377285860898946',54,45),(14356,'0.0',54,46),(14357,'0.0',54,47),(14358,'0.0',54,48),(14359,'0.0',54,49),(14360,'0.0',54,50),(14361,'0.0',54,51),(14362,'0.0',54,52),(14363,'0.0',54,53),(14364,'0.0',54,54),(14365,'0.0',54,55),(14366,'0.0',54,56),(14367,'0.0',54,57),(14368,'0.0',54,58),(14369,'0.0',54,59),(14370,'0.0',54,60),(14371,'0.0',54,61),(14372,'0.0',54,62),(14373,'0.0',54,63),(14374,'0.199028940291259',54,64),(14375,'0.0',54,65),(14376,'0.0',54,66),(14377,'0.0',54,67),(14378,'0.0',54,68),(14379,'0.0',54,69),(14380,'0.0',54,70),(14381,'0.0',54,71),(14382,'0.0',54,72),(14383,'0.0',54,73),(14384,'0.0',54,74),(14385,'0.0',54,75),(14386,'0.0',54,76),(14387,'0.0',54,77),(14388,'0.0',54,78),(14389,'0.0',54,79),(14390,'0.0',54,80),(14391,'0.0',54,81),(14392,'0.216828504751439',54,82),(14393,'0.0',54,83),(14394,'0.0',54,84),(14395,'0.0',54,85),(14396,'0.0',54,86),(14397,'0.0',54,87),(14398,'0.0',54,88),(14399,'0.0',54,89),(14400,'0.0',54,90),(14401,'0.0',54,91),(14402,'0.0',54,92),(14403,'0.0',54,93),(14404,'0.0',54,94),(14405,'0.0',54,95),(14406,'0.0',54,96),(14407,'0.0',54,97),(14408,'0.239319276876581',54,98),(14409,'0.0',54,99),(14410,'0.0',54,100),(14411,'0.0',54,101),(14412,'0.0',54,102),(14413,'0.0',54,103),(14414,'0.0',54,104),(14415,'0.0',54,105),(14416,'0.0',54,106),(14417,'0.0',54,107),(14418,'0.0',54,108),(14419,'0.0',54,109),(14420,'0.0',54,110),(14421,'0.0',54,111),(14422,'0.0',54,112),(14423,'0.0',54,113),(14424,'0.0',54,114),(14425,'0.0',54,115),(14426,'0.0',54,116),(14427,'0.0',54,117),(14428,'0.0',54,118),(14429,'0.0',54,119),(14430,'0.0',54,120),(14431,'0.0',54,121),(14432,'0.0',54,122),(14433,'0.0',54,123),(14434,'0.0',54,124),(14435,'0.0',54,125),(14436,'0.0',54,126),(14437,'0.0',54,127),(14438,'0.0',54,128),(14439,'0.0',54,129),(14440,'0.0',54,130),(14441,'0.0',54,131),(14442,'0.0',54,132),(14443,'0.0',54,133),(14444,'0.0',54,134),(14445,'0.0',54,135),(14446,'0.0',54,136),(14447,'0.0',54,137),(14448,'0.0',54,138),(14449,'0.0',54,139),(14450,'0.0',54,140),(14451,'0.0',54,141),(14452,'0.0',54,142),(14453,'0.0',54,143),(14454,'0.0',54,144),(14455,'0.0',54,145),(14456,'0.0',54,146),(14457,'0.0',54,147),(14458,'0.0',54,148),(14459,'0.0',54,149),(14460,'0.0',54,150),(14461,'0.0',54,151),(14462,'0.0',54,152),(14463,'0.0',54,153),(14464,'0.0',54,154),(14465,'0.0',54,155),(14466,'0.0',54,156),(14467,'0.0',54,157),(14468,'0.0',54,158),(14469,'0.0',54,159),(14470,'0.0',54,160),(14471,'0.0',54,161),(14472,'0.0',54,162),(14473,'0.0',54,163),(14474,'0.0',54,164),(14475,'0.0',54,165),(14476,'0.0',54,166),(14477,'0.0',54,167),(14478,'0.0',54,168),(14479,'0.0',54,169),(14480,'0.0',54,170),(14481,'0.0',54,171),(14482,'0.0',54,172),(14483,'0.0',54,173),(14484,'0.0',54,174),(14485,'0.0',54,175),(14486,'0.0',54,176),(14487,'0.0',54,177),(14488,'0.0',54,178),(14489,'0.0',54,179),(14490,'0.0',54,180),(14491,'0.283109016013209',54,181),(14492,'0.0',54,182),(14493,'0.0',54,183),(14494,'0.0',54,184),(14495,'0.0',54,185),(14496,'0.0',54,186),(14497,'0.0',54,187),(14498,'0.0',54,188),(14499,'0.0',54,189),(14500,'0.0',54,190),(14501,'0.0',54,191),(14502,'0.0',54,192),(14503,'0.0',54,193),(14504,'0.0',54,194),(14505,'0.0',54,195),(14506,'0.0',54,196),(14507,'0.0',54,197),(14508,'0.0',54,198),(14509,'0.0',54,199),(14510,'0.0',54,200),(14511,'0.0',54,201),(14512,'0.0',54,202),(14513,'0.0',54,203),(14514,'0.0',54,204),(14515,'0.0',54,205),(14516,'0.0',54,206),(14517,'0.0',54,207),(14518,'0.0',54,208),(14519,'0.0',54,209),(14520,'0.0',54,210),(14521,'0.0',54,211),(14522,'0.0',54,212),(14523,'0.377285860898946',54,213),(14524,'0.298738250412477',54,214),(14525,'0.0',54,215),(14526,'0.0',54,216),(14527,'0.0',54,217),(14528,'0.0',54,218),(14529,'0.0',54,219),(14530,'0.0',54,220),(14531,'0.0',54,221),(14532,'0.0',54,222),(14533,'0.0',54,223),(14534,'0.377285860898946',54,224),(14535,'0.0',54,225),(14536,'0.0',54,226),(14537,'0.0',54,227),(14538,'0.0',54,228),(14539,'0.0',54,229),(14540,'0.0',54,230),(14541,'0.0',54,231),(14542,'0.0',54,232),(14543,'0.0',54,233),(14544,'0.0',54,234),(14545,'0.0',54,235),(14546,'0.0',54,236),(14547,'0.0',54,237),(14548,'0.0',54,238),(14549,'0.0',54,239),(14550,'0.0',54,240),(14551,'0.377285860898946',54,241),(14552,'0.0',54,242),(14553,'0.0',54,243),(14554,'0.0',54,244),(14555,'0.0',54,245),(14556,'0.0',54,246),(14557,'0.0',54,247),(14558,'0.0',54,248),(14559,'0.0',54,249),(14560,'0.0',54,250),(14561,'0.0',54,251),(14562,'0.0',54,252),(14563,'0.0',54,253),(14564,'0.0',54,254),(14565,'0.0',54,255),(14566,'0.0',54,256),(14567,'0.0',54,257),(14568,'0.0',54,258),(14569,'0.0',54,259),(14570,'0.0',54,260),(14571,'0.0',54,261),(14572,'0.0',54,262),(14573,'0.0',54,263),(14574,'0.0',54,264),(14575,'0.0',54,265),(14576,'0.0',54,266),(14577,'0.0',54,267),(14578,'0.0',54,268),(14579,'0.0',54,269),(14580,'0.0',54,270),(14581,'0.0',55,1),(14582,'0.0',55,2),(14583,'0.0',55,3),(14584,'0.0',55,4),(14585,'0.0',55,5),(14586,'0.0',55,6),(14587,'0.0',55,7),(14588,'0.0',55,8),(14589,'0.0',55,9),(14590,'0.0',55,10),(14591,'0.0',55,11),(14592,'0.0',55,12),(14593,'0.421138723754379',55,13),(14594,'0.0',55,14),(14595,'0.0',55,15),(14596,'0.0',55,16),(14597,'0.0',55,17),(14598,'0.0',55,18),(14599,'0.205718674925353',55,19),(14600,'0.0',55,20),(14601,'0.0',55,21),(14602,'0.0',55,22),(14603,'0.0',55,23),(14604,'0.0',55,24),(14605,'0.0',55,25),(14606,'0.0',55,26),(14607,'0.0',55,27),(14608,'0.0',55,28),(14609,'0.0',55,29),(14610,'0.0',55,30),(14611,'0.0',55,31),(14612,'0.0',55,32),(14613,'0.0',55,33),(14614,'0.0',55,34),(14615,'0.0',55,35),(14616,'0.0',55,36),(14617,'0.0',55,37),(14618,'0.0',55,38),(14619,'0.0',55,39),(14620,'0.0',55,40),(14621,'0.0',55,41),(14622,'0.0',55,42),(14623,'0.0',55,43),(14624,'0.0',55,44),(14625,'0.0',55,45),(14626,'0.0',55,46),(14627,'0.0',55,47),(14628,'0.0',55,48),(14629,'0.0',55,49),(14630,'0.0',55,50),(14631,'0.0',55,51),(14632,'0.0',55,52),(14633,'0.0',55,53),(14634,'0.0',55,54),(14635,'0.0',55,55),(14636,'0.0',55,56),(14637,'0.0',55,57),(14638,'0.0',55,58),(14639,'0.0',55,59),(14640,'0.0',55,60),(14641,'0.0',55,61),(14642,'0.0',55,62),(14643,'0.0',55,63),(14644,'0.222162563168244',55,64),(14645,'0.0',55,65),(14646,'0.0',55,66),(14647,'0.0',55,67),(14648,'0.0',55,68),(14649,'0.0',55,69),(14650,'0.0',55,70),(14651,'0.0',55,71),(14652,'0.0',55,72),(14653,'0.0',55,73),(14654,'0.0',55,74),(14655,'0.0',55,75),(14656,'0.0',55,76),(14657,'0.0',55,77),(14658,'0.0',55,78),(14659,'0.0',55,79),(14660,'0.0',55,80),(14661,'0.0',55,81),(14662,'0.0',55,82),(14663,'0.0',55,83),(14664,'0.0',55,84),(14665,'0.0',55,85),(14666,'0.0',55,86),(14667,'0.0',55,87),(14668,'0.0',55,88),(14669,'0.0',55,89),(14670,'0.0',55,90),(14671,'0.0',55,91),(14672,'0.0',55,92),(14673,'0.0',55,93),(14674,'0.0',55,94),(14675,'0.0',55,95),(14676,'0.0',55,96),(14677,'0.0',55,97),(14678,'0.0',55,98),(14679,'0.0',55,99),(14680,'0.0',55,100),(14681,'0.0',55,101),(14682,'0.0',55,102),(14683,'0.0',55,103),(14684,'0.0',55,104),(14685,'0.0',55,105),(14686,'0.0',55,106),(14687,'0.0',55,107),(14688,'0.0',55,108),(14689,'0.0',55,109),(14690,'0.0',55,110),(14691,'0.0',55,111),(14692,'0.0',55,112),(14693,'0.0',55,113),(14694,'0.0',55,114),(14695,'0.0',55,115),(14696,'0.0',55,116),(14697,'0.301265209351887',55,117),(14698,'0.0',55,118),(14699,'0.0',55,119),(14700,'0.0',55,120),(14701,'0.0',55,121),(14702,'0.0',55,122),(14703,'0.0',55,123),(14704,'0.0',55,124),(14705,'0.0',55,125),(14706,'0.0',55,126),(14707,'0.0',55,127),(14708,'0.0',55,128),(14709,'0.0',55,129),(14710,'0.0',55,130),(14711,'0.0',55,131),(14712,'0.0',55,132),(14713,'0.0',55,133),(14714,'0.0',55,134),(14715,'0.0',55,135),(14716,'0.0',55,136),(14717,'0.0',55,137),(14718,'0.354813336892334',55,138),(14719,'0.0',55,139),(14720,'0.0',55,140),(14721,'0.0',55,141),(14722,'0.0',55,142),(14723,'0.0',55,143),(14724,'0.0',55,144),(14725,'0.0',55,145),(14726,'0.0',55,146),(14727,'0.0',55,147),(14728,'0.0',55,148),(14729,'0.0',55,149),(14730,'0.0',55,150),(14731,'0.0',55,151),(14732,'0.0',55,152),(14733,'0.0',55,153),(14734,'0.0',55,154),(14735,'0.0',55,155),(14736,'0.0',55,156),(14737,'0.0',55,157),(14738,'0.0',55,158),(14739,'0.0',55,159),(14740,'0.0',55,160),(14741,'0.0',55,161),(14742,'0.0',55,162),(14743,'0.0',55,163),(14744,'0.0',55,164),(14745,'0.0',55,165),(14746,'0.0',55,166),(14747,'0.0',55,167),(14748,'0.0',55,168),(14749,'0.0',55,169),(14750,'0.0',55,170),(14751,'0.0',55,171),(14752,'0.0',55,172),(14753,'0.0',55,173),(14754,'0.0',55,174),(14755,'0.0',55,175),(14756,'0.0',55,176),(14757,'0.0',55,177),(14758,'0.0',55,178),(14759,'0.0',55,179),(14760,'0.0',55,180),(14761,'0.0',55,181),(14762,'0.316015472732214',55,182),(14763,'0.0',55,183),(14764,'0.0',55,184),(14765,'0.0',55,185),(14766,'0.0',55,186),(14767,'0.0',55,187),(14768,'0.0',55,188),(14769,'0.0',55,189),(14770,'0.0',55,190),(14771,'0.0',55,191),(14772,'0.0',55,192),(14773,'0.0',55,193),(14774,'0.0',55,194),(14775,'0.0',55,195),(14776,'0.0',55,196),(14777,'0.0',55,197),(14778,'0.0',55,198),(14779,'0.0',55,199),(14780,'0.0',55,200),(14781,'0.0',55,201),(14782,'0.0',55,202),(14783,'0.0',55,203),(14784,'0.0',55,204),(14785,'0.0',55,205),(14786,'0.0',55,206),(14787,'0.0',55,207),(14788,'0.0',55,208),(14789,'0.0',55,209),(14790,'0.0',55,210),(14791,'0.0',55,211),(14792,'0.0',55,212),(14793,'0.0',55,213),(14794,'0.333461331457169',55,214),(14795,'0.0',55,215),(14796,'0.0',55,216),(14797,'0.0',55,217),(14798,'0.0',55,218),(14799,'0.0',55,219),(14800,'0.0',55,220),(14801,'0.0',55,221),(14802,'0.0',55,222),(14803,'0.0',55,223),(14804,'0.0',55,224),(14805,'0.0',55,225),(14806,'0.0',55,226),(14807,'0.0',55,227),(14808,'0.0',55,228),(14809,'0.0',55,229),(14810,'0.0',55,230),(14811,'0.0',55,231),(14812,'0.0',55,232),(14813,'0.0',55,233),(14814,'0.0',55,234),(14815,'0.0',55,235),(14816,'0.0',55,236),(14817,'0.0',55,237),(14818,'0.0',55,238),(14819,'0.0',55,239),(14820,'0.0',55,240),(14821,'0.0',55,241),(14822,'0.0',55,242),(14823,'0.0',55,243),(14824,'0.354813336892334',55,244),(14825,'0.0',55,245),(14826,'0.0',55,246),(14827,'0.421138723754379',55,247),(14828,'0.0',55,248),(14829,'0.0',55,249),(14830,'0.0',55,250),(14831,'0.0',55,251),(14832,'0.0',55,252),(14833,'0.0',55,253),(14834,'0.0',55,254),(14835,'0.0',55,255),(14836,'0.0',55,256),(14837,'0.0',55,257),(14838,'0.0',55,258),(14839,'0.0',55,259),(14840,'0.0',55,260),(14841,'0.0',55,261),(14842,'0.0',55,262),(14843,'0.0',55,263),(14844,'0.0',55,264),(14845,'0.0',55,265),(14846,'0.0',55,266),(14847,'0.0',55,267),(14848,'0.0',55,268),(14849,'0.0',55,269),(14850,'0.0',55,270),(14851,'0.0',56,1),(14852,'0.0',56,2),(14853,'0.0',56,3),(14854,'0.0',56,4),(14855,'0.0',56,5),(14856,'0.0',56,6),(14857,'0.0',56,7),(14858,'0.0',56,8),(14859,'0.0',56,9),(14860,'0.0',56,10),(14861,'0.0',56,11),(14862,'0.0',56,12),(14863,'0.0',56,13),(14864,'0.0',56,14),(14865,'0.0',56,15),(14866,'0.0',56,16),(14867,'0.0',56,17),(14868,'0.0',56,18),(14869,'0.16252584337709',56,19),(14870,'0.0',56,20),(14871,'0.0',56,21),(14872,'0.0',56,22),(14873,'0.0',56,23),(14874,'0.0',56,24),(14875,'0.0',56,25),(14876,'0.0',56,26),(14877,'0.0',56,27),(14878,'0.0',56,28),(14879,'0.0',56,29),(14880,'0.0',56,30),(14881,'0.0',56,31),(14882,'0.249664651226485',56,32),(14883,'0.0',56,33),(14884,'0.0',56,34),(14885,'0.0',56,35),(14886,'0.0',56,36),(14887,'0.0',56,37),(14888,'0.0',56,38),(14889,'0.0',56,39),(14890,'0.0',56,40),(14891,'0.263447565702964',56,41),(14892,'0.0',56,42),(14893,'0.0',56,43),(14894,'0.0',56,44),(14895,'0.0',56,45),(14896,'0.0',56,46),(14897,'0.0',56,47),(14898,'0.0',56,48),(14899,'0.0',56,49),(14900,'0.0',56,50),(14901,'0.0',56,51),(14902,'0.0',56,52),(14903,'0.302064315189794',56,53),(14904,'0.0',56,54),(14905,'0.0',56,55),(14906,'0.0',56,56),(14907,'0.0',56,57),(14908,'0.0',56,58),(14909,'0.0',56,59),(14910,'0.0',56,60),(14911,'0.0',56,61),(14912,'0.0',56,62),(14913,'0.0',56,63),(14914,'0.0',56,64),(14915,'0.0',56,65),(14916,'0.0',56,66),(14917,'0.0',56,67),(14918,'0.0',56,68),(14919,'0.0',56,69),(14920,'0.28031648969541',56,70),(14921,'0.0',56,71),(14922,'0.0',56,72),(14923,'0.0',56,73),(14924,'0.0',56,74),(14925,'0.0',56,75),(14926,'0.0',56,76),(14927,'0.0',56,77),(14928,'0.0',56,78),(14929,'0.0',56,79),(14930,'0.0',56,80),(14931,'0.0',56,81),(14932,'0.0',56,82),(14933,'0.0',56,83),(14934,'0.0',56,84),(14935,'0.0',56,85),(14936,'0.0',56,86),(14937,'0.0',56,87),(14938,'0.0',56,88),(14939,'0.0',56,89),(14940,'0.0',56,90),(14941,'0.0',56,91),(14942,'0.0',56,92),(14943,'0.0',56,93),(14944,'0.0',56,94),(14945,'0.0',56,95),(14946,'0.0',56,96),(14947,'0.0',56,97),(14948,'0.0',56,98),(14949,'0.0',56,99),(14950,'0.0',56,100),(14951,'0.0',56,101),(14952,'0.0',56,102),(14953,'0.21901281275756',56,103),(14954,'0.0',56,104),(14955,'0.0',56,105),(14956,'0.0',56,106),(14957,'0.0',56,107),(14958,'0.0',56,108),(14959,'0.0',56,109),(14960,'0.0',56,110),(14961,'0.0',56,111),(14962,'0.18561169911716',56,112),(14963,'0.0',56,113),(14964,'0.0',56,114),(14965,'0.332716153658719',56,115),(14966,'0.0',56,116),(14967,'0.0',56,117),(14968,'0.0',56,118),(14969,'0.0',56,119),(14970,'0.0',56,120),(14971,'0.0',56,121),(14972,'0.0',56,122),(14973,'0.0',56,123),(14974,'0.0',56,124),(14975,'0.0',56,125),(14976,'0.0',56,126),(14977,'0.0',56,127),(14978,'0.0',56,128),(14979,'0.0',56,129),(14980,'0.0',56,130),(14981,'0.0',56,131),(14982,'0.238011363080469',56,132),(14983,'0.0',56,133),(14984,'0.0',56,134),(14985,'0.249664651226485',56,135),(14986,'0.0',56,136),(14987,'0.0',56,137),(14988,'0.0',56,138),(14989,'0.0',56,139),(14990,'0.0',56,140),(14991,'0.0',56,141),(14992,'0.0',56,142),(14993,'0.0',56,143),(14994,'0.0',56,144),(14995,'0.0',56,145),(14996,'0.0',56,146),(14997,'0.0',56,147),(14998,'0.0',56,148),(14999,'0.0',56,149),(15000,'0.0',56,150),(15001,'0.0',56,151),(15002,'0.0',56,152),(15003,'0.0',56,153),(15004,'0.0',56,154),(15005,'0.0',56,155),(15006,'0.0',56,156),(15007,'0.0',56,157),(15008,'0.0',56,158),(15009,'0.0',56,159),(15010,'0.0',56,160),(15011,'0.0',56,161),(15012,'0.0',56,162),(15013,'0.0',56,163),(15014,'0.0',56,164),(15015,'0.0',56,165),(15016,'0.0',56,166),(15017,'0.0',56,167),(15018,'0.0',56,168),(15019,'0.0',56,169),(15020,'0.0',56,170),(15021,'0.0',56,171),(15022,'0.0',56,172),(15023,'0.0',56,173),(15024,'0.0',56,174),(15025,'0.0',56,175),(15026,'0.0',56,176),(15027,'0.0',56,177),(15028,'0.0',56,178),(15029,'0.0',56,179),(15030,'0.0',56,180),(15031,'0.249664651226485',56,181),(15032,'0.0',56,182),(15033,'0.0',56,183),(15034,'0.0',56,184),(15035,'0.0',56,185),(15036,'0.0',56,186),(15037,'0.0',56,187),(15038,'0.0',56,188),(15039,'0.0',56,189),(15040,'0.0',56,190),(15041,'0.0',56,191),(15042,'0.0',56,192),(15043,'0.263447565702964',56,193),(15044,'0.0',56,194),(15045,'0.0',56,195),(15046,'0.0',56,196),(15047,'0.0',56,197),(15048,'0.0',56,198),(15049,'0.0',56,199),(15050,'0.0',56,200),(15051,'0.0',56,201),(15052,'0.0',56,202),(15053,'0.0',56,203),(15054,'0.0',56,204),(15055,'0.332716153658719',56,205),(15056,'0.0',56,206),(15057,'0.0',56,207),(15058,'0.0',56,208),(15059,'0.0',56,209),(15060,'0.0',56,210),(15061,'0.0',56,211),(15062,'0.0',56,212),(15063,'0.0',56,213),(15064,'0.0',56,214),(15065,'0.0',56,215),(15066,'0.0',56,216),(15067,'0.0',56,217),(15068,'0.0',56,218),(15069,'0.0',56,219),(15070,'0.0',56,220),(15071,'0.0',56,221),(15072,'0.0',56,222),(15073,'0.0',56,223),(15074,'0.0',56,224),(15075,'0.0',56,225),(15076,'0.0',56,226),(15077,'0.0',56,227),(15078,'0.0',56,228),(15079,'0.0',56,229),(15080,'0.0',56,230),(15081,'0.0',56,231),(15082,'0.28031648969541',56,232),(15083,'0.0',56,233),(15084,'0.0',56,234),(15085,'0.0',56,235),(15086,'0.0',56,236),(15087,'0.0',56,237),(15088,'0.0',56,238),(15089,'0.0',56,239),(15090,'0.0',56,240),(15091,'0.0',56,241),(15092,'0.0',56,242),(15093,'0.0',56,243),(15094,'0.0',56,244),(15095,'0.0',56,245),(15096,'0.0',56,246),(15097,'0.0',56,247),(15098,'0.0',56,248),(15099,'0.0',56,249),(15100,'0.0',56,250),(15101,'0.0',56,251),(15102,'0.197264987263176',56,252),(15103,'0.0',56,253),(15104,'0.0',56,254),(15105,'0.0',56,255),(15106,'0.0',56,256),(15107,'0.0',56,257),(15108,'0.0',56,258),(15109,'0.0',56,259),(15110,'0.0',56,260),(15111,'0.0',56,261),(15112,'0.0',56,262),(15113,'0.0',56,263),(15114,'0.0',56,264),(15115,'0.0',56,265),(15116,'0.0',56,266),(15117,'0.0',56,267),(15118,'0.0',56,268),(15119,'0.0',56,269),(15120,'0.0',56,270),(15121,'0.0',57,1),(15122,'0.0',57,2),(15123,'0.0',57,3),(15124,'0.0',57,4),(15125,'0.0',57,5),(15126,'0.0',57,6),(15127,'0.0',57,7),(15128,'0.0',57,8),(15129,'0.0',57,9),(15130,'0.0',57,10),(15131,'0.0',57,11),(15132,'0.0',57,12),(15133,'0.0',57,13),(15134,'0.0',57,14),(15135,'0.0',57,15),(15136,'0.0',57,16),(15137,'0.0',57,17),(15138,'0.0',57,18),(15139,'0.0',57,19),(15140,'0.0',57,20),(15141,'0.0',57,21),(15142,'0.0',57,22),(15143,'0.0',57,23),(15144,'0.0',57,24),(15145,'0.0',57,25),(15146,'0.0',57,26),(15147,'0.0',57,27),(15148,'0.0',57,28),(15149,'0.0',57,29),(15150,'0.0',57,30),(15151,'0.0',57,31),(15152,'0.0',57,32),(15153,'0.0',57,33),(15154,'0.0',57,34),(15155,'0.0',57,35),(15156,'0.0',57,36),(15157,'0.0',57,37),(15158,'0.0',57,38),(15159,'0.0',57,39),(15160,'0.0',57,40),(15161,'0.0',57,41),(15162,'0.0',57,42),(15163,'0.0',57,43),(15164,'0.0',57,44),(15165,'0.0',57,45),(15166,'0.0',57,46),(15167,'0.0',57,47),(15168,'0.0',57,48),(15169,'0.0',57,49),(15170,'0.463780625135874',57,50),(15171,'0.0',57,51),(15172,'0.0',57,52),(15173,'0.0',57,53),(15174,'0.0',57,54),(15175,'0.0',57,55),(15176,'0.0',57,56),(15177,'0.0',57,57),(15178,'0.0',57,58),(15179,'0.0',57,59),(15180,'0.0',57,60),(15181,'0.0',57,61),(15182,'0.0',57,62),(15183,'0.0',57,63),(15184,'0.26948386457387',57,64),(15185,'0.0',57,65),(15186,'0.0',57,66),(15187,'0.0',57,67),(15188,'0.0',57,68),(15189,'0.0',57,69),(15190,'0.0',57,70),(15191,'0.0',57,71),(15192,'0.0',57,72),(15193,'0.0',57,73),(15194,'0.0',57,74),(15195,'0.0',57,75),(15196,'0.0',57,76),(15197,'0.0',57,77),(15198,'0.0',57,78),(15199,'0.0',57,79),(15200,'0.0',57,80),(15201,'0.0',57,81),(15202,'0.0',57,82),(15203,'0.0',57,83),(15204,'0.0',57,84),(15205,'0.0',57,85),(15206,'0.0',57,86),(15207,'0.0',57,87),(15208,'0.0',57,88),(15209,'0.0',57,89),(15210,'0.0',57,90),(15211,'0.0',57,91),(15212,'0.0',57,92),(15213,'0.0',57,93),(15214,'0.0',57,94),(15215,'0.0',57,95),(15216,'0.0',57,96),(15217,'0.0',57,97),(15218,'0.0',57,98),(15219,'0.0',57,99),(15220,'0.0',57,100),(15221,'0.0',57,101),(15222,'0.0',57,102),(15223,'0.0',57,103),(15224,'0.0',57,104),(15225,'0.0',57,105),(15226,'0.0',57,106),(15227,'0.0',57,107),(15228,'0.0',57,108),(15229,'0.0',57,109),(15230,'0.510842552320983',57,110),(15231,'0.0',57,111),(15232,'0.0',57,112),(15233,'0.0',57,113),(15234,'0.0',57,114),(15235,'0.0',57,115),(15236,'0.0',57,116),(15237,'0.0',57,117),(15238,'0.0',57,118),(15239,'0.0',57,119),(15240,'0.0',57,120),(15241,'0.0',57,121),(15242,'0.0',57,122),(15243,'0.0',57,123),(15244,'0.0',57,124),(15245,'0.0',57,125),(15246,'0.0',57,126),(15247,'0.0',57,127),(15248,'0.0',57,128),(15249,'0.0',57,129),(15250,'0.0',57,130),(15251,'0.0',57,131),(15252,'0.0',57,132),(15253,'0.404489608894965',57,133),(15254,'0.0',57,134),(15255,'0.0',57,135),(15256,'0.0',57,136),(15257,'0.0',57,137),(15258,'0.0',57,138),(15259,'0.0',57,139),(15260,'0.0',57,140),(15261,'0.0',57,141),(15262,'0.0',57,142),(15263,'0.0',57,143),(15264,'0.0',57,144),(15265,'0.0',57,145),(15266,'0.26948386457387',57,146),(15267,'0.0',57,147),(15268,'0.0',57,148),(15269,'0.0',57,149),(15270,'0.0',57,150),(15271,'0.0',57,151),(15272,'0.0',57,152),(15273,'0.0',57,153),(15274,'0.0',57,154),(15275,'0.0',57,155),(15276,'0.0',57,156),(15277,'0.0',57,157),(15278,'0.0',57,158),(15279,'0.0',57,159),(15280,'0.0',57,160),(15281,'0.0',57,161),(15282,'0.0',57,162),(15283,'0.0',57,163),(15284,'0.0',57,164),(15285,'0.0',57,165),(15286,'0.0',57,166),(15287,'0.0',57,167),(15288,'0.0',57,168),(15289,'0.0',57,169),(15290,'0.0',57,170),(15291,'0.0',57,171),(15292,'0.0',57,172),(15293,'0.0',57,173),(15294,'0.0',57,174),(15295,'0.0',57,175),(15296,'0.0',57,176),(15297,'0.0',57,177),(15298,'0.0',57,178),(15299,'0.0',57,179),(15300,'0.0',57,180),(15301,'0.0',57,181),(15302,'0.0',57,182),(15303,'0.0',57,183),(15304,'0.0',57,184),(15305,'0.0',57,185),(15306,'0.0',57,186),(15307,'0.0',57,187),(15308,'0.0',57,188),(15309,'0.0',57,189),(15310,'0.0',57,190),(15311,'0.0',57,191),(15312,'0.0',57,192),(15313,'0.0',57,193),(15314,'0.0',57,194),(15315,'0.0',57,195),(15316,'0.0',57,196),(15317,'0.0',57,197),(15318,'0.0',57,198),(15319,'0.0',57,199),(15320,'0.0',57,200),(15321,'0.0',57,201),(15322,'0.0',57,202),(15323,'0.0',57,203),(15324,'0.0',57,204),(15325,'0.0',57,205),(15326,'0.0',57,206),(15327,'0.0',57,207),(15328,'0.0',57,208),(15329,'0.0',57,209),(15330,'0.0',57,210),(15331,'0.0',57,211),(15332,'0.0',57,212),(15333,'0.0',57,213),(15334,'0.0',57,214),(15335,'0.0',57,215),(15336,'0.0',57,216),(15337,'0.0',57,217),(15338,'0.0',57,218),(15339,'0.0',57,219),(15340,'0.0',57,220),(15341,'0.0',57,221),(15342,'0.0',57,222),(15343,'0.0',57,223),(15344,'0.0',57,224),(15345,'0.0',57,225),(15346,'0.0',57,226),(15347,'0.0',57,227),(15348,'0.0',57,228),(15349,'0.0',57,229),(15350,'0.0',57,230),(15351,'0.0',57,231),(15352,'0.0',57,232),(15353,'0.0',57,233),(15354,'0.0',57,234),(15355,'0.0',57,235),(15356,'0.0',57,236),(15357,'0.0',57,237),(15358,'0.0',57,238),(15359,'0.0',57,239),(15360,'0.0',57,240),(15361,'0.0',57,241),(15362,'0.0',57,242),(15363,'0.0',57,243),(15364,'0.0',57,244),(15365,'0.0',57,245),(15366,'0.0',57,246),(15367,'0.0',57,247),(15368,'0.0',57,248),(15369,'0.0',57,249),(15370,'0.0',57,250),(15371,'0.0',57,251),(15372,'0.0',57,252),(15373,'0.0',57,253),(15374,'0.0',57,254),(15375,'0.0',57,255),(15376,'0.0',57,256),(15377,'0.0',57,257),(15378,'0.463780625135874',57,258),(15379,'0.0',57,259),(15380,'0.0',57,260),(15381,'0.0',57,261),(15382,'0.0',57,262),(15383,'0.0',57,263),(15384,'0.0',57,264),(15385,'0.0',57,265),(15386,'0.0',57,266),(15387,'0.0',57,267),(15388,'0.0',57,268),(15389,'0.0',57,269),(15390,'0.0',57,270),(15391,'0.0',58,1),(15392,'0.0',58,2),(15393,'0.0',58,3),(15394,'0.0',58,4),(15395,'0.0',58,5),(15396,'0.0',58,6),(15397,'0.0',58,7),(15398,'0.0',58,8),(15399,'0.0',58,9),(15400,'0.0',58,10),(15401,'0.0',58,11),(15402,'0.0',58,12),(15403,'0.0',58,13),(15404,'0.0',58,14),(15405,'0.0',58,15),(15406,'0.0',58,16),(15407,'0.0',58,17),(15408,'0.0',58,18),(15409,'0.0',58,19),(15410,'0.0',58,20),(15411,'0.0',58,21),(15412,'0.0',58,22),(15413,'0.0',58,23),(15414,'0.317946617613011',58,24),(15415,'0.0',58,25),(15416,'0.0',58,26),(15417,'0.0',58,27),(15418,'0.0',58,28),(15419,'0.0',58,29),(15420,'0.0',58,30),(15421,'0.0',58,31),(15422,'0.0',58,32),(15423,'0.0',58,33),(15424,'0.0',58,34),(15425,'0.0',58,35),(15426,'0.0',58,36),(15427,'0.0',58,37),(15428,'0.0',58,38),(15429,'0.0',58,39),(15430,'0.0',58,40),(15431,'0.0',58,41),(15432,'0.0',58,42),(15433,'0.0',58,43),(15434,'0.0',58,44),(15435,'0.0',58,45),(15436,'0.0',58,46),(15437,'0.0',58,47),(15438,'0.0',58,48),(15439,'0.0',58,49),(15440,'0.0',58,50),(15441,'0.0',58,51),(15442,'0.0',58,52),(15443,'0.0',58,53),(15444,'0.0',58,54),(15445,'0.0',58,55),(15446,'0.0',58,56),(15447,'0.0',58,57),(15448,'0.0',58,58),(15449,'0.0',58,59),(15450,'0.401544707383152',58,60),(15451,'0.0',58,61),(15452,'0.0',58,62),(15453,'0.0',58,63),(15454,'0.0',58,64),(15455,'0.0',58,65),(15456,'0.0',58,66),(15457,'0.0',58,67),(15458,'0.0',58,68),(15459,'0.0',58,69),(15460,'0.0',58,70),(15461,'0.0',58,71),(15462,'0.0',58,72),(15463,'0.0',58,73),(15464,'0.0',58,74),(15465,'0.0',58,75),(15466,'0.0',58,76),(15467,'0.0',58,77),(15468,'0.0',58,78),(15469,'0.0',58,79),(15470,'0.317946617613011',58,80),(15471,'0.287248461161415',58,81),(15472,'0.230770213029699',58,82),(15473,'0.0',58,83),(15474,'0.0',58,84),(15475,'0.0',58,85),(15476,'0.0',58,86),(15477,'0.0',58,87),(15478,'0.0',58,88),(15479,'0.0',58,89),(15480,'0.0',58,90),(15481,'0.0',58,91),(15482,'0.0',58,92),(15483,'0.0',58,93),(15484,'0.0',58,94),(15485,'0.0',58,95),(15486,'0.0',58,96),(15487,'0.0',58,97),(15488,'0.0',58,98),(15489,'0.0',58,99),(15490,'0.0',58,100),(15491,'0.0',58,101),(15492,'0.0',58,102),(15493,'0.0',58,103),(15494,'0.0',58,104),(15495,'0.0',58,105),(15496,'0.0',58,106),(15497,'0.0',58,107),(15498,'0.0',58,108),(15499,'0.0',58,109),(15500,'0.0',58,110),(15501,'0.0',58,111),(15502,'0.0',58,112),(15503,'0.0',58,113),(15504,'0.0',58,114),(15505,'0.0',58,115),(15506,'0.317946617613011',58,116),(15507,'0.0',58,117),(15508,'0.0',58,118),(15509,'0.0',58,119),(15510,'0.0',58,120),(15511,'0.0',58,121),(15512,'0.0',58,122),(15513,'0.0',58,123),(15514,'0.0',58,124),(15515,'0.0',58,125),(15516,'0.0',58,126),(15517,'0.0',58,127),(15518,'0.0',58,128),(15519,'0.0',58,129),(15520,'0.0',58,130),(15521,'0.0',58,131),(15522,'0.0',58,132),(15523,'0.0',58,133),(15524,'0.0',58,134),(15525,'0.0',58,135),(15526,'0.0',58,136),(15527,'0.0',58,137),(15528,'0.338305193756457',58,138),(15529,'0.0',58,139),(15530,'0.0',58,140),(15531,'0.0',58,141),(15532,'0.0',58,142),(15533,'0.0',58,143),(15534,'0.0',58,144),(15535,'0.0',58,145),(15536,'0.0',58,146),(15537,'0.0',58,147),(15538,'0.0',58,148),(15539,'0.0',58,149),(15540,'0.0',58,150),(15541,'0.0',58,151),(15542,'0.264319705685534',58,152),(15543,'0.0',58,153),(15544,'0.0',58,154),(15545,'0.0',58,155),(15546,'0.0',58,156),(15547,'0.0',58,157),(15548,'0.0',58,158),(15549,'0.0',58,159),(15550,'0.0',58,160),(15551,'0.0',58,161),(15552,'0.0',58,162),(15553,'0.0',58,163),(15554,'0.0',58,164),(15555,'0.0',58,165),(15556,'0.0',58,166),(15557,'0.0',58,167),(15558,'0.0',58,168),(15559,'0.0',58,169),(15560,'0.0',58,170),(15561,'0.0',58,171),(15562,'0.0',58,172),(15563,'0.0',58,173),(15564,'0.0',58,174),(15565,'0.0',58,175),(15566,'0.0',58,176),(15567,'0.0',58,177),(15568,'0.287248461161415',58,178),(15569,'0.0',58,179),(15570,'0.0',58,180),(15571,'0.0',58,181),(15572,'0.0',58,182),(15573,'0.0',58,183),(15574,'0.0',58,184),(15575,'0.0',58,185),(15576,'0.0',58,186),(15577,'0.0',58,187),(15578,'0.0',58,188),(15579,'0.0',58,189),(15580,'0.0',58,190),(15581,'0.0',58,191),(15582,'0.0',58,192),(15583,'0.0',58,193),(15584,'0.0',58,194),(15585,'0.0',58,195),(15586,'0.0',58,196),(15587,'0.0',58,197),(15588,'0.0',58,198),(15589,'0.0',58,199),(15590,'0.0',58,200),(15591,'0.0',58,201),(15592,'0.0',58,202),(15593,'0.0',58,203),(15594,'0.0',58,204),(15595,'0.0',58,205),(15596,'0.0',58,206),(15597,'0.0',58,207),(15598,'0.0',58,208),(15599,'0.0',58,209),(15600,'0.0',58,210),(15601,'0.0',58,211),(15602,'0.0',58,212),(15603,'0.0',58,213),(15604,'0.0',58,214),(15605,'0.0',58,215),(15606,'0.0',58,216),(15607,'0.0',58,217),(15608,'0.0',58,218),(15609,'0.0',58,219),(15610,'0.0',58,220),(15611,'0.0',58,221),(15612,'0.0',58,222),(15613,'0.0',58,223),(15614,'0.0',58,224),(15615,'0.0',58,225),(15616,'0.0',58,226),(15617,'0.0',58,227),(15618,'0.0',58,228),(15619,'0.0',58,229),(15620,'0.0',58,230),(15621,'0.0',58,231),(15622,'0.0',58,232),(15623,'0.0',58,233),(15624,'0.0',58,234),(15625,'0.0',58,235),(15626,'0.0',58,236),(15627,'0.0',58,237),(15628,'0.0',58,238),(15629,'0.0',58,239),(15630,'0.0',58,240),(15631,'0.0',58,241),(15632,'0.0',58,242),(15633,'0.0',58,243),(15634,'0.0',58,244),(15635,'0.0',58,245),(15636,'0.0',58,246),(15637,'0.0',58,247),(15638,'0.0',58,248),(15639,'0.0',58,249),(15640,'0.0',58,250),(15641,'0.0',58,251),(15642,'0.0',58,252),(15643,'0.0',58,253),(15644,'0.0',58,254),(15645,'0.0',58,255),(15646,'0.0',58,256),(15647,'0.0',58,257),(15648,'0.0',58,258),(15649,'0.0',58,259),(15650,'0.0',58,260),(15651,'0.0',58,261),(15652,'0.0',58,262),(15653,'0.0',58,263),(15654,'0.0',58,264),(15655,'0.364551963347691',58,265),(15656,'0.0',58,266),(15657,'0.0',58,267),(15658,'0.0',58,268),(15659,'0.0',58,269),(15660,'0.0',58,270),(15661,'0.0',59,1),(15662,'0.0',59,2),(15663,'0.0',59,3),(15664,'0.0',59,4),(15665,'0.0',59,5),(15666,'0.0',59,6),(15667,'0.0',59,7),(15668,'0.0',59,8),(15669,'0.0',59,9),(15670,'0.0',59,10),(15671,'0.0',59,11),(15672,'0.0',59,12),(15673,'0.0',59,13),(15674,'0.0',59,14),(15675,'0.0',59,15),(15676,'0.0',59,16),(15677,'0.0',59,17),(15678,'0.0',59,18),(15679,'0.17474343868978',59,19),(15680,'0.0',59,20),(15681,'0.0',59,21),(15682,'0.0',59,22),(15683,'0.0',59,23),(15684,'0.0',59,24),(15685,'0.0',59,25),(15686,'0.0',59,26),(15687,'0.0',59,27),(15688,'0.0',59,28),(15689,'0.0',59,29),(15690,'0.0',59,30),(15691,'0.0',59,31),(15692,'0.0',59,32),(15693,'0.0',59,33),(15694,'0.0',59,34),(15695,'0.0',59,35),(15696,'0.0',59,36),(15697,'0.0',59,37),(15698,'0.0',59,38),(15699,'0.0',59,39),(15700,'0.0',59,40),(15701,'0.0',59,41),(15702,'0.0',59,42),(15703,'0.0',59,43),(15704,'0.0',59,44),(15705,'0.0',59,45),(15706,'0.0',59,46),(15707,'0.0',59,47),(15708,'0.0',59,48),(15709,'0.0',59,49),(15710,'0.0',59,50),(15711,'0.0',59,51),(15712,'0.0',59,52),(15713,'0.0',59,53),(15714,'0.0',59,54),(15715,'0.0',59,55),(15716,'0.0',59,56),(15717,'0.0',59,57),(15718,'0.0',59,58),(15719,'0.0',59,59),(15720,'0.0',59,60),(15721,'0.0',59,61),(15722,'0.0',59,62),(15723,'0.0',59,63),(15724,'0.0',59,64),(15725,'0.0',59,65),(15726,'0.0',59,66),(15727,'0.0',59,67),(15728,'0.0',59,68),(15729,'0.0',59,69),(15730,'0.0',59,70),(15731,'0.0',59,71),(15732,'0.0',59,72),(15733,'0.0',59,73),(15734,'0.0',59,74),(15735,'0.0',59,75),(15736,'0.0',59,76),(15737,'0.0',59,77),(15738,'0.0',59,78),(15739,'0.0',59,79),(15740,'0.283251774541334',59,80),(15741,'0.0',59,81),(15742,'0.0',59,82),(15743,'0.0',59,83),(15744,'0.0',59,84),(15745,'0.0',59,85),(15746,'0.0',59,86),(15747,'0.0',59,87),(15748,'0.0',59,88),(15749,'0.0',59,89),(15750,'0.0',59,90),(15751,'0.0',59,91),(15752,'0.0',59,92),(15753,'0.0',59,93),(15754,'0.0',59,94),(15755,'0.0',59,95),(15756,'0.0',59,96),(15757,'0.0',59,97),(15758,'0.0',59,98),(15759,'0.0',59,99),(15760,'0.268432753635231',59,100),(15761,'0.0',59,101),(15762,'0.0',59,102),(15763,'0.0',59,103),(15764,'0.0',59,104),(15765,'0.0',59,105),(15766,'0.0',59,106),(15767,'0.0',59,107),(15768,'0.0',59,108),(15769,'0.0',59,109),(15770,'0.0',59,110),(15771,'0.0',59,111),(15772,'0.199564733157738',59,112),(15773,'0.0',59,113),(15774,'0.0',59,114),(15775,'0.0',59,115),(15776,'0.0',59,116),(15777,'0.0',59,117),(15778,'0.0',59,118),(15779,'0.0',59,119),(15780,'0.0',59,120),(15781,'0.0',59,121),(15782,'0.235476716952521',59,122),(15783,'0.0',59,123),(15784,'0.324771470462515',59,124),(15785,'0.0',59,125),(15786,'0.0',59,126),(15787,'0.0',59,127),(15788,'0.0',59,128),(15789,'0.0',59,129),(15790,'0.0',59,130),(15791,'0.0',59,131),(15792,'0.0',59,132),(15793,'0.283251774541334',59,133),(15794,'0.0',59,134),(15795,'0.0',59,135),(15796,'0.0',59,136),(15797,'0.0',59,137),(15798,'0.0',59,138),(15799,'0.0',59,139),(15800,'0.0',59,140),(15801,'0.0',59,141),(15802,'0.0',59,142),(15803,'0.0',59,143),(15804,'0.0',59,144),(15805,'0.0',59,145),(15806,'0.0',59,146),(15807,'0.0',59,147),(15808,'0.0',59,148),(15809,'0.0',59,149),(15810,'0.0',59,150),(15811,'0.0',59,151),(15812,'0.0',59,152),(15813,'0.357727507145225',59,153),(15814,'0.0',59,154),(15815,'0.0',59,155),(15816,'0.0',59,156),(15817,'0.0',59,157),(15818,'0.0',59,158),(15819,'0.0',59,159),(15820,'0.0',59,160),(15821,'0.0',59,161),(15822,'0.0',59,162),(15823,'0.0',59,163),(15824,'0.0',59,164),(15825,'0.0',59,165),(15826,'0.0',59,166),(15827,'0.0',59,167),(15828,'0.0',59,168),(15829,'0.0',59,169),(15830,'0.0',59,170),(15831,'0.0',59,171),(15832,'0.0',59,172),(15833,'0.324771470462515',59,173),(15834,'0.0',59,174),(15835,'0.0',59,175),(15836,'0.0',59,176),(15837,'0.0',59,177),(15838,'0.0',59,178),(15839,'0.0',59,179),(15840,'0.0',59,180),(15841,'0.0',59,181),(15842,'0.0',59,182),(15843,'0.0',59,183),(15844,'0.0',59,184),(15845,'0.0',59,185),(15846,'0.0',59,186),(15847,'0.0',59,187),(15848,'0.0',59,188),(15849,'0.0',59,189),(15850,'0.0',59,190),(15851,'0.0',59,191),(15852,'0.268432753635231',59,192),(15853,'0.0',59,193),(15854,'0.0',59,194),(15855,'0.324771470462515',59,195),(15856,'0.0',59,196),(15857,'0.0',59,197),(15858,'0.0',59,198),(15859,'0.0',59,199),(15860,'0.0',59,200),(15861,'0.0',59,201),(15862,'0.0',59,202),(15863,'0.0',59,203),(15864,'0.0',59,204),(15865,'0.0',59,205),(15866,'0.0',59,206),(15867,'0.0',59,207),(15868,'0.0',59,208),(15869,'0.0',59,209),(15870,'0.0',59,210),(15871,'0.0',59,211),(15872,'0.0',59,212),(15873,'0.0',59,213),(15874,'0.0',59,214),(15875,'0.0',59,215),(15876,'0.0',59,216),(15877,'0.0',59,217),(15878,'0.0',59,218),(15879,'0.0',59,219),(15880,'0.0',59,220),(15881,'0.0',59,221),(15882,'0.0',59,222),(15883,'0.0',59,223),(15884,'0.0',59,224),(15885,'0.0',59,225),(15886,'0.0',59,226),(15887,'0.0',59,227),(15888,'0.0',59,228),(15889,'0.0',59,229),(15890,'0.0',59,230),(15891,'0.0',59,231),(15892,'0.0',59,232),(15893,'0.0',59,233),(15894,'0.0',59,234),(15895,'0.0',59,235),(15896,'0.0',59,236),(15897,'0.0',59,237),(15898,'0.0',59,238),(15899,'0.0',59,239),(15900,'0.0',59,240),(15901,'0.0',59,241),(15902,'0.0',59,242),(15903,'0.0',59,243),(15904,'0.0',59,244),(15905,'0.0',59,245),(15906,'0.0',59,246),(15907,'0.0',59,247),(15908,'0.0',59,248),(15909,'0.0',59,249),(15910,'0.0',59,250),(15911,'0.0',59,251),(15912,'0.212094036807946',59,252),(15913,'0.0',59,253),(15914,'0.0',59,254),(15915,'0.0',59,255),(15916,'0.0',59,256),(15917,'0.0',59,257),(15918,'0.0',59,258),(15919,'0.283251774541334',59,259),(15920,'0.0',59,260),(15921,'0.0',59,261),(15922,'0.0',59,262),(15923,'0.0',59,263),(15924,'0.0',59,264),(15925,'0.0',59,265),(15926,'0.0',59,266),(15927,'0.0',59,267),(15928,'0.0',59,268),(15929,'0.0',59,269),(15930,'0.0',59,270);
/*!40000 ALTER TABLE `company_measures` ENABLE KEYS */;
UNLOCK TABLES;

--
-- Table structure for table `company_ratings`
--

DROP TABLE IF EXISTS `company_ratings`;
/*!40101 SET @saved_cs_client     = @@character_set_client */;
/*!50503 SET character_set_client = utf8mb4 */;
CREATE TABLE `company_ratings` (
  `company_rating_id` bigint NOT NULL AUTO_INCREMENT,
  `average_rating` varchar(255) COLLATE utf8mb4_0900_as_cs NOT NULL,
  `balance_rating` varchar(255) COLLATE utf8mb4_0900_as_cs NOT NULL,
  `culture_rating` varchar(255) COLLATE utf8mb4_0900_as_cs NOT NULL,
  `growth_rating` varchar(255) COLLATE utf8mb4_0900_as_cs NOT NULL,
  `management_rating` varchar(255) COLLATE utf8mb4_0900_as_cs NOT NULL,
  `salary_welfare_rating` varchar(255) COLLATE utf8mb4_0900_as_cs NOT NULL,
  `company_id` bigint DEFAULT NULL,
  PRIMARY KEY (`company_rating_id`),
  KEY `FK6a4fab3awblkixno4vj0r0hug` (`company_id`),
  CONSTRAINT `FK6a4fab3awblkixno4vj0r0hug` FOREIGN KEY (`company_id`) REFERENCES `companies` (`company_id`)
) ENGINE=InnoDB AUTO_INCREMENT=14 DEFAULT CHARSET=utf8mb4 COLLATE=utf8mb4_0900_as_cs;
/*!40101 SET character_set_client = @saved_cs_client */;

--
-- Dumping data for table `company_ratings`
--

LOCK TABLES `company_ratings` WRITE;
/*!40000 ALTER TABLE `company_ratings` DISABLE KEYS */;
INSERT INTO `company_ratings` VALUES (1,'3.5','3.3','3.8','3.5','3.2','3.1',1),(2,'2.2','2.2','2.0','2.2','2.3','2.9',2),(3,'2.7','2.6','3.0','2.7','2.6','2.7',3),(4,'3.7','3.9','3.7','3.7','3.5','3.4',60),(5,'3.5','3.2','3.9','3.5','3.1','3.5',61),(6,'2.8','2.6','2.3','2.8','2.6','3.4',62),(7,'3.4','3.5','3.1','3.4','3.3','3.2',63),(8,'4.3','4.0','4.4','4.3','4.3','3.7',64),(9,'3.4','3.0','3.5','3.4','3.2','3.3',65),(10,'3.1','3.3','2.4','3.1','2.9','3.0',66),(11,'2.8','2.5','2.7','2.8','2.6','2.5',67),(12,'4.6','4.5','4.5','4.6','4.7','4.3',68),(13,'3.6','3.2','3.1','3.6','3.7','3.8',69);
/*!40000 ALTER TABLE `company_ratings` ENABLE KEYS */;
UNLOCK TABLES;

--
-- Table structure for table `extracted_keywords`
--

DROP TABLE IF EXISTS `extracted_keywords`;
/*!40101 SET @saved_cs_client     = @@character_set_client */;
/*!50503 SET character_set_client = utf8mb4 */;
CREATE TABLE `extracted_keywords` (
  `extract_keyword_id` bigint NOT NULL AUTO_INCREMENT,
  `name` varchar(255) COLLATE utf8mb4_0900_as_cs NOT NULL,
  `type` varchar(255) COLLATE utf8mb4_0900_as_cs NOT NULL,
  PRIMARY KEY (`extract_keyword_id`)
) ENGINE=InnoDB AUTO_INCREMENT=722 DEFAULT CHARSET=utf8mb4 COLLATE=utf8mb4_0900_as_cs;
/*!40101 SET character_set_client = @saved_cs_client */;

--
-- Dumping data for table `extracted_keywords`
--

LOCK TABLES `extracted_keywords` WRITE;
/*!40000 ALTER TABLE `extracted_keywords` DISABLE KEYS */;
INSERT INTO `extracted_keywords` VALUES (1,'가속','S'),(2,'가슴','S'),(3,'가치관','S'),(4,'감동','S'),(5,'강조','S'),(6,'강화','S'),(7,'개개인','S'),(8,'개발','S'),(9,'개방','S'),(10,'개선','S'),(11,'개인','S'),(12,'게임','S'),(13,'견인','S'),(14,'결과','S'),(15,'경영','S'),(16,'경쟁','S'),(17,'경쟁력','S'),(18,'경험','S'),(19,'고객','S'),(20,'고민','S'),(21,'공감','S'),(22,'공동','S'),(23,'공동체','S'),(24,'공유','S'),(25,'공통','S'),(26,'과감','S'),(27,'과정','S'),(28,'관계','S'),(29,'관습','S'),(30,'관점','S'),(31,'관철','S'),(32,'구성원','S'),(33,'구체','S'),(34,'구현','S'),(35,'궁극','S'),(36,'균형','S'),(37,'극대','S'),(38,'근본','S'),(39,'금융','S'),(40,'긍정','S'),(41,'기반','S'),(42,'기술','S'),(43,'기억','S'),(44,'기업','S'),(45,'기업가','S'),(46,'기여','S'),(47,'기준','S'),(48,'기획','S'),(49,'내적','S'),(50,'노력','S'),(51,'논리','S'),(52,'놀이','S'),(53,'능동','S'),(54,'능력','S'),(55,'다른','S'),(56,'다시','S'),(57,'다양성','S'),(58,'다음','S'),(59,'단계','S'),(60,'달성','S'),(61,'대처','S'),(62,'데이터','S'),(63,'도달','S'),(64,'도전','S'),(65,'도출','S'),(66,'독보','S'),(67,'독창','S'),(68,'동기','S'),(69,'동등','S'),(70,'동료','S'),(71,'두뇌','S'),(72,'마음','S'),(73,'마음가짐','S'),(74,'막중','S'),(75,'만들기','S'),(76,'만족','S'),(77,'매진','S'),(78,'맥락','S'),(79,'먼저','S'),(80,'모두','S'),(81,'모든','S'),(82,'목표','S'),(83,'몰입','S'),(84,'문제','S'),(85,'문화','S'),(86,'미래','S'),(87,'미리','S'),(88,'믿음','S'),(89,'바르게','S'),(90,'반드시','S'),(91,'발상','S'),(92,'발전','S'),(93,'방법','S'),(94,'방식','S'),(95,'배려','S'),(96,'배양','S'),(97,'배움','S'),(98,'변화','S'),(99,'보고','S'),(100,'본질','S'),(101,'부여','S'),(102,'분석','S'),(103,'사고','S'),(104,'사고력','S'),(105,'사고방식','S'),(106,'사업','S'),(107,'사용자','S'),(108,'사회','S'),(109,'상상','S'),(110,'상생','S'),(111,'상호','S'),(112,'생각','S'),(113,'서비스','S'),(114,'선도','S'),(115,'성공','S'),(116,'성과','S'),(117,'성장','S'),(118,'성취','S'),(119,'세계','S'),(120,'세상','S'),(121,'소수','S'),(122,'소통','S'),(123,'수단','S'),(124,'수평','S'),(125,'수행','S'),(126,'스스로','S'),(127,'시각','S'),(128,'시간','S'),(129,'시대','S'),(130,'시도','S'),(131,'신념','S'),(132,'신뢰','S'),(133,'실력','S'),(134,'실무','S'),(135,'실행','S'),(136,'실현','S'),(137,'심사','S'),(138,'아이디어','S'),(139,'안목','S'),(140,'안정','S'),(141,'얼굴','S'),(142,'업무','S'),(143,'역량','S'),(144,'역할','S'),(145,'연결','S'),(146,'열정','S'),(147,'영향','S'),(148,'예측','S'),(149,'완벽','S'),(150,'용납','S'),(151,'용량','S'),(152,'우리','S'),(153,'우연','S'),(154,'운영','S'),(155,'원칙','S'),(156,'위치','S'),(157,'유기','S'),(158,'유저','S'),(159,'윤리','S'),(160,'의견','S'),(161,'의미','S'),(162,'의사결정','S'),(163,'의사소통','S'),(164,'의욕','S'),(165,'의지','S'),(166,'이동','S'),(167,'이해','S'),(168,'인연','S'),(169,'인정','S'),(170,'입장','S'),(171,'자긍심','S'),(172,'자발','S'),(173,'자부심','S'),(174,'자사','S'),(175,'자신감','S'),(176,'자율','S'),(177,'재미','S'),(178,'적극','S'),(179,'전략','S'),(180,'전문','S'),(181,'전문가','S'),(182,'전문성','S'),(183,'전파','S'),(184,'전환','S'),(185,'절대로','S'),(186,'정교','S'),(187,'정도','S'),(188,'정보','S'),(189,'정의','S'),(190,'정직','S'),(191,'제작','S'),(192,'조직','S'),(193,'존중','S'),(194,'주도','S'),(195,'주인','S'),(196,'주장','S'),(197,'주저','S'),(198,'주체','S'),(199,'준수','S'),(200,'중심','S'),(201,'즐거움','S'),(202,'지속','S'),(203,'지시','S'),(204,'지식','S'),(205,'지향','S'),(206,'진심','S'),(207,'질서','S'),(208,'집단','S'),(209,'집중','S'),(210,'차원','S'),(211,'차이','S'),(212,'창의','S'),(213,'창의력','S'),(214,'창조','S'),(215,'채택','S'),(216,'책임','S'),(217,'책임감','S'),(218,'처음','S'),(219,'최고','S'),(220,'최상','S'),(221,'최적','S'),(222,'최적화','S'),(223,'추구','S'),(224,'추진','S'),(225,'축적','S'),(226,'출발','S'),(227,'충족','S'),(228,'커뮤니케이션','S'),(229,'퀄리티','S'),(230,'탐구','S'),(231,'탐색','S'),(232,'태도','S'),(233,'토론','S'),(234,'통찰','S'),(235,'통합','S'),(236,'투자','S'),(237,'팀워크','S'),(238,'파트너','S'),(239,'패기','S'),(240,'품성','S'),(241,'프로','S'),(242,'하나','S'),(243,'하나로','S'),(244,'학습','S'),(245,'한계','S'),(246,'한층','S'),(247,'함양','S'),(248,'합리','S'),(249,'항상','S'),(250,'해결','S'),(251,'핵심','S'),(252,'행동','S'),(253,'행복','S'),(254,'혁신','S'),(255,'현금','S'),(256,'현상','S'),(257,'현재','S'),(258,'협력','S'),(259,'협업','S'),(260,'형성','S'),(261,'혼신','S'),(262,'화합','S'),(263,'확대','S'),(264,'확보','S'),(265,'환경','S'),(266,'활동','S'),(267,'회사','S'),(268,'효과','S'),(269,'효율','S'),(270,'흐름','S');
/*!40000 ALTER TABLE `extracted_keywords` ENABLE KEYS */;
UNLOCK TABLES;

--
-- Table structure for table `keyword_measures`
--

DROP TABLE IF EXISTS `keyword_measures`;
/*!40101 SET @saved_cs_client     = @@character_set_client */;
/*!50503 SET character_set_client = utf8mb4 */;
CREATE TABLE `keyword_measures` (
  `keyword_measure_id` bigint NOT NULL AUTO_INCREMENT,
  `score` varchar(255) COLLATE utf8mb4_0900_as_cs NOT NULL,
  `extracted_keyword_id` bigint DEFAULT NULL,
  `keyword_id` bigint DEFAULT NULL,
  PRIMARY KEY (`keyword_measure_id`),
  KEY `FKbsfudgsb4l2d0fv4t5bsm55cl` (`extracted_keyword_id`),
  KEY `FKtai5mahbktlhed47yl5hueveo` (`keyword_id`),
  CONSTRAINT `FKbsfudgsb4l2d0fv4t5bsm55cl` FOREIGN KEY (`extracted_keyword_id`) REFERENCES `extracted_keywords` (`extract_keyword_id`),
  CONSTRAINT `FKtai5mahbktlhed47yl5hueveo` FOREIGN KEY (`keyword_id`) REFERENCES `keywords` (`keyword_id`)
) ENGINE=InnoDB AUTO_INCREMENT=2785 DEFAULT CHARSET=utf8mb4 COLLATE=utf8mb4_0900_as_cs;
/*!40101 SET character_set_client = @saved_cs_client */;

--
-- Dumping data for table `keyword_measures`
--

LOCK TABLES `keyword_measures` WRITE;
/*!40000 ALTER TABLE `keyword_measures` DISABLE KEYS */;
INSERT INTO `keyword_measures` VALUES (85,'-2',1,1),(86,'0',2,1),(87,'3',3,1),(88,'0',4,1),(89,'2',5,1),(90,'0',6,1),(91,'0',7,1),(92,'0',8,1),(93,'0',9,1),(94,'0',10,1),(95,'0',11,1),(96,'-3',12,1),(97,'0',13,1),(98,'0',14,1),(99,'2',15,1),(100,'0',16,1),(101,'0',17,1),(102,'2',18,1),(103,'-3',19,1),(104,'4',20,1),(105,'0',21,1),(106,'0',22,1),(107,'3',23,1),(108,'-2',24,1),(109,'2',25,1),(110,'-2',26,1),(111,'0',27,1),(112,'3',28,1),(113,'0',29,1),(114,'2',30,1),(115,'-1',31,1),(116,'3',32,1),(117,'0',33,1),(118,'0',34,1),(119,'0',35,1),(120,'4',36,1),(121,'0',37,1),(122,'3',38,1),(123,'2',39,1),(124,'4',40,1),(125,'4',41,1),(126,'-2',42,1),(127,'0',43,1),(128,'4',44,1),(129,'-2',45,1),(130,'0',46,1),(131,'3',47,1),(132,'4',48,1),(133,'4',49,1),(134,'0',50,1),(135,'2',51,1),(136,'-4',52,1),(137,'0',53,1),(138,'0',54,1),(139,'-2',55,1),(140,'-2',56,1),(141,'0',57,1),(142,'0',58,1),(143,'0',59,1),(144,'-2',60,1),(145,'3',61,1),(146,'0',62,1),(147,'0',63,1),(148,'0',64,1),(149,'0',65,1),(150,'0',66,1),(151,'-2',67,1),(152,'0',68,1),(153,'-2',69,1),(154,'0',70,1),(155,'3',71,1),(156,'4',72,1),(157,'4',73,1),(158,'0',74,1),(159,'0',75,1),(160,'2',76,1),(161,'0',77,1),(162,'2',78,1),(163,'0',79,1),(164,'2',80,1),(165,'-2',81,1),(166,'0',82,1),(167,'-4',83,1),(168,'1',84,1),(169,'4',85,1),(170,'-2',86,1),(171,'-2',87,1),(172,'4',88,1),(173,'-2',89,1),(174,'0',90,1),(175,'0',91,1),(176,'0',92,1),(177,'-2',93,1),(178,'0',94,1),(179,'2',95,1),(180,'3',96,1),(181,'3',97,1),(182,'-3',98,1),(183,'0',99,1),(184,'4',100,1),(185,'0',101,1),(186,'0',102,1),(187,'0',103,1),(188,'0',104,1),(189,'0',105,1),(190,'0',106,1),(191,'-4',107,1),(192,'3',108,1),(193,'0',109,1),(194,'0',110,1),(195,'-2',111,1),(196,'-2',112,1),(197,'0',113,1),(198,'2',114,1),(199,'0',115,1),(200,'0',116,1),(201,'0',117,1),(202,'0',118,1),(203,'4',119,1),(204,'1',120,1),(205,'0',121,1),(206,'4',122,1),(207,'-2',123,1),(208,'2',124,1),(209,'0',125,1),(210,'0',126,1),(211,'0',127,1),(212,'0',128,1),(213,'2',129,1),(214,'0',130,1),(215,'4',131,1),(216,'4',132,1),(217,'0',133,1),(218,'3',134,1),(219,'0',135,1),(220,'0',136,1),(221,'0',137,1),(222,'-2',138,1),(223,'0',139,1),(224,'4',140,1),(225,'0',141,1),(226,'2',142,1),(227,'0',143,1),(228,'-2',144,1),(229,'2',145,1),(230,'-2',146,1),(231,'4',147,1),(232,'0',148,1),(233,'0',149,1),(234,'-2',150,1),(235,'0',151,1),(236,'2',152,1),(237,'-4',153,1),(238,'0',154,1),(239,'2',155,1),(240,'0',156,1),(241,'2',157,1),(242,'0',158,1),(243,'4',159,1),(244,'0',160,1),(245,'2',161,1),(246,'2',162,1),(247,'2',163,1),(248,'-2',164,1),(249,'2',165,1),(250,'0',166,1),(251,'-2',167,1),(252,'0',168,1),(253,'0',169,1),(254,'-2',170,1),(255,'2',171,1),(256,'0',172,1),(257,'2',173,1),(258,'0',174,1),(259,'4',175,1),(260,'0',176,1),(261,'-2',177,1),(262,'-2',178,1),(263,'3',179,1),(264,'2',180,1),(265,'0',181,1),(266,'3',182,1),(267,'2',183,1),(268,'0',184,1),(269,'1',185,1),(270,'0',186,1),(271,'0',187,1),(272,'1',188,1),(273,'-2',189,1),(274,'3',190,1),(275,'-4',191,1),(276,'4',192,1),(277,'4',193,1),(278,'0',194,1),(279,'0',195,1),(280,'0',196,1),(281,'2',197,1),(282,'0',198,1),(283,'4',199,1),(284,'3',200,1),(285,'-2',201,1),(286,'3',202,1),(287,'2',203,1),(288,'3',204,1),(289,'2',205,1),(290,'0',206,1),(291,'3',207,1),(292,'1',208,1),(293,'0',209,1),(294,'-4',210,1),(295,'2',211,1),(296,'-3',212,1),(297,'-3',213,1),(298,'0',214,1),(299,'0',215,1),(300,'-1',216,1),(301,'3',217,1),(302,'0',218,1),(303,'0',219,1),(304,'0',220,1),(305,'0',221,1),(306,'0',222,1),(307,'0',223,1),(308,'0',224,1),(309,'0',225,1),(310,'2',226,1),(311,'0',227,1),(312,'2',228,1),(313,'2',229,1),(314,'0',230,1),(315,'0',231,1),(316,'0',232,1),(317,'0',233,1),(318,'-2',234,1),(319,'3',235,1),(320,'0',236,1),(321,'0',237,1),(322,'0',238,1),(323,'-2',239,1),(324,'4',240,1),(325,'0',241,1),(326,'0',242,1),(327,'2',243,1),(328,'0',244,1),(329,'0',245,1),(330,'0',246,1),(331,'0',247,1),(332,'1',248,1),(333,'0',249,1),(334,'2',250,1),(335,'2',251,1),(336,'2',252,1),(337,'0',253,1),(338,'-3',254,1),(339,'-2',255,1),(340,'3',256,1),(341,'3',257,1),(342,'3',258,1),(343,'0',259,1),(344,'2',260,1),(345,'0',261,1),(346,'4',262,1),(347,'0',263,1),(348,'4',264,1),(349,'2',265,1),(350,'-3',266,1),(351,'0',267,1),(352,'0',268,1),(353,'0',269,1),(354,'2',270,1),(355,'0',1,2),(356,'0',2,2),(357,'3',3,2),(358,'0',4,2),(359,'2',5,2),(360,'0',6,2),(361,'0',7,2),(362,'0',8,2),(363,'0',9,2),(364,'0',10,2),(365,'0',11,2),(366,'-3',12,2),(367,'0',13,2),(368,'0',14,2),(369,'2',15,2),(370,'0',16,2),(371,'0',17,2),(372,'2',18,2),(373,'-3',19,2),(374,'0',20,2),(375,'0',21,2),(376,'2',22,2),(377,'3',23,2),(378,'-2',24,2),(379,'4',25,2),(380,'-2',26,2),(381,'0',27,2),(382,'0',28,2),(383,'0',29,2),(384,'2',30,2),(385,'4',31,2),(386,'3',32,2),(387,'0',33,2),(388,'0',34,2),(389,'0',35,2),(390,'3',36,2),(391,'0',37,2),(392,'3',38,2),(393,'-2',39,2),(394,'4',40,2),(395,'1',41,2),(396,'-2',42,2),(397,'0',43,2),(398,'4',44,2),(399,'-2',45,2),(400,'0',46,2),(401,'4',47,2),(402,'4',48,2),(403,'4',49,2),(404,'0',50,2),(405,'3',51,2),(406,'-4',52,2),(407,'0',53,2),(408,'0',54,2),(409,'-2',55,2),(410,'-2',56,2),(411,'0',57,2),(412,'0',58,2),(413,'0',59,2),(414,'-2',60,2),(415,'3',61,2),(416,'0',62,2),(417,'0',63,2),(418,'0',64,2),(419,'0',65,2),(420,'0',66,2),(421,'-2',67,2),(422,'0',68,2),(423,'3',69,2),(424,'0',70,2),(425,'3',71,2),(426,'-4',72,2),(427,'4',73,2),(428,'0',74,2),(429,'2',75,2),(430,'2',76,2),(431,'0',77,2),(432,'3',78,2),(433,'0',79,2),(434,'2',80,2),(435,'-2',81,2),(436,'0',82,2),(437,'-4',83,2),(438,'4',84,2),(439,'4',85,2),(440,'-2',86,2),(441,'-2',87,2),(442,'3',88,2),(443,'2',89,2),(444,'0',90,2),(445,'0',91,2),(446,'0',92,2),(447,'0',93,2),(448,'3',94,2),(449,'0',95,2),(450,'3',96,2),(451,'3',97,2),(452,'-3',98,2),(453,'0',99,2),(454,'4',100,2),(455,'-2',101,2),(456,'0',102,2),(457,'-2',103,2),(458,'2',104,2),(459,'0',105,2),(460,'0',106,2),(461,'-3',107,2),(462,'3',108,2),(463,'0',109,2),(464,'0',110,2),(465,'-2',111,2),(466,'3',112,2),(467,'0',113,2),(468,'2',114,2),(469,'0',115,2),(470,'0',116,2),(471,'0',117,2),(472,'0',118,2),(473,'4',119,2),(474,'1',120,2),(475,'0',121,2),(476,'4',122,2),(477,'-2',123,2),(478,'0',124,2),(479,'0',125,2),(480,'0',126,2),(481,'2',127,2),(482,'0',128,2),(483,'0',129,2),(484,'0',130,2),(485,'4',131,2),(486,'4',132,2),(487,'0',133,2),(488,'3',134,2),(489,'0',135,2),(490,'0',136,2),(491,'0',137,2),(492,'-2',138,2),(493,'0',139,2),(494,'0',140,2),(495,'0',141,2),(496,'2',142,2),(497,'0',143,2),(498,'3',144,2),(499,'3',145,2),(500,'-2',146,2),(501,'4',147,2),(502,'0',148,2),(503,'0',149,2),(504,'-2',150,2),(505,'0',151,2),(506,'2',152,2),(507,'0',153,2),(508,'0',154,2),(509,'4',155,2),(510,'0',156,2),(511,'2',157,2),(512,'0',158,2),(513,'4',159,2),(514,'4',160,2),(515,'3',161,2),(516,'2',162,2),(517,'3',163,2),(518,'-2',164,2),(519,'3',165,2),(520,'0',166,2),(521,'4',167,2),(522,'-2',168,2),(523,'0',169,2),(524,'3',170,2),(525,'2',171,2),(526,'0',172,2),(527,'2',173,2),(528,'0',174,2),(529,'1',175,2),(530,'0',176,2),(531,'-2',177,2),(532,'-2',178,2),(533,'2',179,2),(534,'2',180,2),(535,'0',181,2),(536,'3',182,2),(537,'2',183,2),(538,'0',184,2),(539,'4',185,2),(540,'0',186,2),(541,'2',187,2),(542,'0',188,2),(543,'4',189,2),(544,'3',190,2),(545,'-4',191,2),(546,'4',192,2),(547,'4',193,2),(548,'0',194,2),(549,'0',195,2),(550,'3',196,2),(551,'2',197,2),(552,'0',198,2),(553,'4',199,2),(554,'3',200,2),(555,'-2',201,2),(556,'2',202,2),(557,'2',203,2),(558,'3',204,2),(559,'2',205,2),(560,'0',206,2),(561,'3',207,2),(562,'4',208,2),(563,'0',209,2),(564,'4',210,2),(565,'2',211,2),(566,'-3',212,2),(567,'-3',213,2),(568,'0',214,2),(569,'0',215,2),(570,'4',216,2),(571,'3',217,2),(572,'0',218,2),(573,'0',219,2),(574,'0',220,2),(575,'0',221,2),(576,'0',222,2),(577,'0',223,2),(578,'0',224,2),(579,'0',225,2),(580,'2',226,2),(581,'0',227,2),(582,'2',228,2),(583,'2',229,2),(584,'0',230,2),(585,'0',231,2),(586,'4',232,2),(587,'0',233,2),(588,'0',234,2),(589,'3',235,2),(590,'0',236,2),(591,'0',237,2),(592,'0',238,2),(593,'-2',239,2),(594,'4',240,2),(595,'0',241,2),(596,'0',242,2),(597,'0',243,2),(598,'0',244,2),(599,'0',245,2),(600,'2',246,2),(601,'0',247,2),(602,'4',248,2),(603,'3',249,2),(604,'2',250,2),(605,'2',251,2),(606,'2',252,2),(607,'-2',253,2),(608,'-3',254,2),(609,'-2',255,2),(610,'3',256,2),(611,'3',257,2),(612,'3',258,2),(613,'0',259,2),(614,'2',260,2),(615,'0',261,2),(616,'1',262,2),(617,'0',263,2),(618,'4',264,2),(619,'0',265,2),(620,'-3',266,2),(621,'0',267,2),(622,'0',268,2),(623,'3',269,2),(624,'2',270,2),(625,'-2',1,3),(626,'0',2,3),(627,'3',3,3),(628,'-2',4,3),(629,'0',5,3),(630,'0',6,3),(631,'0',7,3),(632,'-2',8,3),(633,'-4',9,3),(634,'0',10,3),(635,'-2',11,3),(636,'-3',12,3),(637,'0',13,3),(638,'-2',14,3),(639,'0',15,3),(640,'-3',16,3),(641,'0',17,3),(642,'2',18,3),(643,'-3',19,3),(644,'0',20,3),(645,'0',21,3),(646,'2',22,3),(647,'3',23,3),(648,'-2',24,3),(649,'3',25,3),(650,'-2',26,3),(651,'0',27,3),(652,'2',28,3),(653,'3',29,3),(654,'4',30,3),(655,'4',31,3),(656,'3',32,3),(657,'2',33,3),(658,'0',34,3),(659,'0',35,3),(660,'0',36,3),(661,'-2',37,3),(662,'3',38,3),(663,'2',39,3),(664,'1',40,3),(665,'4',41,3),(666,'0',42,3),(667,'0',43,3),(668,'4',44,3),(669,'-2',45,3),(670,'2',46,3),(671,'3',47,3),(672,'4',48,3),(673,'4',49,3),(674,'0',50,3),(675,'-2',51,3),(676,'-4',52,3),(677,'-3',53,3),(678,'0',54,3),(679,'-2',55,3),(680,'-2',56,3),(681,'-2',57,3),(682,'-2',58,3),(683,'0',59,3),(684,'-2',60,3),(685,'3',61,3),(686,'0',62,3),(687,'-2',63,3),(688,'-2',64,3),(689,'0',65,3),(690,'0',66,3),(691,'-2',67,3),(692,'0',68,3),(693,'3',69,3),(694,'0',70,3),(695,'3',71,3),(696,'-4',72,3),(697,'1',73,3),(698,'0',74,3),(699,'0',75,3),(700,'-2',76,3),(701,'0',77,3),(702,'3',78,3),(703,'0',79,3),(704,'2',80,3),(705,'2',81,3),(706,'0',82,3),(707,'-3',83,3),(708,'4',84,3),(709,'4',85,3),(710,'-3',86,3),(711,'-2',87,3),(712,'3',88,3),(713,'2',89,3),(714,'0',90,3),(715,'0',91,3),(716,'-1',92,3),(717,'2',93,3),(718,'3',94,3),(719,'0',95,3),(720,'4',96,3),(721,'3',97,3),(722,'-3',98,3),(723,'0',99,3),(724,'4',100,3),(725,'0',101,3),(726,'0',102,3),(727,'-1',103,3),(728,'0',104,3),(729,'0',105,3),(730,'0',106,3),(731,'-4',107,3),(732,'3',108,3),(733,'0',109,3),(734,'0',110,3),(735,'-2',111,3),(736,'3',112,3),(737,'-3',113,3),(738,'2',114,3),(739,'0',115,3),(740,'0',116,3),(741,'0',117,3),(742,'0',118,3),(743,'4',119,3),(744,'1',120,3),(745,'0',121,3),(746,'4',122,3),(747,'-2',123,3),(748,'0',124,3),(749,'0',125,3),(750,'0',126,3),(751,'3',127,3),(752,'-2',128,3),(753,'4',129,3),(754,'0',130,3),(755,'4',131,3),(756,'4',132,3),(757,'0',133,3),(758,'0',134,3),(759,'0',135,3),(760,'-2',136,3),(761,'0',137,3),(762,'-2',138,3),(763,'0',139,3),(764,'0',140,3),(765,'0',141,3),(766,'-2',142,3),(767,'0',143,3),(768,'0',144,3),(769,'3',145,3),(770,'-2',146,3),(771,'4',147,3),(772,'0',148,3),(773,'0',149,3),(774,'-2',150,3),(775,'0',151,3),(776,'4',152,3),(777,'0',153,3),(778,'0',154,3),(779,'3',155,3),(780,'0',156,3),(781,'3',157,3),(782,'0',158,3),(783,'4',159,3),(784,'3',160,3),(785,'3',161,3),(786,'2',162,3),(787,'2',163,3),(788,'-2',164,3),(789,'-1',165,3),(790,'2',166,3),(791,'3',167,3),(792,'0',168,3),(793,'0',169,3),(794,'3',170,3),(795,'2',171,3),(796,'2',172,3),(797,'2',173,3),(798,'0',174,3),(799,'-1',175,3),(800,'0',176,3),(801,'-2',177,3),(802,'-3',178,3),(803,'-2',179,3),(804,'2',180,3),(805,'2',181,3),(806,'2',182,3),(807,'0',183,3),(808,'0',184,3),(809,'4',185,3),(810,'0',186,3),(811,'2',187,3),(812,'0',188,3),(813,'1',189,3),(814,'3',190,3),(815,'-4',191,3),(816,'4',192,3),(817,'4',193,3),(818,'0',194,3),(819,'-2',195,3),(820,'0',196,3),(821,'2',197,3),(822,'0',198,3),(823,'-1',199,3),(824,'3',200,3),(825,'-2',201,3),(826,'2',202,3),(827,'2',203,3),(828,'4',204,3),(829,'2',205,3),(830,'0',206,3),(831,'3',207,3),(832,'4',208,3),(833,'0',209,3),(834,'4',210,3),(835,'2',211,3),(836,'-1',212,3),(837,'-3',213,3),(838,'0',214,3),(839,'0',215,3),(840,'4',216,3),(841,'3',217,3),(842,'2',218,3),(843,'0',219,3),(844,'0',220,3),(845,'0',221,3),(846,'-2',222,3),(847,'0',223,3),(848,'0',224,3),(849,'0',225,3),(850,'3',226,3),(851,'0',227,3),(852,'2',228,3),(853,'0',229,3),(854,'0',230,3),(855,'0',231,3),(856,'3',232,3),(857,'0',233,3),(858,'0',234,3),(859,'2',235,3),(860,'0',236,3),(861,'0',237,3),(862,'0',238,3),(863,'-2',239,3),(864,'4',240,3),(865,'0',241,3),(866,'0',242,3),(867,'0',243,3),(868,'0',244,3),(869,'0',245,3),(870,'2',246,3),(871,'0',247,3),(872,'3',248,3),(873,'3',249,3),(874,'0',250,3),(875,'2',251,3),(876,'-2',252,3),(877,'-2',253,3),(878,'-3',254,3),(879,'-2',255,3),(880,'4',256,3),(881,'0',257,3),(882,'3',258,3),(883,'0',259,3),(884,'3',260,3),(885,'0',261,3),(886,'1',262,3),(887,'0',263,3),(888,'3',264,3),(889,'0',265,3),(890,'-3',266,3),(891,'0',267,3),(892,'0',268,3),(893,'0',269,3),(894,'2',270,3),(895,'0',1,4),(896,'4',2,4),(897,'3',3,4),(898,'3',4,4),(899,'-2',5,4),(900,'0',6,4),(901,'0',7,4),(902,'0',8,4),(903,'0',9,4),(904,'0',10,4),(905,'2',11,4),(906,'-3',12,4),(907,'0',13,4),(908,'0',14,4),(909,'2',15,4),(910,'-2',16,4),(911,'-2',17,4),(912,'-1',18,4),(913,'3',19,4),(914,'4',20,4),(915,'3',21,4),(916,'0',22,4),(917,'3',23,4),(918,'2',24,4),(919,'-2',25,4),(920,'-2',26,4),(921,'0',27,4),(922,'3',28,4),(923,'0',29,4),(924,'-2',30,4),(925,'1',31,4),(926,'3',32,4),(927,'0',33,4),(928,'0',34,4),(929,'0',35,4),(930,'-3',36,4),(931,'-2',37,4),(932,'-2',38,4),(933,'-2',39,4),(934,'1',40,4),(935,'-4',41,4),(936,'-3',42,4),(937,'4',43,4),(938,'-4',44,4),(939,'-2',45,4),(940,'2',46,4),(941,'-3',47,4),(942,'-4',48,4),(943,'1',49,4),(944,'0',50,4),(945,'-3',51,4),(946,'-4',52,4),(947,'-2',53,4),(948,'0',54,4),(949,'2',55,4),(950,'-2',56,4),(951,'0',57,4),(952,'0',58,4),(953,'-2',59,4),(954,'0',60,4),(955,'-3',61,4),(956,'0',62,4),(957,'-2',63,4),(958,'-4',64,4),(959,'-2',65,4),(960,'2',66,4),(961,'-2',67,4),(962,'2',68,4),(963,'-2',69,4),(964,'2',70,4),(965,'-4',71,4),(966,'4',72,4),(967,'4',73,4),(968,'0',74,4),(969,'-3',75,4),(970,'-2',76,4),(971,'0',77,4),(972,'-2',78,4),(973,'0',79,4),(974,'2',80,4),(975,'2',81,4),(976,'0',82,4),(977,'-3',83,4),(978,'-4',84,4),(979,'4',85,4),(980,'-2',86,4),(981,'2',87,4),(982,'4',88,4),(983,'-2',89,4),(984,'0',90,4),(985,'0',91,4),(986,'-4',92,4),(987,'-2',93,4),(988,'-2',94,4),(989,'4',95,4),(990,'4',96,4),(991,'0',97,4),(992,'-3',98,4),(993,'0',99,4),(994,'-4',100,4),(995,'0',101,4),(996,'-2',102,4),(997,'2',103,4),(998,'-2',104,4),(999,'0',105,4),(1000,'-4',106,4),(1001,'0',107,4),(1002,'-3',108,4),(1003,'0',109,4),(1004,'0',110,4),(1005,'2',111,4),(1006,'-3',112,4),(1007,'0',113,4),(1008,'-2',114,4),(1009,'0',115,4),(1010,'0',116,4),(1011,'0',117,4),(1012,'0',118,4),(1013,'1',119,4),(1014,'4',120,4),(1015,'2',121,4),(1016,'4',122,4),(1017,'1',123,4),(1018,'0',124,4),(1019,'0',125,4),(1020,'-2',126,4),(1021,'-2',127,4),(1022,'0',128,4),(1023,'-2',129,4),(1024,'0',130,4),(1025,'4',131,4),(1026,'4',132,4),(1027,'0',133,4),(1028,'-3',134,4),(1029,'0',135,4),(1030,'-2',136,4),(1031,'0',137,4),(1032,'-2',138,4),(1033,'0',139,4),(1034,'0',140,4),(1035,'2',141,4),(1036,'-3',142,4),(1037,'0',143,4),(1038,'-1',144,4),(1039,'1',145,4),(1040,'3',146,4),(1041,'-1',147,4),(1042,'0',148,4),(1043,'0',149,4),(1044,'3',150,4),(1045,'0',151,4),(1046,'4',152,4),(1047,'0',153,4),(1048,'0',154,4),(1049,'-3',155,4),(1050,'0',156,4),(1051,'0',157,4),(1052,'0',158,4),(1053,'4',159,4),(1054,'0',160,4),(1055,'1',161,4),(1056,'0',162,4),(1057,'0',163,4),(1058,'2',164,4),(1059,'3',165,4),(1060,'0',166,4),(1061,'-2',167,4),(1062,'4',168,4),(1063,'4',169,4),(1064,'-3',170,4),(1065,'2',171,4),(1066,'2',172,4),(1067,'2',173,4),(1068,'0',174,4),(1069,'1',175,4),(1070,'0',176,4),(1071,'-2',177,4),(1072,'2',178,4),(1073,'-2',179,4),(1074,'-2',180,4),(1075,'2',181,4),(1076,'-3',182,4),(1077,'0',183,4),(1078,'0',184,4),(1079,'4',185,4),(1080,'0',186,4),(1081,'-2',187,4),(1082,'-3',188,4),(1083,'3',189,4),(1084,'3',190,4),(1085,'-4',191,4),(1086,'-4',192,4),(1087,'4',193,4),(1088,'0',194,4),(1089,'3',195,4),(1090,'0',196,4),(1091,'2',197,4),(1092,'-2',198,4),(1093,'4',199,4),(1094,'-2',200,4),(1095,'-2',201,4),(1096,'-2',202,4),(1097,'-2',203,4),(1098,'-3',204,4),(1099,'-2',205,4),(1100,'4',206,4),(1101,'-3',207,4),(1102,'-1',208,4),(1103,'0',209,4),(1104,'-4',210,4),(1105,'2',211,4),(1106,'-3',212,4),(1107,'-3',213,4),(1108,'0',214,4),(1109,'0',215,4),(1110,'-4',216,4),(1111,'3',217,4),(1112,'0',218,4),(1113,'-2',219,4),(1114,'2',220,4),(1115,'0',221,4),(1116,'0',222,4),(1117,'0',223,4),(1118,'-2',224,4),(1119,'0',225,4),(1120,'0',226,4),(1121,'0',227,4),(1122,'-2',228,4),(1123,'-2',229,4),(1124,'0',230,4),(1125,'0',231,4),(1126,'0',232,4),(1127,'0',233,4),(1128,'0',234,4),(1129,'-3',235,4),(1130,'-2',236,4),(1131,'0',237,4),(1132,'0',238,4),(1133,'-2',239,4),(1134,'1',240,4),(1135,'-2',241,4),(1136,'2',242,4),(1137,'3',243,4),(1138,'0',244,4),(1139,'-2',245,4),(1140,'-2',246,4),(1141,'3',247,4),(1142,'-3',248,4),(1143,'3',249,4),(1144,'-2',250,4),(1145,'-2',251,4),(1146,'-2',252,4),(1147,'4',253,4),(1148,'-3',254,4),(1149,'2',255,4),(1150,'-4',256,4),(1151,'-3',257,4),(1152,'3',258,4),(1153,'0',259,4),(1154,'-2',260,4),(1155,'2',261,4),(1156,'4',262,4),(1157,'0',263,4),(1158,'-4',264,4),(1159,'0',265,4),(1160,'-3',266,4),(1161,'-2',267,4),(1162,'0',268,4),(1163,'-3',269,4),(1164,'-2',270,4),(1165,'0',1,5),(1166,'4',2,5),(1167,'0',3,5),(1168,'2',4,5),(1169,'-2',5,5),(1170,'0',6,5),(1171,'0',7,5),(1172,'-2',8,5),(1173,'0',9,5),(1174,'0',10,5),(1175,'0',11,5),(1176,'-3',12,5),(1177,'0',13,5),(1178,'0',14,5),(1179,'-2',15,5),(1180,'0',16,5),(1181,'-2',17,5),(1182,'-3',18,5),(1183,'4',19,5),(1184,'3',20,5),(1185,'0',21,5),(1186,'0',22,5),(1187,'3',23,5),(1188,'2',24,5),(1189,'-2',25,5),(1190,'-2',26,5),(1191,'0',27,5),(1192,'3',28,5),(1193,'0',29,5),(1194,'-2',30,5),(1195,'-1',31,5),(1196,'1',32,5),(1197,'0',33,5),(1198,'0',34,5),(1199,'0',35,5),(1200,'-3',36,5),(1201,'0',37,5),(1202,'-2',38,5),(1203,'-3',39,5),(1204,'1',40,5),(1205,'-4',41,5),(1206,'-3',42,5),(1207,'3',43,5),(1208,'-4',44,5),(1209,'-4',45,5),(1210,'0',46,5),(1211,'-3',47,5),(1212,'-4',48,5),(1213,'1',49,5),(1214,'0',50,5),(1215,'-2',51,5),(1216,'-4',52,5),(1217,'-3',53,5),(1218,'-2',54,5),(1219,'2',55,5),(1220,'-2',56,5),(1221,'-2',57,5),(1222,'0',58,5),(1223,'0',59,5),(1224,'0',60,5),(1225,'-3',61,5),(1226,'-3',62,5),(1227,'0',63,5),(1228,'-2',64,5),(1229,'-2',65,5),(1230,'0',66,5),(1231,'-2',67,5),(1232,'0',68,5),(1233,'-2',69,5),(1234,'2',70,5),(1235,'-3',71,5),(1236,'4',72,5),(1237,'4',73,5),(1238,'0',74,5),(1239,'-2',75,5),(1240,'-2',76,5),(1241,'-2',77,5),(1242,'-2',78,5),(1243,'0',79,5),(1244,'2',80,5),(1245,'-2',81,5),(1246,'-2',82,5),(1247,'-3',83,5),(1248,'-4',84,5),(1249,'4',85,5),(1250,'-3',86,5),(1251,'-2',87,5),(1252,'4',88,5),(1253,'-2',89,5),(1254,'0',90,5),(1255,'0',91,5),(1256,'-3',92,5),(1257,'0',93,5),(1258,'-2',94,5),(1259,'3',95,5),(1260,'4',96,5),(1261,'-3',97,5),(1262,'-3',98,5),(1263,'0',99,5),(1264,'-4',100,5),(1265,'0',101,5),(1266,'0',102,5),(1267,'2',103,5),(1268,'-2',104,5),(1269,'-2',105,5),(1270,'-2',106,5),(1271,'-3',107,5),(1272,'-3',108,5),(1273,'0',109,5),(1274,'0',110,5),(1275,'3',111,5),(1276,'-3',112,5),(1277,'0',113,5),(1278,'-2',114,5),(1279,'0',115,5),(1280,'0',116,5),(1281,'-2',117,5),(1282,'0',118,5),(1283,'-4',119,5),(1284,'4',120,5),(1285,'2',121,5),(1286,'4',122,5),(1287,'2',123,5),(1288,'0',124,5),(1289,'0',125,5),(1290,'-3',126,5),(1291,'-2',127,5),(1292,'-2',128,5),(1293,'0',129,5),(1294,'-3',130,5),(1295,'4',131,5),(1296,'4',132,5),(1297,'0',133,5),(1298,'-3',134,5),(1299,'0',135,5),(1300,'-2',136,5),(1301,'0',137,5),(1302,'-2',138,5),(1303,'0',139,5),(1304,'0',140,5),(1305,'0',141,5),(1306,'-2',142,5),(1307,'-3',143,5),(1308,'0',144,5),(1309,'0',145,5),(1310,'2',146,5),(1311,'-1',147,5),(1312,'0',148,5),(1313,'0',149,5),(1314,'2',150,5),(1315,'-2',151,5),(1316,'4',152,5),(1317,'0',153,5),(1318,'0',154,5),(1319,'-2',155,5),(1320,'0',156,5),(1321,'0',157,5),(1322,'0',158,5),(1323,'4',159,5),(1324,'0',160,5),(1325,'0',161,5),(1326,'-2',162,5),(1327,'0',163,5),(1328,'-2',164,5),(1329,'-1',165,5),(1330,'0',166,5),(1331,'-2',167,5),(1332,'4',168,5),(1333,'2',169,5),(1334,'-3',170,5),(1335,'-2',171,5),(1336,'0',172,5),(1337,'2',173,5),(1338,'0',174,5),(1339,'-4',175,5),(1340,'0',176,5),(1341,'-2',177,5),(1342,'-3',178,5),(1343,'-2',179,5),(1344,'-2',180,5),(1345,'0',181,5),(1346,'-3',182,5),(1347,'0',183,5),(1348,'0',184,5),(1349,'4',185,5),(1350,'0',186,5),(1351,'-2',187,5),(1352,'-3',188,5),(1353,'2',189,5),(1354,'3',190,5),(1355,'-4',191,5),(1356,'-4',192,5),(1357,'4',193,5),(1358,'0',194,5),(1359,'3',195,5),(1360,'0',196,5),(1361,'2',197,5),(1362,'-2',198,5),(1363,'4',199,5),(1364,'-2',200,5),(1365,'-2',201,5),(1366,'-2',202,5),(1367,'-2',203,5),(1368,'-3',204,5),(1369,'-2',205,5),(1370,'2',206,5),(1371,'-3',207,5),(1372,'1',208,5),(1373,'0',209,5),(1374,'-4',210,5),(1375,'2',211,5),(1376,'-4',212,5),(1377,'-3',213,5),(1378,'0',214,5),(1379,'0',215,5),(1380,'-4',216,5),(1381,'3',217,5),(1382,'0',218,5),(1383,'-2',219,5),(1384,'2',220,5),(1385,'-4',221,5),(1386,'0',222,5),(1387,'0',223,5),(1388,'-2',224,5),(1389,'0',225,5),(1390,'0',226,5),(1391,'0',227,5),(1392,'-2',228,5),(1393,'-2',229,5),(1394,'0',230,5),(1395,'0',231,5),(1396,'0',232,5),(1397,'0',233,5),(1398,'0',234,5),(1399,'-3',235,5),(1400,'-2',236,5),(1401,'0',237,5),(1402,'2',238,5),(1403,'-2',239,5),(1404,'1',240,5),(1405,'-3',241,5),(1406,'2',242,5),(1407,'2',243,5),(1408,'0',244,5),(1409,'0',245,5),(1410,'0',246,5),(1411,'2',247,5),(1412,'-3',248,5),(1413,'3',249,5),(1414,'-2',250,5),(1415,'-2',251,5),(1416,'-2',252,5),(1417,'4',253,5),(1418,'-3',254,5),(1419,'4',255,5),(1420,'-3',256,5),(1421,'-3',257,5),(1422,'3',258,5),(1423,'0',259,5),(1424,'-2',260,5),(1425,'2',261,5),(1426,'4',262,5),(1427,'0',263,5),(1428,'-4',264,5),(1429,'0',265,5),(1430,'-3',266,5),(1431,'-2',267,5),(1432,'-3',268,5),(1433,'-3',269,5),(1434,'-2',270,5),(1435,'0',1,6),(1436,'0',2,6),(1437,'3',3,6),(1438,'0',4,6),(1439,'-2',5,6),(1440,'0',6,6),(1441,'0',7,6),(1442,'0',8,6),(1443,'4',9,6),(1444,'0',10,6),(1445,'2',11,6),(1446,'-3',12,6),(1447,'0',13,6),(1448,'-2',14,6),(1449,'-2',15,6),(1450,'0',16,6),(1451,'0',17,6),(1452,'2',18,6),(1453,'-4',19,6),(1454,'0',20,6),(1455,'0',21,6),(1456,'0',22,6),(1457,'3',23,6),(1458,'3',24,6),(1459,'2',25,6),(1460,'-2',26,6),(1461,'0',27,6),(1462,'2',28,6),(1463,'0',29,6),(1464,'-2',30,6),(1465,'-4',31,6),(1466,'4',32,6),(1467,'0',33,6),(1468,'0',34,6),(1469,'0',35,6),(1470,'4',36,6),(1471,'0',37,6),(1472,'2',38,6),(1473,'-2',39,6),(1474,'4',40,6),(1475,'4',41,6),(1476,'-2',42,6),(1477,'-2',43,6),(1478,'-4',44,6),(1479,'2',45,6),(1480,'0',46,6),(1481,'0',47,6),(1482,'4',48,6),(1483,'1',49,6),(1484,'0',50,6),(1485,'2',51,6),(1486,'-4',52,6),(1487,'4',53,6),(1488,'0',54,6),(1489,'-2',55,6),(1490,'-2',56,6),(1491,'3',57,6),(1492,'0',58,6),(1493,'0',59,6),(1494,'0',60,6),(1495,'3',61,6),(1496,'0',62,6),(1497,'0',63,6),(1498,'0',64,6),(1499,'0',65,6),(1500,'0',66,6),(1501,'-2',67,6),(1502,'0',68,6),(1503,'3',69,6),(1504,'0',70,6),(1505,'3',71,6),(1506,'1',72,6),(1507,'4',73,6),(1508,'0',74,6),(1509,'0',75,6),(1510,'2',76,6),(1511,'0',77,6),(1512,'2',78,6),(1513,'2',79,6),(1514,'2',80,6),(1515,'2',81,6),(1516,'0',82,6),(1517,'-3',83,6),(1518,'-1',84,6),(1519,'4',85,6),(1520,'2',86,6),(1521,'-2',87,6),(1522,'-3',88,6),(1523,'-2',89,6),(1524,'0',90,6),(1525,'0',91,6),(1526,'4',92,6),(1527,'0',93,6),(1528,'2',94,6),(1529,'2',95,6),(1530,'0',96,6),(1531,'4',97,6),(1532,'-3',98,6),(1533,'0',99,6),(1534,'1',100,6),(1535,'0',101,6),(1536,'0',102,6),(1537,'-2',103,6),(1538,'2',104,6),(1539,'3',105,6),(1540,'0',106,6),(1541,'4',107,6),(1542,'3',108,6),(1543,'0',109,6),(1544,'0',110,6),(1545,'-2',111,6),(1546,'0',112,6),(1547,'-3',113,6),(1548,'2',114,6),(1549,'0',115,6),(1550,'0',116,6),(1551,'2',117,6),(1552,'0',118,6),(1553,'-4',119,6),(1554,'4',120,6),(1555,'0',121,6),(1556,'4',122,6),(1557,'2',123,6),(1558,'3',124,6),(1559,'0',125,6),(1560,'4',126,6),(1561,'0',127,6),(1562,'0',128,6),(1563,'0',129,6),(1564,'0',130,6),(1565,'-1',131,6),(1566,'4',132,6),(1567,'0',133,6),(1568,'3',134,6),(1569,'0',135,6),(1570,'0',136,6),(1571,'0',137,6),(1572,'-2',138,6),(1573,'0',139,6),(1574,'0',140,6),(1575,'0',141,6),(1576,'3',142,6),(1577,'2',143,6),(1578,'0',144,6),(1579,'3',145,6),(1580,'-2',146,6),(1581,'-1',147,6),(1582,'0',148,6),(1583,'0',149,6),(1584,'-2',150,6),(1585,'0',151,6),(1586,'3',152,6),(1587,'0',153,6),(1588,'2',154,6),(1589,'3',155,6),(1590,'0',156,6),(1591,'-2',157,6),(1592,'0',158,6),(1593,'-1',159,6),(1594,'2',160,6),(1595,'-3',161,6),(1596,'2',162,6),(1597,'2',163,6),(1598,'-2',164,6),(1599,'-1',165,6),(1600,'0',166,6),(1601,'3',167,6),(1602,'-2',168,6),(1603,'0',169,6),(1604,'0',170,6),(1605,'2',171,6),(1606,'2',172,6),(1607,'2',173,6),(1608,'3',174,6),(1609,'1',175,6),(1610,'0',176,6),(1611,'-2',177,6),(1612,'-2',178,6),(1613,'2',179,6),(1614,'0',180,6),(1615,'0',181,6),(1616,'3',182,6),(1617,'0',183,6),(1618,'0',184,6),(1619,'4',185,6),(1620,'0',186,6),(1621,'-2',187,6),(1622,'2',188,6),(1623,'-3',189,6),(1624,'3',190,6),(1625,'-4',191,6),(1626,'4',192,6),(1627,'4',193,6),(1628,'2',194,6),(1629,'2',195,6),(1630,'0',196,6),(1631,'-2',197,6),(1632,'3',198,6),(1633,'1',199,6),(1634,'3',200,6),(1635,'-2',201,6),(1636,'2',202,6),(1637,'2',203,6),(1638,'0',204,6),(1639,'2',205,6),(1640,'0',206,6),(1641,'3',207,6),(1642,'-1',208,6),(1643,'0',209,6),(1644,'-1',210,6),(1645,'-2',211,6),(1646,'0',212,6),(1647,'-3',213,6),(1648,'0',214,6),(1649,'0',215,6),(1650,'4',216,6),(1651,'3',217,6),(1652,'0',218,6),(1653,'0',219,6),(1654,'0',220,6),(1655,'0',221,6),(1656,'0',222,6),(1657,'0',223,6),(1658,'0',224,6),(1659,'0',225,6),(1660,'0',226,6),(1661,'0',227,6),(1662,'3',228,6),(1663,'0',229,6),(1664,'0',230,6),(1665,'0',231,6),(1666,'3',232,6),(1667,'0',233,6),(1668,'0',234,6),(1669,'3',235,6),(1670,'0',236,6),(1671,'0',237,6),(1672,'2',238,6),(1673,'-2',239,6),(1674,'4',240,6),(1675,'0',241,6),(1676,'0',242,6),(1677,'0',243,6),(1678,'2',244,6),(1679,'0',245,6),(1680,'0',246,6),(1681,'0',247,6),(1682,'3',248,6),(1683,'0',249,6),(1684,'-2',250,6),(1685,'-2',251,6),(1686,'3',252,6),(1687,'0',253,6),(1688,'-3',254,6),(1689,'-2',255,6),(1690,'-3',256,6),(1691,'3',257,6),(1692,'3',258,6),(1693,'0',259,6),(1694,'2',260,6),(1695,'2',261,6),(1696,'4',262,6),(1697,'0',263,6),(1698,'-1',264,6),(1699,'0',265,6),(1700,'0',266,6),(1701,'2',267,6),(1702,'0',268,6),(1703,'0',269,6),(1704,'2',270,6),(1705,'0',1,7),(1706,'0',2,7),(1707,'-3',3,7),(1708,'0',4,7),(1709,'-2',5,7),(1710,'0',6,7),(1711,'0',7,7),(1712,'0',8,7),(1713,'0',9,7),(1714,'0',10,7),(1715,'0',11,7),(1716,'4',12,7),(1717,'0',13,7),(1718,'0',14,7),(1719,'-2',15,7),(1720,'0',16,7),(1721,'0',17,7),(1722,'-2',18,7),(1723,'-3',19,7),(1724,'-3',20,7),(1725,'0',21,7),(1726,'0',22,7),(1727,'-3',23,7),(1728,'2',24,7),(1729,'-3',25,7),(1730,'-2',26,7),(1731,'0',27,7),(1732,'-3',28,7),(1733,'0',29,7),(1734,'-3',30,7),(1735,'-4',31,7),(1736,'-3',32,7),(1737,'0',33,7),(1738,'0',34,7),(1739,'0',35,7),(1740,'-3',36,7),(1741,'0',37,7),(1742,'-2',38,7),(1743,'0',39,7),(1744,'-3',40,7),(1745,'-4',41,7),(1746,'2',42,7),(1747,'0',43,7),(1748,'-4',44,7),(1749,'2',45,7),(1750,'-2',46,7),(1751,'-3',47,7),(1752,'-4',48,7),(1753,'-4',49,7),(1754,'0',50,7),(1755,'-2',51,7),(1756,'4',52,7),(1757,'0',53,7),(1758,'0',54,7),(1759,'-2',55,7),(1760,'2',56,7),(1761,'0',57,7),(1762,'3',58,7),(1763,'0',59,7),(1764,'-2',60,7),(1765,'-3',61,7),(1766,'0',62,7),(1767,'0',63,7),(1768,'-2',64,7),(1769,'0',65,7),(1770,'0',66,7),(1771,'2',67,7),(1772,'0',68,7),(1773,'-3',69,7),(1774,'0',70,7),(1775,'-3',71,7),(1776,'1',72,7),(1777,'-4',73,7),(1778,'0',74,7),(1779,'0',75,7),(1780,'-2',76,7),(1781,'0',77,7),(1782,'-2',78,7),(1783,'0',79,7),(1784,'-2',80,7),(1785,'2',81,7),(1786,'0',82,7),(1787,'3',83,7),(1788,'-4',84,7),(1789,'0',85,7),(1790,'2',86,7),(1791,'2',87,7),(1792,'-3',88,7),(1793,'-2',89,7),(1794,'0',90,7),(1795,'3',91,7),(1796,'0',92,7),(1797,'0',93,7),(1798,'-2',94,7),(1799,'0',95,7),(1800,'-3',96,7),(1801,'-3',97,7),(1802,'-3',98,7),(1803,'0',99,7),(1804,'-4',100,7),(1805,'-2',101,7),(1806,'0',102,7),(1807,'-3',103,7),(1808,'0',104,7),(1809,'0',105,7),(1810,'0',106,7),(1811,'4',107,7),(1812,'-3',108,7),(1813,'4',109,7),(1814,'0',110,7),(1815,'-2',111,7),(1816,'-3',112,7),(1817,'-3',113,7),(1818,'-2',114,7),(1819,'0',115,7),(1820,'0',116,7),(1821,'0',117,7),(1822,'0',118,7),(1823,'-4',119,7),(1824,'-1',120,7),(1825,'0',121,7),(1826,'4',122,7),(1827,'-2',123,7),(1828,'0',124,7),(1829,'0',125,7),(1830,'0',126,7),(1831,'0',127,7),(1832,'0',128,7),(1833,'0',129,7),(1834,'0',130,7),(1835,'-4',131,7),(1836,'-4',132,7),(1837,'0',133,7),(1838,'-3',134,7),(1839,'0',135,7),(1840,'0',136,7),(1841,'0',137,7),(1842,'2',138,7),(1843,'0',139,7),(1844,'0',140,7),(1845,'0',141,7),(1846,'-2',142,7),(1847,'0',143,7),(1848,'-2',144,7),(1849,'-3',145,7),(1850,'-2',146,7),(1851,'-4',147,7),(1852,'0',148,7),(1853,'-2',149,7),(1854,'-2',150,7),(1855,'0',151,7),(1856,'-2',152,7),(1857,'4',153,7),(1858,'0',154,7),(1859,'-2',155,7),(1860,'0',156,7),(1861,'-2',157,7),(1862,'3',158,7),(1863,'-4',159,7),(1864,'-2',160,7),(1865,'-3',161,7),(1866,'-2',162,7),(1867,'-2',163,7),(1868,'2',164,7),(1869,'-3',165,7),(1870,'0',166,7),(1871,'-2',167,7),(1872,'0',168,7),(1873,'-2',169,7),(1874,'-3',170,7),(1875,'-3',171,7),(1876,'0',172,7),(1877,'2',173,7),(1878,'0',174,7),(1879,'-3',175,7),(1880,'0',176,7),(1881,'0',177,7),(1882,'0',178,7),(1883,'-2',179,7),(1884,'0',180,7),(1885,'0',181,7),(1886,'-3',182,7),(1887,'0',183,7),(1888,'0',184,7),(1889,'-4',185,7),(1890,'0',186,7),(1891,'-2',187,7),(1892,'-2',188,7),(1893,'-4',189,7),(1894,'-3',190,7),(1895,'-4',191,7),(1896,'-4',192,7),(1897,'-4',193,7),(1898,'0',194,7),(1899,'0',195,7),(1900,'0',196,7),(1901,'-2',197,7),(1902,'-2',198,7),(1903,'-4',199,7),(1904,'-2',200,7),(1905,'2',201,7),(1906,'-2',202,7),(1907,'-2',203,7),(1908,'-3',204,7),(1909,'-2',205,7),(1910,'0',206,7),(1911,'-3',207,7),(1912,'-4',208,7),(1913,'0',209,7),(1914,'-4',210,7),(1915,'-2',211,7),(1916,'3',212,7),(1917,'4',213,7),(1918,'2',214,7),(1919,'0',215,7),(1920,'-4',216,7),(1921,'-3',217,7),(1922,'0',218,7),(1923,'-2',219,7),(1924,'0',220,7),(1925,'0',221,7),(1926,'-2',222,7),(1927,'0',223,7),(1928,'0',224,7),(1929,'0',225,7),(1930,'0',226,7),(1931,'-2',227,7),(1932,'-2',228,7),(1933,'0',229,7),(1934,'0',230,7),(1935,'0',231,7),(1936,'-3',232,7),(1937,'0',233,7),(1938,'0',234,7),(1939,'-2',235,7),(1940,'0',236,7),(1941,'0',237,7),(1942,'0',238,7),(1943,'0',239,7),(1944,'-4',240,7),(1945,'0',241,7),(1946,'0',242,7),(1947,'0',243,7),(1948,'0',244,7),(1949,'0',245,7),(1950,'0',246,7),(1951,'-2',247,7),(1952,'-4',248,7),(1953,'0',249,7),(1954,'-2',250,7),(1955,'-2',251,7),(1956,'-2',252,7),(1957,'0',253,7),(1958,'4',254,7),(1959,'-3',255,7),(1960,'-3',256,7),(1961,'-3',257,7),(1962,'-3',258,7),(1963,'0',259,7),(1964,'-2',260,7),(1965,'-2',261,7),(1966,'-4',262,7),(1967,'0',263,7),(1968,'-4',264,7),(1969,'0',265,7),(1970,'4',266,7),(1971,'0',267,7),(1972,'0',268,7),(1973,'-3',269,7),(1974,'-2',270,7),(1975,'0',1,8),(1976,'0',2,8),(1977,'-3',3,8),(1978,'-2',4,8),(1979,'-2',5,8),(1980,'0',6,8),(1981,'0',7,8),(1982,'0',8,8),(1983,'0',9,8),(1984,'0',10,8),(1985,'2',11,8),(1986,'3',12,8),(1987,'0',13,8),(1988,'0',14,8),(1989,'-3',15,8),(1990,'3',16,8),(1991,'0',17,8),(1992,'-3',18,8),(1993,'-3',19,8),(1994,'-3',20,8),(1995,'-2',21,8),(1996,'-3',22,8),(1997,'0',23,8),(1998,'-2',24,8),(1999,'-3',25,8),(2000,'-2',26,8),(2001,'-3',27,8),(2002,'-4',28,8),(2003,'-3',29,8),(2004,'-4',30,8),(2005,'-4',31,8),(2006,'-3',32,8),(2007,'-2',33,8),(2008,'0',34,8),(2009,'-2',35,8),(2010,'-4',36,8),(2011,'2',37,8),(2012,'-3',38,8),(2013,'-2',39,8),(2014,'-4',40,8),(2015,'-4',41,8),(2016,'-3',42,8),(2017,'-4',43,8),(2018,'-4',44,8),(2019,'-2',45,8),(2020,'-2',46,8),(2021,'-4',47,8),(2022,'-4',48,8),(2023,'-4',49,8),(2024,'-3',50,8),(2025,'-2',51,8),(2026,'1',52,8),(2027,'0',53,8),(2028,'-2',54,8),(2029,'-2',55,8),(2030,'2',56,8),(2031,'0',57,8),(2032,'3',58,8),(2033,'-2',59,8),(2034,'-4',60,8),(2035,'-4',61,8),(2036,'0',62,8),(2037,'-2',63,8),(2038,'0',64,8),(2039,'-2',65,8),(2040,'-2',66,8),(2041,'2',67,8),(2042,'-2',68,8),(2043,'-3',69,8),(2044,'-2',70,8),(2045,'-3',71,8),(2046,'1',72,8),(2047,'-4',73,8),(2048,'-2',74,8),(2049,'-2',75,8),(2050,'-1',76,8),(2051,'0',77,8),(2052,'-4',78,8),(2053,'-2',79,8),(2054,'-2',80,8),(2055,'2',81,8),(2056,'-3',82,8),(2057,'3',83,8),(2058,'-4',84,8),(2059,'-1',85,8),(2060,'-2',86,8),(2061,'3',87,8),(2062,'-4',88,8),(2063,'-2',89,8),(2064,'-2',90,8),(2065,'0',91,8),(2066,'-1',92,8),(2067,'0',93,8),(2068,'-4',94,8),(2069,'-4',95,8),(2070,'-4',96,8),(2071,'-4',97,8),(2072,'-3',98,8),(2073,'-3',99,8),(2074,'-4',100,8),(2075,'0',101,8),(2076,'0',102,8),(2077,'-1',103,8),(2078,'-3',104,8),(2079,'0',105,8),(2080,'-2',106,8),(2081,'1',107,8),(2082,'-4',108,8),(2083,'2',109,8),(2084,'0',110,8),(2085,'-2',111,8),(2086,'-4',112,8),(2087,'-1',113,8),(2088,'-3',114,8),(2089,'-4',115,8),(2090,'-3',116,8),(2091,'0',117,8),(2092,'0',118,8),(2093,'-4',119,8),(2094,'-1',120,8),(2095,'-2',121,8),(2096,'-4',122,8),(2097,'-2',123,8),(2098,'-3',124,8),(2099,'-4',125,8),(2100,'-2',126,8),(2101,'-3',127,8),(2102,'2',128,8),(2103,'-4',129,8),(2104,'0',130,8),(2105,'-4',131,8),(2106,'-4',132,8),(2107,'-3',133,8),(2108,'-3',134,8),(2109,'-4',135,8),(2110,'0',136,8),(2111,'0',137,8),(2112,'-2',138,8),(2113,'0',139,8),(2114,'0',140,8),(2115,'0',141,8),(2116,'-4',142,8),(2117,'-2',143,8),(2118,'-4',144,8),(2119,'-3',145,8),(2120,'-2',146,8),(2121,'-4',147,8),(2122,'0',148,8),(2123,'-4',149,8),(2124,'-2',150,8),(2125,'-2',151,8),(2126,'-4',152,8),(2127,'0',153,8),(2128,'-3',154,8),(2129,'-4',155,8),(2130,'-4',156,8),(2131,'-2',157,8),(2132,'0',158,8),(2133,'-4',159,8),(2134,'-4',160,8),(2135,'-3',161,8),(2136,'-2',162,8),(2137,'-4',163,8),(2138,'3',164,8),(2139,'-4',165,8),(2140,'-2',166,8),(2141,'-4',167,8),(2142,'-3',168,8),(2143,'-3',169,8),(2144,'-4',170,8),(2145,'-4',171,8),(2146,'-2',172,8),(2147,'-3',173,8),(2148,'-3',174,8),(2149,'-3',175,8),(2150,'0',176,8),(2151,'-2',177,8),(2152,'3',178,8),(2153,'-3',179,8),(2154,'-3',180,8),(2155,'-2',181,8),(2156,'-3',182,8),(2157,'-3',183,8),(2158,'0',184,8),(2159,'-4',185,8),(2160,'0',186,8),(2161,'0',187,8),(2162,'-4',188,8),(2163,'-4',189,8),(2164,'-3',190,8),(2165,'-4',191,8),(2166,'-4',192,8),(2167,'-4',193,8),(2168,'-2',194,8),(2169,'-2',195,8),(2170,'-3',196,8),(2171,'-2',197,8),(2172,'-3',198,8),(2173,'-4',199,8),(2174,'-3',200,8),(2175,'3',201,8),(2176,'-3',202,8),(2177,'-2',203,8),(2178,'-4',204,8),(2179,'-2',205,8),(2180,'0',206,8),(2181,'-3',207,8),(2182,'-4',208,8),(2183,'0',209,8),(2184,'-4',210,8),(2185,'-2',211,8),(2186,'0',212,8),(2187,'3',213,8),(2188,'0',214,8),(2189,'-2',215,8),(2190,'-4',216,8),(2191,'-3',217,8),(2192,'-2',218,8),(2193,'-2',219,8),(2194,'-3',220,8),(2195,'0',221,8),(2196,'0',222,8),(2197,'0',223,8),(2198,'0',224,8),(2199,'0',225,8),(2200,'-4',226,8),(2201,'-2',227,8),(2202,'-2',228,8),(2203,'-3',229,8),(2204,'0',230,8),(2205,'0',231,8),(2206,'-4',232,8),(2207,'-2',233,8),(2208,'0',234,8),(2209,'-3',235,8),(2210,'-3',236,8),(2211,'0',237,8),(2212,'0',238,8),(2213,'0',239,8),(2214,'-4',240,8),(2215,'0',241,8),(2216,'-2',242,8),(2217,'-2',243,8),(2218,'-4',244,8),(2219,'0',245,8),(2220,'-3',246,8),(2221,'-2',247,8),(2222,'-4',248,8),(2223,'0',249,8),(2224,'-3',250,8),(2225,'-2',251,8),(2226,'-2',252,8),(2227,'0',253,8),(2228,'-3',254,8),(2229,'-3',255,8),(2230,'-3',256,8),(2231,'-3',257,8),(2232,'-3',258,8),(2233,'0',259,8),(2234,'-3',260,8),(2235,'-3',261,8),(2236,'-4',262,8),(2237,'0',263,8),(2238,'-4',264,8),(2239,'-3',265,8),(2240,'0',266,8),(2241,'0',267,8),(2242,'2',268,8),(2243,'-3',269,8),(2244,'0',270,8),(2245,'3',1,9),(2246,'0',2,9),(2247,'3',3,9),(2248,'2',4,9),(2249,'2',5,9),(2250,'0',6,9),(2251,'0',7,9),(2252,'3',8,9),(2253,'0',9,9),(2254,'0',10,9),(2255,'0',11,9),(2256,'0',12,9),(2257,'0',13,9),(2258,'3',14,9),(2259,'2',15,9),(2260,'2',16,9),(2261,'3',17,9),(2262,'4',18,9),(2263,'3',19,9),(2264,'-3',20,9),(2265,'0',21,9),(2266,'0',22,9),(2267,'3',23,9),(2268,'-2',24,9),(2269,'2',25,9),(2270,'-2',26,9),(2271,'3',27,9),(2272,'0',28,9),(2273,'0',29,9),(2274,'2',30,9),(2275,'1',31,9),(2276,'4',32,9),(2277,'0',33,9),(2278,'0',34,9),(2279,'3',35,9),(2280,'4',36,9),(2281,'2',37,9),(2282,'-2',38,9),(2283,'2',39,9),(2284,'3',40,9),(2285,'4',41,9),(2286,'4',42,9),(2287,'2',43,9),(2288,'4',44,9),(2289,'4',45,9),(2290,'2',46,9),(2291,'3',47,9),(2292,'1',48,9),(2293,'-1',49,9),(2294,'3',50,9),(2295,'2',51,9),(2296,'-4',52,9),(2297,'3',53,9),(2298,'4',54,9),(2299,'-2',55,9),(2300,'-2',56,9),(2301,'0',57,9),(2302,'0',58,9),(2303,'3',59,9),(2304,'3',60,9),(2305,'3',61,9),(2306,'0',62,9),(2307,'4',63,9),(2308,'3',64,9),(2309,'4',65,9),(2310,'0',66,9),(2311,'2',67,9),(2312,'3',68,9),(2313,'0',69,9),(2314,'0',70,9),(2315,'4',71,9),(2316,'1',72,9),(2317,'4',73,9),(2318,'2',74,9),(2319,'4',75,9),(2320,'3',76,9),(2321,'2',77,9),(2322,'-2',78,9),(2323,'2',79,9),(2324,'2',80,9),(2325,'2',81,9),(2326,'4',82,9),(2327,'3',83,9),(2328,'-4',84,9),(2329,'-1',85,9),(2330,'3',86,9),(2331,'-2',87,9),(2332,'1',88,9),(2333,'2',89,9),(2334,'2',90,9),(2335,'-2',91,9),(2336,'4',92,9),(2337,'2',93,9),(2338,'-2',94,9),(2339,'0',95,9),(2340,'1',96,9),(2341,'3',97,9),(2342,'-3',98,9),(2343,'0',99,9),(2344,'4',100,9),(2345,'0',101,9),(2346,'0',102,9),(2347,'4',103,9),(2348,'2',104,9),(2349,'2',105,9),(2350,'4',106,9),(2351,'3',107,9),(2352,'-3',108,9),(2353,'0',109,9),(2354,'0',110,9),(2355,'-2',111,9),(2356,'0',112,9),(2357,'3',113,9),(2358,'2',114,9),(2359,'4',115,9),(2360,'4',116,9),(2361,'3',117,9),(2362,'0',118,9),(2363,'-1',119,9),(2364,'1',120,9),(2365,'2',121,9),(2366,'-1',122,9),(2367,'0',123,9),(2368,'0',124,9),(2369,'4',125,9),(2370,'3',126,9),(2371,'0',127,9),(2372,'2',128,9),(2373,'0',129,9),(2374,'3',130,9),(2375,'1',131,9),(2376,'4',132,9),(2377,'3',133,9),(2378,'3',134,9),(2379,'0',135,9),(2380,'4',136,9),(2381,'0',137,9),(2382,'-2',138,9),(2383,'0',139,9),(2384,'0',140,9),(2385,'0',141,9),(2386,'4',142,9),(2387,'4',143,9),(2388,'4',144,9),(2389,'0',145,9),(2390,'2',146,9),(2391,'1',147,9),(2392,'0',148,9),(2393,'4',149,9),(2394,'2',150,9),(2395,'3',151,9),(2396,'0',152,9),(2397,'0',153,9),(2398,'0',154,9),(2399,'2',155,9),(2400,'0',156,9),(2401,'-2',157,9),(2402,'0',158,9),(2403,'1',159,9),(2404,'-3',160,9),(2405,'0',161,9),(2406,'2',162,9),(2407,'2',163,9),(2408,'2',164,9),(2409,'4',165,9),(2410,'0',166,9),(2411,'-3',167,9),(2412,'0',168,9),(2413,'2',169,9),(2414,'-3',170,9),(2415,'4',171,9),(2416,'0',172,9),(2417,'2',173,9),(2418,'0',174,9),(2419,'1',175,9),(2420,'0',176,9),(2421,'-2',177,9),(2422,'4',178,9),(2423,'2',179,9),(2424,'0',180,9),(2425,'0',181,9),(2426,'0',182,9),(2427,'0',183,9),(2428,'0',184,9),(2429,'-1',185,9),(2430,'0',186,9),(2431,'2',187,9),(2432,'-3',188,9),(2433,'2',189,9),(2434,'3',190,9),(2435,'-4',191,9),(2436,'4',192,9),(2437,'4',193,9),(2438,'0',194,9),(2439,'3',195,9),(2440,'0',196,9),(2441,'-2',197,9),(2442,'2',198,9),(2443,'4',199,9),(2444,'0',200,9),(2445,'-2',201,9),(2446,'2',202,9),(2447,'-2',203,9),(2448,'0',204,9),(2449,'2',205,9),(2450,'0',206,9),(2451,'0',207,9),(2452,'-1',208,9),(2453,'0',209,9),(2454,'-1',210,9),(2455,'2',211,9),(2456,'3',212,9),(2457,'3',213,9),(2458,'0',214,9),(2459,'0',215,9),(2460,'4',216,9),(2461,'3',217,9),(2462,'0',218,9),(2463,'3',219,9),(2464,'2',220,9),(2465,'4',221,9),(2466,'3',222,9),(2467,'0',223,9),(2468,'2',224,9),(2469,'0',225,9),(2470,'0',226,9),(2471,'2',227,9),(2472,'2',228,9),(2473,'4',229,9),(2474,'0',230,9),(2475,'0',231,9),(2476,'-3',232,9),(2477,'0',233,9),(2478,'0',234,9),(2479,'-3',235,9),(2480,'4',236,9),(2481,'0',237,9),(2482,'0',238,9),(2483,'-2',239,9),(2484,'-1',240,9),(2485,'3',241,9),(2486,'0',242,9),(2487,'0',243,9),(2488,'0',244,9),(2489,'2',245,9),(2490,'2',246,9),(2491,'0',247,9),(2492,'3',248,9),(2493,'3',249,9),(2494,'4',250,9),(2495,'2',251,9),(2496,'2',252,9),(2497,'0',253,9),(2498,'3',254,9),(2499,'0',255,9),(2500,'0',256,9),(2501,'3',257,9),(2502,'3',258,9),(2503,'0',259,9),(2504,'2',260,9),(2505,'2',261,9),(2506,'4',262,9),(2507,'0',263,9),(2508,'4',264,9),(2509,'0',265,9),(2510,'3',266,9),(2511,'2',267,9),(2512,'3',268,9),(2513,'3',269,9),(2514,'2',270,9),(2515,'0',1,10),(2516,'-3',2,10),(2517,'3',3,10),(2518,'-2',4,10),(2519,'2',5,10),(2520,'0',6,10),(2521,'0',7,10),(2522,'0',8,10),(2523,'0',9,10),(2524,'0',10,10),(2525,'-2',11,10),(2526,'-4',12,10),(2527,'0',13,10),(2528,'0',14,10),(2529,'-2',15,10),(2530,'0',16,10),(2531,'0',17,10),(2532,'2',18,10),(2533,'-3',19,10),(2534,'-1',20,10),(2535,'-2',21,10),(2536,'-2',22,10),(2537,'3',23,10),(2538,'-3',24,10),(2539,'-2',25,10),(2540,'-3',26,10),(2541,'0',27,10),(2542,'-3',28,10),(2543,'0',29,10),(2544,'-1',30,10),(2545,'-1',31,10),(2546,'4',32,10),(2547,'0',33,10),(2548,'0',34,10),(2549,'2',35,10),(2550,'-3',36,10),(2551,'0',37,10),(2552,'0',38,10),(2553,'2',39,10),(2554,'-1',40,10),(2555,'1',41,10),(2556,'-1',42,10),(2557,'-2',43,10),(2558,'4',44,10),(2559,'-2',45,10),(2560,'0',46,10),(2561,'0',47,10),(2562,'1',48,10),(2563,'-1',49,10),(2564,'0',50,10),(2565,'2',51,10),(2566,'-4',52,10),(2567,'0',53,10),(2568,'-2',54,10),(2569,'-2',55,10),(2570,'-2',56,10),(2571,'-3',57,10),(2572,'-3',58,10),(2573,'0',59,10),(2574,'0',60,10),(2575,'-3',61,10),(2576,'0',62,10),(2577,'0',63,10),(2578,'-2',64,10),(2579,'0',65,10),(2580,'0',66,10),(2581,'-2',67,10),(2582,'-3',68,10),(2583,'2',69,10),(2584,'-2',70,10),(2585,'-3',71,10),(2586,'-4',72,10),(2587,'1',73,10),(2588,'2',74,10),(2589,'0',75,10),(2590,'-3',76,10),(2591,'0',77,10),(2592,'2',78,10),(2593,'0',79,10),(2594,'3',80,10),(2595,'-2',81,10),(2596,'0',82,10),(2597,'-4',83,10),(2598,'1',84,10),(2599,'1',85,10),(2600,'2',86,10),(2601,'-3',87,10),(2602,'-4',88,10),(2603,'2',89,10),(2604,'0',90,10),(2605,'-3',91,10),(2606,'-1',92,10),(2607,'0',93,10),(2608,'-2',94,10),(2609,'-2',95,10),(2610,'0',96,10),(2611,'3',97,10),(2612,'-3',98,10),(2613,'3',99,10),(2614,'4',100,10),(2615,'3',101,10),(2616,'2',102,10),(2617,'-4',103,10),(2618,'0',104,10),(2619,'-3',105,10),(2620,'3',106,10),(2621,'-4',107,10),(2622,'3',108,10),(2623,'-4',109,10),(2624,'0',110,10),(2625,'0',111,10),(2626,'3',112,10),(2627,'-1',113,10),(2628,'3',114,10),(2629,'0',115,10),(2630,'0',116,10),(2631,'0',117,10),(2632,'0',118,10),(2633,'4',119,10),(2634,'1',120,10),(2635,'-2',121,10),(2636,'-4',122,10),(2637,'0',123,10),(2638,'0',124,10),(2639,'0',125,10),(2640,'1',126,10),(2641,'2',127,10),(2642,'0',128,10),(2643,'3',129,10),(2644,'0',130,10),(2645,'-1',131,10),(2646,'4',132,10),(2647,'0',133,10),(2648,'0',134,10),(2649,'0',135,10),(2650,'2',136,10),(2651,'0',137,10),(2652,'-2',138,10),(2653,'0',139,10),(2654,'0',140,10),(2655,'-2',141,10),(2656,'2',142,10),(2657,'0',143,10),(2658,'2',144,10),(2659,'-1',145,10),(2660,'-3',146,10),(2661,'4',147,10),(2662,'0',148,10),(2663,'2',149,10),(2664,'-3',150,10),(2665,'0',151,10),(2666,'-1',152,10),(2667,'0',153,10),(2668,'0',154,10),(2669,'-3',155,10),(2670,'4',156,10),(2671,'0',157,10),(2672,'-2',158,10),(2673,'1',159,10),(2674,'0',160,10),(2675,'-1',161,10),(2676,'-3',162,10),(2677,'0',163,10),(2678,'-3',164,10),(2679,'1',165,10),(2680,'0',166,10),(2681,'0',167,10),(2682,'-3',168,10),(2683,'-3',169,10),(2684,'3',170,10),(2685,'4',171,10),(2686,'-2',172,10),(2687,'3',173,10),(2688,'0',174,10),(2689,'1',175,10),(2690,'0',176,10),(2691,'-2',177,10),(2692,'-3',178,10),(2693,'2',179,10),(2694,'0',180,10),(2695,'2',181,10),(2696,'0',182,10),(2697,'0',183,10),(2698,'0',184,10),(2699,'1',185,10),(2700,'0',186,10),(2701,'2',187,10),(2702,'-3',188,10),(2703,'1',189,10),(2704,'3',190,10),(2705,'-4',191,10),(2706,'1',192,10),(2707,'4',193,10),(2708,'0',194,10),(2709,'-1',195,10),(2710,'0',196,10),(2711,'-2',197,10),(2712,'2',198,10),(2713,'4',199,10),(2714,'0',200,10),(2715,'-3',201,10),(2716,'-2',202,10),(2717,'2',203,10),(2718,'-3',204,10),(2719,'-2',205,10),(2720,'-4',206,10),(2721,'3',207,10),(2722,'4',208,10),(2723,'0',209,10),(2724,'1',210,10),(2725,'-2',211,10),(2726,'-3',212,10),(2727,'-4',213,10),(2728,'-2',214,10),(2729,'2',215,10),(2730,'-1',216,10),(2731,'3',217,10),(2732,'0',218,10),(2733,'2',219,10),(2734,'0',220,10),(2735,'0',221,10),(2736,'0',222,10),(2737,'0',223,10),(2738,'-2',224,10),(2739,'0',225,10),(2740,'-2',226,10),(2741,'-2',227,10),(2742,'0',228,10),(2743,'-2',229,10),(2744,'-2',230,10),(2745,'0',231,10),(2746,'0',232,10),(2747,'0',233,10),(2748,'0',234,10),(2749,'0',235,10),(2750,'2',236,10),(2751,'0',237,10),(2752,'-3',238,10),(2753,'-2',239,10),(2754,'-1',240,10),(2755,'2',241,10),(2756,'-2',242,10),(2757,'-3',243,10),(2758,'0',244,10),(2759,'0',245,10),(2760,'2',246,10),(2761,'-2',247,10),(2762,'0',248,10),(2763,'3',249,10),(2764,'-2',250,10),(2765,'2',251,10),(2766,'0',252,10),(2767,'-4',253,10),(2768,'-4',254,10),(2769,'-3',255,10),(2770,'3',256,10),(2771,'0',257,10),(2772,'0',258,10),(2773,'0',259,10),(2774,'-2',260,10),(2775,'0',261,10),(2776,'1',262,10),(2777,'-2',263,10),(2778,'4',264,10),(2779,'0',265,10),(2780,'-4',266,10),(2781,'2',267,10),(2782,'-2',268,10),(2783,'-3',269,10),(2784,'-3',270,10);
/*!40000 ALTER TABLE `keyword_measures` ENABLE KEYS */;
UNLOCK TABLES;

--
-- Table structure for table `keyword_research`
--

DROP TABLE IF EXISTS `keyword_research`;
/*!40101 SET @saved_cs_client     = @@character_set_client */;
/*!50503 SET character_set_client = utf8mb4 */;
CREATE TABLE `keyword_research` (
  `keyword_research_id` bigint NOT NULL AUTO_INCREMENT,
  `average` float NOT NULL,
  `gender` varchar(255) COLLATE utf8mb4_0900_as_cs NOT NULL,
  `std` float NOT NULL,
  `keyword_id` bigint DEFAULT NULL,
  PRIMARY KEY (`keyword_research_id`),
  KEY `FK8gko33173irtl9lmpaof33od3` (`keyword_id`),
  CONSTRAINT `FK8gko33173irtl9lmpaof33od3` FOREIGN KEY (`keyword_id`) REFERENCES `keywords` (`keyword_id`)
) ENGINE=InnoDB AUTO_INCREMENT=21 DEFAULT CHARSET=utf8mb4 COLLATE=utf8mb4_0900_as_cs;
/*!40101 SET character_set_client = @saved_cs_client */;

--
-- Dumping data for table `keyword_research`
--

LOCK TABLES `keyword_research` WRITE;
/*!40000 ALTER TABLE `keyword_research` DISABLE KEYS */;
INSERT INTO `keyword_research` VALUES (1,6.1381,'M',0.695,1),(2,5.9171,'M',0.8,2),(3,5.3274,'M',0.796,3),(4,6.3274,'M',0.67,4),(5,5.9238,'M',0.768,5),(6,6.4904,'M',0.75,6),(7,5.8786,'M',0.88,7),(8,6.6295,'M',0.66,8),(9,6.1945,'M',0.75,9),(10,5.7633,'M',1.03,10),(11,6.4738,'F',0.753,1),(12,5.94,'F',0.795,2),(13,5.3007,'F',0.745,3),(14,6.4826,'F',0.686,4),(15,6.0472,'F',0.72,5),(16,6.359,'F',0.728,6),(17,5.8351,'F',0.89,7),(18,6.6229,'F',0.66,8),(19,6.1847,'F',0.75,9),(20,5.7305,'F',0.831,10);
/*!40000 ALTER TABLE `keyword_research` ENABLE KEYS */;
UNLOCK TABLES;

--
-- Table structure for table `keywords`
--

DROP TABLE IF EXISTS `keywords`;
/*!40101 SET @saved_cs_client     = @@character_set_client */;
/*!50503 SET character_set_client = utf8mb4 */;
CREATE TABLE `keywords` (
  `keyword_id` bigint NOT NULL AUTO_INCREMENT,
  `keyword_name` varchar(255) COLLATE utf8mb4_0900_as_cs NOT NULL,
  PRIMARY KEY (`keyword_id`)
) ENGINE=InnoDB AUTO_INCREMENT=11 DEFAULT CHARSET=utf8mb4 COLLATE=utf8mb4_0900_as_cs;
/*!40101 SET character_set_client = @saved_cs_client */;

--
-- Dumping data for table `keywords`
--

LOCK TABLES `keywords` WRITE;
/*!40000 ALTER TABLE `keywords` DISABLE KEYS */;
INSERT INTO `keywords` VALUES (1,'안정'),(2,'규범'),(3,'전통'),(4,'애정'),(5,'박애'),(6,'자율'),(7,'재미'),(8,'쾌락'),(9,'성취'),(10,'지위');
/*!40000 ALTER TABLE `keywords` ENABLE KEYS */;
UNLOCK TABLES;

--
-- Table structure for table `similar_companies`
--

DROP TABLE IF EXISTS `similar_companies`;
/*!40101 SET @saved_cs_client     = @@character_set_client */;
/*!50503 SET character_set_client = utf8mb4 */;
CREATE TABLE `similar_companies` (
  `similar_company_id` bigint NOT NULL AUTO_INCREMENT,
  `comparable_score` varchar(255) COLLATE utf8mb4_0900_as_cs DEFAULT NULL,
  `company_id` bigint DEFAULT NULL,
  `comparable_company_id` bigint DEFAULT NULL,
  PRIMARY KEY (`similar_company_id`),
  KEY `FK1kmbkcakrhdmmeadnn880tysp` (`company_id`),
  KEY `FKbll55opo3tynsqys75vxbb2uy` (`comparable_company_id`),
  CONSTRAINT `FK1kmbkcakrhdmmeadnn880tysp` FOREIGN KEY (`company_id`) REFERENCES `companies` (`company_id`),
  CONSTRAINT `FKbll55opo3tynsqys75vxbb2uy` FOREIGN KEY (`comparable_company_id`) REFERENCES `companies` (`company_id`)
) ENGINE=InnoDB AUTO_INCREMENT=6 DEFAULT CHARSET=utf8mb4 COLLATE=utf8mb4_0900_as_cs;
/*!40101 SET character_set_client = @saved_cs_client */;

--
-- Dumping data for table `similar_companies`
--

LOCK TABLES `similar_companies` WRITE;
/*!40000 ALTER TABLE `similar_companies` DISABLE KEYS */;
INSERT INTO `similar_companies` VALUES (1,'0.76',1,2),(2,'0.38',1,3),(3,'0.57',2,3);
/*!40000 ALTER TABLE `similar_companies` ENABLE KEYS */;
UNLOCK TABLES;

--
-- Table structure for table `survey_keywords`
--

DROP TABLE IF EXISTS `survey_keywords`;
/*!40101 SET @saved_cs_client     = @@character_set_client */;
/*!50503 SET character_set_client = utf8mb4 */;
CREATE TABLE `survey_keywords` (
  `survey_keyword_id` bigint NOT NULL AUTO_INCREMENT,
  `score` varchar(255) COLLATE utf8mb4_0900_as_cs NOT NULL,
  `survey_score_id` bigint DEFAULT NULL,
  PRIMARY KEY (`survey_keyword_id`),
  KEY `FK4q19l7k8bpu730avt19x6ure2` (`survey_score_id`),
  CONSTRAINT `FK4q19l7k8bpu730avt19x6ure2` FOREIGN KEY (`survey_score_id`) REFERENCES `survey_scores` (`survey_score_id`)
) ENGINE=InnoDB DEFAULT CHARSET=utf8mb4 COLLATE=utf8mb4_0900_as_cs;
/*!40101 SET character_set_client = @saved_cs_client */;

--
-- Dumping data for table `survey_keywords`
--

LOCK TABLES `survey_keywords` WRITE;
/*!40000 ALTER TABLE `survey_keywords` DISABLE KEYS */;
/*!40000 ALTER TABLE `survey_keywords` ENABLE KEYS */;
UNLOCK TABLES;

--
-- Table structure for table `survey_scores`
--

DROP TABLE IF EXISTS `survey_scores`;
/*!40101 SET @saved_cs_client     = @@character_set_client */;
/*!50503 SET character_set_client = utf8mb4 */;
CREATE TABLE `survey_scores` (
  `survey_score_id` bigint NOT NULL AUTO_INCREMENT,
  `survey_score_rank` varchar(255) COLLATE utf8mb4_0900_as_cs DEFAULT NULL,
  `score` varchar(255) COLLATE utf8mb4_0900_as_cs NOT NULL,
  `company_id` bigint DEFAULT NULL,
  `result_id` bigint DEFAULT NULL,
  PRIMARY KEY (`survey_score_id`),
  KEY `FKoqry9hmi92nt3d1mfwqebq1uj` (`company_id`),
  KEY `FKla2e4dfrth3r1ejv6dypfooau` (`result_id`),
  CONSTRAINT `FKla2e4dfrth3r1ejv6dypfooau` FOREIGN KEY (`result_id`) REFERENCES `results` (`result_id`),
  CONSTRAINT `FKoqry9hmi92nt3d1mfwqebq1uj` FOREIGN KEY (`company_id`) REFERENCES `companies` (`company_id`)
) ENGINE=InnoDB AUTO_INCREMENT=703 DEFAULT CHARSET=utf8mb4 COLLATE=utf8mb4_0900_as_cs;
/*!40101 SET character_set_client = @saved_cs_client */;

--
-- Dumping data for table `survey_scores`
--

LOCK TABLES `survey_scores` WRITE;
/*!40000 ALTER TABLE `survey_scores` DISABLE KEYS */;
INSERT INTO `survey_scores` VALUES (7,'H','102.48978746084633',47,1348),(8,'H','101.70927185144625',31,1348),(9,'H','99.4176302362263',59,1348),(10,'T','-102.08961442816215',5,1348),(11,'T','-115.90749039827855',24,1348),(12,'T','-119.1904412332302',54,1348),(13,'H','102.48978746084633',47,1351),(14,'H','101.70927185144625',31,1351),(15,'H','99.4176302362263',59,1351),(16,'T','-102.08961442816215',5,1351),(17,'T','-115.90749039827855',24,1351),(18,'T','-119.1904412332302',54,1351),(19,'H','102.48978746084633',47,1352),(20,'H','101.70927185144625',31,1352),(21,'H','99.4176302362263',59,1352),(22,'T','-102.08961442816215',5,1352),(23,'T','-115.90749039827855',24,1352),(24,'T','-119.1904412332302',54,1352),(25,'H','102.48978746084633',47,1354),(26,'H','101.70927185144625',31,1354),(27,'H','99.4176302362263',59,1354),(28,'T','-102.08961442816215',5,1354),(29,'T','-115.90749039827855',24,1354),(30,'T','-119.1904412332302',54,1354),(31,'H','102.48978746084633',47,1356),(32,'H','101.70927185144625',31,1356),(33,'H','99.4176302362263',59,1356),(34,'T','-102.08961442816215',5,1356),(35,'T','-115.90749039827855',24,1356),(36,'T','-119.1904412332302',54,1356),(37,'H','102.48978746084633',47,1358),(38,'H','101.70927185144625',31,1358),(39,'H','99.4176302362263',59,1358),(40,'T','-102.08961442816215',5,1358),(41,'T','-115.90749039827855',24,1358),(42,'T','-119.1904412332302',54,1358),(43,'H','102.48978746084633',47,1359),(44,'H','101.70927185144625',31,1359),(45,'H','99.4176302362263',59,1359),(46,'T','-102.08961442816215',5,1359),(47,'T','-115.90749039827855',24,1359),(48,'T','-119.1904412332302',54,1359),(49,'H','102.48978746084633',47,1360),(50,'H','101.70927185144625',31,1360),(51,'H','99.4176302362263',59,1360),(52,'T','-102.08961442816215',5,1360),(53,'T','-115.90749039827855',24,1360),(54,'T','-119.1904412332302',54,1360),(55,'H','102.48978746084633',47,1361),(56,'H','101.70927185144625',31,1361),(57,'H','99.4176302362263',59,1361),(58,'T','-102.08961442816215',5,1361),(59,'T','-115.90749039827855',24,1361),(60,'T','-119.1904412332302',54,1361),(61,'H','102.48978746084633',47,1363),(62,'H','101.70927185144625',31,1363),(63,'H','99.4176302362263',59,1363),(64,'T','-102.08961442816215',5,1363),(65,'T','-115.90749039827855',24,1363),(66,'T','-119.1904412332302',54,1363),(67,'H','102.48978746084633',47,1364),(68,'H','101.70927185144625',31,1364),(69,'H','99.4176302362263',59,1364),(70,'T','-102.08961442816215',5,1364),(71,'T','-115.90749039827855',24,1364),(72,'T','-119.1904412332302',54,1364),(73,'H','102.48978746084633',47,1365),(74,'H','101.70927185144625',31,1365),(75,'H','99.4176302362263',59,1365),(76,'T','-102.08961442816215',5,1365),(77,'T','-115.90749039827855',24,1365),(78,'T','-119.1904412332302',54,1365),(79,'H','102.48978746084633',47,1366),(80,'H','101.70927185144625',31,1366),(81,'H','99.4176302362263',59,1366),(82,'T','-102.08961442816215',5,1366),(83,'T','-115.90749039827855',24,1366),(84,'T','-119.1904412332302',54,1366),(85,'H','102.48978746084633',47,1367),(86,'H','101.70927185144625',31,1367),(87,'H','99.4176302362263',59,1367),(88,'T','-102.08961442816215',5,1367),(89,'T','-115.90749039827855',24,1367),(90,'T','-119.1904412332302',54,1367),(91,'H','102.48978746084633',47,1368),(92,'H','101.70927185144625',31,1368),(93,'H','99.4176302362263',59,1368),(94,'T','-102.08961442816215',5,1368),(95,'T','-115.90749039827855',24,1368),(96,'T','-119.1904412332302',54,1368),(97,'H','102.48978746084633',47,1369),(98,'H','101.70927185144625',31,1369),(99,'H','99.4176302362263',59,1369),(100,'T','-102.08961442816215',5,1369),(101,'T','-115.90749039827855',24,1369),(102,'T','-119.1904412332302',54,1369),(103,'H','102.48978746084633',47,1370),(104,'H','101.70927185144625',31,1370),(105,'H','99.4176302362263',59,1370),(106,'T','-102.08961442816215',5,1370),(107,'T','-115.90749039827855',24,1370),(108,'T','-119.1904412332302',54,1370),(109,'H','102.48978746084633',47,1371),(110,'H','101.70927185144625',31,1371),(111,'H','99.4176302362263',59,1371),(112,'T','-102.08961442816215',5,1371),(113,'T','-115.90749039827855',24,1371),(114,'T','-119.1904412332302',54,1371),(115,'H','102.48978746084633',47,1372),(116,'H','101.70927185144625',31,1372),(117,'H','99.4176302362263',59,1372),(118,'T','-102.08961442816215',5,1372),(119,'T','-115.90749039827855',24,1372),(120,'T','-119.1904412332302',54,1372),(121,'H','102.48978746084633',47,1373),(122,'H','101.70927185144625',31,1373),(123,'H','99.4176302362263',59,1373),(124,'T','-102.08961442816215',5,1373),(125,'T','-115.90749039827855',24,1373),(126,'T','-119.1904412332302',54,1373),(127,'H','102.48978746084633',47,1374),(128,'H','101.70927185144625',31,1374),(129,'H','99.4176302362263',59,1374),(130,'T','-102.08961442816215',5,1374),(131,'T','-115.90749039827855',24,1374),(132,'T','-119.1904412332302',54,1374),(133,'H','102.48978746084633',47,1375),(134,'H','101.70927185144625',31,1375),(135,'H','99.4176302362263',59,1375),(136,'T','-102.08961442816215',5,1375),(137,'T','-115.90749039827855',24,1375),(138,'T','-119.1904412332302',54,1375),(139,'H','102.48978746084633',47,1376),(140,'H','101.70927185144625',31,1376),(141,'H','99.4176302362263',59,1376),(142,'T','-102.08961442816215',5,1376),(143,'T','-115.90749039827855',24,1376),(144,'T','-119.1904412332302',54,1376),(145,'H','102.48978746084633',47,1377),(146,'H','101.70927185144625',31,1377),(147,'H','99.4176302362263',59,1377),(148,'T','-102.08961442816215',5,1377),(149,'T','-115.90749039827855',24,1377),(150,'T','-119.1904412332302',54,1377),(151,'H','102.48978746084633',47,1378),(152,'H','101.70927185144625',31,1378),(153,'H','99.4176302362263',59,1378),(154,'T','-102.08961442816215',5,1378),(155,'T','-115.90749039827855',24,1378),(156,'T','-119.1904412332302',54,1378),(157,'H','102.48978746084633',47,1379),(158,'H','101.70927185144625',31,1379),(159,'H','99.4176302362263',59,1379),(160,'T','-102.08961442816215',5,1379),(161,'T','-115.90749039827855',24,1379),(162,'T','-119.1904412332302',54,1379),(163,'H','102.48978746084633',47,1380),(164,'H','101.70927185144625',31,1380),(165,'H','99.4176302362263',59,1380),(166,'T','-102.08961442816215',5,1380),(167,'T','-115.90749039827855',24,1380),(168,'T','-119.1904412332302',54,1380),(169,'H','102.48978746084633',47,1381),(170,'H','101.70927185144625',31,1381),(171,'H','99.4176302362263',59,1381),(172,'T','-102.08961442816215',5,1381),(173,'T','-115.90749039827855',24,1381),(174,'T','-119.1904412332302',54,1381),(175,'H','102.48978746084633',47,1382),(176,'H','101.70927185144625',31,1382),(177,'H','99.4176302362263',59,1382),(178,'T','-102.08961442816215',5,1382),(179,'T','-115.90749039827855',24,1382),(180,'T','-119.1904412332302',54,1382),(181,'H','109.17390403437975',47,1392),(182,'H','108.34248523306229',31,1392),(183,'H','105.90138872989324',59,1392),(184,'T','-108.74763276043362',5,1392),(185,'T','-123.46667455468803',24,1392),(186,'T','-126.96373087887565',54,1392),(187,'H','109.17390403437975',47,1393),(188,'H','108.34248523306229',31,1393),(189,'H','105.90138872989324',59,1393),(190,'T','-108.74763276043362',5,1393),(191,'T','-123.46667455468803',24,1393),(192,'T','-126.96373087887565',54,1393),(193,'H','102.48978746084633',47,1395),(194,'H','101.70927185144625',31,1395),(195,'H','99.4176302362263',59,1395),(196,'T','-102.08961442816215',5,1395),(197,'T','-115.90749039827855',24,1395),(198,'T','-119.1904412332302',54,1395),(199,'H','102.48978746084633',47,1397),(200,'H','101.70927185144625',31,1397),(201,'H','99.4176302362263',59,1397),(202,'T','-102.08961442816215',5,1397),(203,'T','-115.90749039827855',24,1397),(204,'T','-119.1904412332302',54,1397),(205,'H','102.48978746084633',47,1398),(206,'H','101.70927185144625',31,1398),(207,'H','99.4176302362263',59,1398),(208,'T','-102.08961442816215',5,1398),(209,'T','-115.90749039827855',24,1398),(210,'T','-119.1904412332302',54,1398),(211,'H','102.48978746084633',47,1400),(212,'H','101.70927185144625',31,1400),(213,'H','99.4176302362263',59,1400),(214,'T','-102.08961442816215',5,1400),(215,'T','-115.90749039827855',24,1400),(216,'T','-119.1904412332302',54,1400),(217,'H','102.48978746084633',47,1401),(218,'H','101.70927185144625',31,1401),(219,'H','99.4176302362263',59,1401),(220,'T','-102.08961442816215',5,1401),(221,'T','-115.90749039827855',24,1401),(222,'T','-119.1904412332302',54,1401),(223,'H','102.48978746084633',47,1402),(224,'H','101.70927185144625',31,1402),(225,'H','99.4176302362263',59,1402),(226,'T','-102.08961442816215',5,1402),(227,'T','-115.90749039827855',24,1402),(228,'T','-119.1904412332302',54,1402),(229,'H','102.48978746084633',47,1403),(230,'H','101.70927185144625',31,1403),(231,'H','99.4176302362263',59,1403),(232,'T','-102.08961442816215',5,1403),(233,'T','-115.90749039827855',24,1403),(234,'T','-119.1904412332302',54,1403),(235,'H','102.48978746084633',47,1404),(236,'H','101.70927185144625',31,1404),(237,'H','99.4176302362263',59,1404),(238,'T','-102.08961442816215',5,1404),(239,'T','-115.90749039827855',24,1404),(240,'T','-119.1904412332302',54,1404),(241,'H','102.48978746084633',47,1405),(242,'H','101.70927185144625',31,1405),(243,'H','99.4176302362263',59,1405),(244,'T','-102.08961442816215',5,1405),(245,'T','-115.90749039827855',24,1405),(246,'T','-119.1904412332302',54,1405),(247,'H','102.48978746084633',47,1406),(248,'H','101.70927185144625',31,1406),(249,'H','99.4176302362263',59,1406),(250,'T','-102.08961442816215',5,1406),(251,'T','-115.90749039827855',24,1406),(252,'T','-119.1904412332302',54,1406),(253,'H','102.48978746084633',47,1407),(254,'H','101.70927185144625',31,1407),(255,'H','99.4176302362263',59,1407),(256,'T','-102.08961442816215',5,1407),(257,'T','-115.90749039827855',24,1407),(258,'T','-119.1904412332302',54,1407),(259,'H','102.48978746084633',47,1409),(260,'H','101.70927185144625',31,1409),(261,'H','99.4176302362263',59,1409),(262,'T','-102.08961442816215',5,1409),(263,'T','-115.90749039827855',24,1409),(264,'T','-119.1904412332302',54,1409),(265,'H','102.48978746084633',47,1410),(266,'H','101.70927185144625',31,1410),(267,'H','99.4176302362263',59,1410),(268,'T','-102.08961442816215',5,1410),(269,'T','-115.90749039827855',24,1410),(270,'T','-119.1904412332302',54,1410),(271,'H','102.48978746084633',47,1411),(272,'H','101.70927185144625',31,1411),(273,'H','99.4176302362263',59,1411),(274,'T','-102.08961442816215',5,1411),(275,'T','-115.90749039827855',24,1411),(276,'T','-119.1904412332302',54,1411),(277,'H','102.48978746084633',47,1412),(278,'H','101.70927185144625',31,1412),(279,'H','99.4176302362263',59,1412),(280,'T','-102.08961442816215',5,1412),(281,'T','-115.90749039827855',24,1412),(282,'T','-119.1904412332302',54,1412),(283,'H','102.48978746084633',47,1413),(284,'H','101.70927185144625',31,1413),(285,'H','99.4176302362263',59,1413),(286,'T','-102.08961442816215',5,1413),(287,'T','-115.90749039827855',24,1413),(288,'T','-119.1904412332302',54,1413),(289,'H','102.48978746084633',47,1414),(290,'H','101.70927185144625',31,1414),(291,'H','99.4176302362263',59,1414),(292,'T','-102.08961442816215',5,1414),(293,'T','-115.90749039827855',24,1414),(294,'T','-119.1904412332302',54,1414),(295,'H','102.48978746084633',47,1416),(296,'H','101.70927185144625',31,1416),(297,'H','99.4176302362263',59,1416),(298,'T','-102.08961442816215',5,1416),(299,'T','-115.90749039827855',24,1416),(300,'T','-119.1904412332302',54,1416),(301,'H','102.48978746084633',47,1417),(302,'H','101.70927185144625',31,1417),(303,'H','99.4176302362263',59,1417),(304,'T','-102.08961442816215',5,1417),(305,'T','-115.90749039827855',24,1417),(306,'T','-119.1904412332302',54,1417),(307,'H','102.48978746084633',47,1418),(308,'H','101.70927185144625',31,1418),(309,'H','99.4176302362263',59,1418),(310,'T','-102.08961442816215',5,1418),(311,'T','-115.90749039827855',24,1418),(312,'T','-119.1904412332302',54,1418),(313,'H','102.48978746084633',47,1419),(314,'H','101.70927185144625',31,1419),(315,'H','99.4176302362263',59,1419),(316,'T','-102.08961442816215',5,1419),(317,'T','-115.90749039827855',24,1419),(318,'T','-119.1904412332302',54,1419),(319,'H','102.48978746084633',47,1420),(320,'H','101.70927185144625',31,1420),(321,'H','99.4176302362263',59,1420),(322,'T','-102.08961442816215',5,1420),(323,'T','-115.90749039827855',24,1420),(324,'T','-119.1904412332302',54,1420),(325,'H','102.48978746084633',47,1421),(326,'H','101.70927185144625',31,1421),(327,'H','99.4176302362263',59,1421),(328,'T','-102.08961442816215',5,1421),(329,'T','-115.90749039827855',24,1421),(330,'T','-119.1904412332302',54,1421),(331,'H','102.48978746084633',47,1422),(332,'H','101.70927185144625',31,1422),(333,'H','99.4176302362263',59,1422),(334,'T','-102.08961442816215',5,1422),(335,'T','-115.90749039827855',24,1422),(336,'T','-119.1904412332302',54,1422),(337,'H','102.48978746084633',47,1424),(338,'H','101.70927185144625',31,1424),(339,'H','99.4176302362263',59,1424),(340,'T','-102.08961442816215',5,1424),(341,'T','-115.90749039827855',24,1424),(342,'T','-119.1904412332302',54,1424),(343,'H','102.48978746084633',47,1425),(344,'H','101.70927185144625',31,1425),(345,'H','99.4176302362263',59,1425),(346,'T','-102.08961442816215',5,1425),(347,'T','-115.90749039827855',24,1425),(348,'T','-119.1904412332302',54,1425),(349,'H','102.48978746084633',47,1344),(350,'H','101.70927185144625',31,1344),(351,'H','99.4176302362263',59,1344),(352,'T','-102.08961442816215',5,1344),(353,'T','-115.90749039827855',24,1344),(354,'T','-119.1904412332302',54,1344),(355,'H','117.95438448722635',31,1344),(356,'H','116.99701529232857',47,1344),(357,'H','112.62783002826478',59,1344),(358,'T','-113.30932497623913',5,1344),(359,'T','-119.94041823450983',24,1344),(360,'T','-132.33793074494406',54,1344),(361,'H','117.95438448722635',31,1344),(362,'H','116.99701529232857',47,1344),(363,'H','112.62783002826478',59,1344),(364,'T','-113.30932497623913',5,1344),(365,'T','-119.94041823450983',24,1344),(366,'T','-132.33793074494406',54,1344),(367,'H','53.55315126564674',47,1460),(368,'H','53.18018598797654',31,1460),(369,'H','45.879690863471',11,1460),(370,'T','-92.1633283882898',5,1460),(371,'T','-92.27700217925822',54,1460),(372,'T','-97.95895033957673',24,1460),(373,'H','53.55315126564674',47,1460),(374,'H','53.18018598797654',31,1460),(375,'H','45.879690863471',11,1460),(376,'T','-92.1633283882898',5,1460),(377,'T','-92.27700217925822',54,1460),(378,'T','-97.95895033957673',24,1460),(379,'H','117.95438448722635',31,1461),(380,'H','116.99701529232857',47,1461),(381,'H','112.62783002826478',59,1461),(382,'T','-113.30932497623913',5,1461),(383,'T','-119.94041823450983',24,1461),(384,'T','-132.33793074494406',54,1461),(385,'H','91.33702447607014',31,1463),(386,'H','87.60172825709867',59,1463),(387,'H','86.40984630984187',47,1463),(388,'T','-103.10540622436248',54,1463),(389,'T','-104.95411924377619',5,1463),(390,'T','-107.57398265268105',24,1463),(391,'H','117.95438448722635',31,1474),(392,'H','116.99701529232857',47,1474),(393,'H','112.62783002826478',59,1474),(394,'T','-113.30932497623913',5,1474),(395,'T','-119.94041823450983',24,1474),(396,'T','-132.33793074494406',54,1474),(397,'H','46.08681124178456',31,1477),(398,'H','40.902304381348365',47,1477),(399,'H','39.08040522058393',8,1477),(400,'T','-81.90034171500723',9,1477),(401,'T','-87.41431752362513',24,1477),(402,'T','-87.4452229625554',10,1477),(403,'H','117.95438448722635',31,1478),(404,'H','116.99701529232857',47,1478),(405,'H','112.62783002826478',59,1478),(406,'T','-113.30932497623913',5,1478),(407,'T','-119.94041823450983',24,1478),(408,'T','-132.33793074494406',54,1478),(409,'H','53.55315126564674',47,1460),(410,'H','53.18018598797654',31,1460),(411,'H','45.879690863471',11,1460),(412,'T','-92.1633283882898',5,1460),(413,'T','-92.27700217925822',54,1460),(414,'T','-97.95895033957673',24,1460),(415,'H','117.95438448722635',31,1461),(416,'H','116.99701529232857',47,1461),(417,'H','112.62783002826478',59,1461),(418,'T','-113.30932497623913',5,1461),(419,'T','-119.94041823450983',24,1461),(420,'T','-132.33793074494406',54,1461),(421,'H','117.95438448722635',31,1481),(422,'H','116.99701529232857',47,1481),(423,'H','112.62783002826478',59,1481),(424,'T','-113.30932497623913',5,1481),(425,'T','-119.94041823450983',24,1481),(426,'T','-132.33793074494406',54,1481),(427,'H','102.48978746084633',47,1483),(428,'H','101.70927185144625',31,1483),(429,'H','99.4176302362263',59,1483),(430,'T','-102.08961442816215',5,1483),(431,'T','-115.90749039827855',24,1483),(432,'T','-119.1904412332302',54,1483),(433,'H','117.95438448722635',31,1487),(434,'H','116.99701529232857',47,1487),(435,'H','112.62783002826478',59,1487),(436,'T','-113.30932497623913',5,1487),(437,'T','-119.94041823450983',24,1487),(438,'T','-132.33793074494406',54,1487),(439,'H','102.48978746084633',47,1490),(440,'H','101.70927185144625',31,1490),(441,'H','99.4176302362263',59,1490),(442,'T','-102.08961442816215',5,1490),(443,'T','-115.90749039827855',24,1490),(444,'T','-119.1904412332302',54,1490),(445,'H','102.48978746084633',47,1491),(446,'H','101.70927185144625',31,1491),(447,'H','99.4176302362263',59,1491),(448,'T','-102.08961442816215',5,1491),(449,'T','-115.90749039827855',24,1491),(450,'T','-119.1904412332302',54,1491),(451,'H','102.48978746084633',47,1492),(452,'H','101.70927185144625',31,1492),(453,'H','99.4176302362263',59,1492),(454,'T','-102.08961442816215',5,1492),(455,'T','-115.90749039827855',24,1492),(456,'T','-119.1904412332302',54,1492),(457,'H','102.48978746084633',47,1493),(458,'H','101.70927185144625',31,1493),(459,'H','99.4176302362263',59,1493),(460,'T','-102.08961442816215',5,1493),(461,'T','-115.90749039827855',24,1493),(462,'T','-119.1904412332302',54,1493),(463,'H','102.48978746084633',47,1494),(464,'H','101.70927185144625',31,1494),(465,'H','99.4176302362263',59,1494),(466,'T','-102.08961442816215',5,1494),(467,'T','-115.90749039827855',24,1494),(468,'T','-119.1904412332302',54,1494),(469,'H','102.48978746084633',47,1495),(470,'H','101.70927185144625',31,1495),(471,'H','99.4176302362263',59,1495),(472,'T','-102.08961442816215',5,1495),(473,'T','-115.90749039827855',24,1495),(474,'T','-119.1904412332302',54,1495),(475,'H','102.48978746084633',47,1496),(476,'H','101.70927185144625',31,1496),(477,'H','99.4176302362263',59,1496),(478,'T','-102.08961442816215',5,1496),(479,'T','-115.90749039827855',24,1496),(480,'T','-119.1904412332302',54,1496),(481,'H','102.48978746084633',47,1497),(482,'H','101.70927185144625',31,1497),(483,'H','99.4176302362263',59,1497),(484,'T','-102.08961442816215',5,1497),(485,'T','-115.90749039827855',24,1497),(486,'T','-119.1904412332302',54,1497),(487,'H','102.48978746084633',47,1498),(488,'H','101.70927185144625',31,1498),(489,'H','99.4176302362263',59,1498),(490,'T','-102.08961442816215',5,1498),(491,'T','-115.90749039827855',24,1498),(492,'T','-119.1904412332302',54,1498),(493,'H','102.48978746084633',47,1499),(494,'H','101.70927185144625',31,1499),(495,'H','99.4176302362263',59,1499),(496,'T','-102.08961442816215',5,1499),(497,'T','-115.90749039827855',24,1499),(498,'T','-119.1904412332302',54,1499),(499,'H','102.48978746084633',47,1500),(500,'H','101.70927185144625',31,1500),(501,'H','99.4176302362263',59,1500),(502,'T','-102.08961442816215',5,1500),(503,'T','-115.90749039827855',24,1500),(504,'T','-119.1904412332302',54,1500),(505,'H','102.48978746084633',47,1501),(506,'H','101.70927185144625',31,1501),(507,'H','99.4176302362263',59,1501),(508,'T','-102.08961442816215',5,1501),(509,'T','-115.90749039827855',24,1501),(510,'T','-119.1904412332302',54,1501),(511,'H','102.48978746084633',47,1502),(512,'H','101.70927185144625',31,1502),(513,'H','99.4176302362263',59,1502),(514,'T','-102.08961442816215',5,1502),(515,'T','-115.90749039827855',24,1502),(516,'T','-119.1904412332302',54,1502),(517,'H','102.48978746084633',47,1503),(518,'H','101.70927185144625',31,1503),(519,'H','99.4176302362263',59,1503),(520,'T','-102.08961442816215',5,1503),(521,'T','-115.90749039827855',24,1503),(522,'T','-119.1904412332302',54,1503),(523,'H','102.48978746084633',47,1504),(524,'H','101.70927185144625',31,1504),(525,'H','99.4176302362263',59,1504),(526,'T','-102.08961442816215',5,1504),(527,'T','-115.90749039827855',24,1504),(528,'T','-119.1904412332302',54,1504),(529,'H','102.48978746084633',47,1505),(530,'H','101.70927185144625',31,1505),(531,'H','99.4176302362263',59,1505),(532,'T','-102.08961442816215',5,1505),(533,'T','-115.90749039827855',24,1505),(534,'T','-119.1904412332302',54,1505),(535,'H','102.48978746084633',47,1506),(536,'H','101.70927185144625',31,1506),(537,'H','99.4176302362263',59,1506),(538,'T','-102.08961442816215',5,1506),(539,'T','-115.90749039827855',24,1506),(540,'T','-119.1904412332302',54,1506),(541,'H','102.48978746084633',47,1507),(542,'H','101.70927185144625',31,1507),(543,'H','99.4176302362263',59,1507),(544,'T','-102.08961442816215',5,1507),(545,'T','-115.90749039827855',24,1507),(546,'T','-119.1904412332302',54,1507),(547,'H','102.48978746084633',47,1508),(548,'H','101.70927185144625',31,1508),(549,'H','99.4176302362263',59,1508),(550,'T','-102.08961442816215',5,1508),(551,'T','-115.90749039827855',24,1508),(552,'T','-119.1904412332302',54,1508),(553,'H','102.48978746084633',47,1509),(554,'H','101.70927185144625',31,1509),(555,'H','99.4176302362263',59,1509),(556,'T','-102.08961442816215',5,1509),(557,'T','-115.90749039827855',24,1509),(558,'T','-119.1904412332302',54,1509),(559,'H','102.48978746084633',47,1510),(560,'H','101.70927185144625',31,1510),(561,'H','99.4176302362263',59,1510),(562,'T','-102.08961442816215',5,1510),(563,'T','-115.90749039827855',24,1510),(564,'T','-119.1904412332302',54,1510),(565,'H','102.48978746084633',47,1511),(566,'H','101.70927185144625',31,1511),(567,'H','99.4176302362263',59,1511),(568,'T','-102.08961442816215',5,1511),(569,'T','-115.90749039827855',24,1511),(570,'T','-119.1904412332302',54,1511),(571,'H','102.48978746084633',47,1512),(572,'H','101.70927185144625',31,1512),(573,'H','99.4176302362263',59,1512),(574,'T','-102.08961442816215',5,1512),(575,'T','-115.90749039827855',24,1512),(576,'T','-119.1904412332302',54,1512),(577,'H','102.48978746084633',47,1517),(578,'H','101.70927185144625',31,1517),(579,'H','99.4176302362263',59,1517),(580,'T','-102.08961442816215',5,1517),(581,'T','-115.90749039827855',24,1517),(582,'T','-119.1904412332302',54,1517),(583,'H','102.48978746084633',47,1518),(584,'H','101.70927185144625',31,1518),(585,'H','99.4176302362263',59,1518),(586,'T','-102.08961442816215',5,1518),(587,'T','-115.90749039827855',24,1518),(588,'T','-119.1904412332302',54,1518),(589,'H','102.48978746084633',47,1519),(590,'H','101.70927185144625',31,1519),(591,'H','99.4176302362263',59,1519),(592,'T','-102.08961442816215',5,1519),(593,'T','-115.90749039827855',24,1519),(594,'T','-119.1904412332302',54,1519),(595,'H','102.48978746084633',47,1520),(596,'H','101.70927185144625',31,1520),(597,'H','99.4176302362263',59,1520),(598,'T','-102.08961442816215',5,1520),(599,'T','-115.90749039827855',24,1520),(600,'T','-119.1904412332302',54,1520),(601,'H','102.48978746084633',47,1522),(602,'H','101.70927185144625',31,1522),(603,'H','99.4176302362263',59,1522),(604,'T','-102.08961442816215',5,1522),(605,'T','-115.90749039827855',24,1522),(606,'T','-119.1904412332302',54,1522),(607,'H','102.48978746084633',47,1523),(608,'H','101.70927185144625',31,1523),(609,'H','99.4176302362263',59,1523),(610,'T','-102.08961442816215',5,1523),(611,'T','-115.90749039827855',24,1523),(612,'T','-119.1904412332302',54,1523),(613,'H','102.48978746084633',47,1524),(614,'H','101.70927185144625',31,1524),(615,'H','99.4176302362263',59,1524),(616,'T','-102.08961442816215',5,1524),(617,'T','-115.90749039827855',24,1524),(618,'T','-119.1904412332302',54,1524),(619,'H','102.48978746084633',47,1525),(620,'H','101.70927185144625',31,1525),(621,'H','99.4176302362263',59,1525),(622,'T','-102.08961442816215',5,1525),(623,'T','-115.90749039827855',24,1525),(624,'T','-119.1904412332302',54,1525),(625,'H','102.48978746084633',47,1526),(626,'H','101.70927185144625',31,1526),(627,'H','99.4176302362263',59,1526),(628,'T','-102.08961442816215',5,1526),(629,'T','-115.90749039827855',24,1526),(630,'T','-119.1904412332302',54,1526),(631,'H','102.48978746084633',47,1527),(632,'H','101.70927185144625',31,1527),(633,'H','99.4176302362263',59,1527),(634,'T','-102.08961442816215',5,1527),(635,'T','-115.90749039827855',24,1527),(636,'T','-119.1904412332302',54,1527),(637,'H','102.48978746084633',47,1528),(638,'H','101.70927185144625',31,1528),(639,'H','99.4176302362263',59,1528),(640,'T','-102.08961442816215',5,1528),(641,'T','-115.90749039827855',24,1528),(642,'T','-119.1904412332302',54,1528),(643,'H','102.48978746084633',47,1529),(644,'H','101.70927185144625',31,1529),(645,'H','99.4176302362263',59,1529),(646,'T','-102.08961442816215',5,1529),(647,'T','-115.90749039827855',24,1529),(648,'T','-119.1904412332302',54,1529),(649,'H','102.48978746084633',47,1530),(650,'H','101.70927185144625',31,1530),(651,'H','99.4176302362263',59,1530),(652,'T','-102.08961442816215',5,1530),(653,'T','-115.90749039827855',24,1530),(654,'T','-119.1904412332302',54,1530),(655,'H','102.48978746084633',47,1531),(656,'H','101.70927185144625',31,1531),(657,'H','99.4176302362263',59,1531),(658,'T','-102.08961442816215',5,1531),(659,'T','-115.90749039827855',24,1531),(660,'T','-119.1904412332302',54,1531),(661,'H','102.48978746084633',47,1533),(662,'H','101.70927185144625',31,1533),(663,'H','99.4176302362263',59,1533),(664,'T','-102.08961442816215',5,1533),(665,'T','-115.90749039827855',24,1533),(666,'T','-119.1904412332302',54,1533),(667,'H','102.48978746084633',47,1534),(668,'H','101.70927185144625',31,1534),(669,'H','99.4176302362263',59,1534),(670,'T','-102.08961442816215',5,1534),(671,'T','-115.90749039827855',24,1534),(672,'T','-119.1904412332302',54,1534),(673,'H','102.48978746084633',47,1538),(674,'H','101.70927185144625',31,1538),(675,'H','99.4176302362263',59,1538),(676,'T','-102.08961442816215',5,1538),(677,'T','-115.90749039827855',24,1538),(678,'T','-119.1904412332302',54,1538),(679,'H','102.48978746084633',47,1539),(680,'H','101.70927185144625',31,1539),(681,'H','99.4176302362263',59,1539),(682,'T','-102.08961442816215',5,1539),(683,'T','-115.90749039827855',24,1539),(684,'T','-119.1904412332302',54,1539),(685,'H','102.48978746084633',47,1540),(686,'H','101.70927185144625',31,1540),(687,'H','99.4176302362263',59,1540),(688,'T','-102.08961442816215',5,1540),(689,'T','-115.90749039827855',24,1540),(690,'T','-119.1904412332302',54,1540),(691,'H','102.48978746084633',47,1543),(692,'H','101.70927185144625',31,1543),(693,'H','99.4176302362263',59,1543),(694,'T','-102.08961442816215',5,1543),(695,'T','-115.90749039827855',24,1543),(696,'T','-119.1904412332302',54,1543),(697,'H','102.48978746084633',47,1544),(698,'H','101.70927185144625',31,1544),(699,'H','99.4176302362263',59,1544),(700,'T','-102.08961442816215',5,1544),(701,'T','-115.90749039827855',24,1544),(702,'T','-119.1904412332302',54,1544);
/*!40000 ALTER TABLE `survey_scores` ENABLE KEYS */;
UNLOCK TABLES;

--
-- Table structure for table `surveys`
--

DROP TABLE IF EXISTS `surveys`;
/*!40101 SET @saved_cs_client     = @@character_set_client */;
/*!50503 SET character_set_client = utf8mb4 */;
CREATE TABLE `surveys` (
  `survey_id` bigint NOT NULL AUTO_INCREMENT,
  `question` varchar(255) COLLATE utf8mb4_0900_as_cs NOT NULL,
  `keyword_id` bigint DEFAULT NULL,
  PRIMARY KEY (`survey_id`),
  KEY `FK6jxg4jpdlvhlsobkxrf3t8h5g` (`keyword_id`),
  CONSTRAINT `FK6jxg4jpdlvhlsobkxrf3t8h5g` FOREIGN KEY (`keyword_id`) REFERENCES `keywords` (`keyword_id`)
) ENGINE=InnoDB AUTO_INCREMENT=58 DEFAULT CHARSET=utf8mb4 COLLATE=utf8mb4_0900_as_cs;
/*!40101 SET character_set_client = @saved_cs_client */;

--
-- Dumping data for table `surveys`
--

LOCK TABLES `surveys` WRITE;
/*!40000 ALTER TABLE `surveys` DISABLE KEYS */;
INSERT INTO `surveys` VALUES (1,'평등',5),(2,'내적조화',5),(3,'사회적 힘',10),(4,'즐거움',8),(5,'자유',6),(6,'영적인 삶',4),(7,'소속감',1),(8,'사회적 질서',1),(9,'재미있는 삶',7),(10,'의미있는 삶',4),(11,'공손',2),(12,'부유함',10),(13,'국가의 안전',1),(14,'자존감',6),(15,'호의에 보답',1),(16,'창의성',6),(17,'세계평화',5),(18,'전통에 대한 공경',2),(19,'성숙한 사랑',4),(20,'자기수양',2),(21,'프라이버시',6),(22,'가족의 안전',1),(23,'사회적 인정',10),(24,'자연과의 조화',5),(25,'다채로운 삶',7),(26,'지혜',5),(27,'권위',10),(28,'진실한 우정',4),(29,'아름다운 세계',5),(30,'사회정의',5),(31,'독립적인',6),(32,'중용의',3),(33,'충성스러운',4),(34,'야심적인',9),(35,'관대한',5),(36,'겸손한',3),(37,'대범한',7),(38,'환경을 보호하는',5),(39,'영향력 있는',9),(40,'부모님과 어른을 공경하는',2),(41,'자신의 목표를 선택하는',6),(42,'건강한',1),(43,'유능한',9),(44,'인생에서 나의 몫을 받아들이는',3),(45,'정직한',4),(46,'체면을 유지하는',10),(47,'순종하는',2),(48,'지적인',9),(49,'도움을 주는',4),(50,'인생을 즐기는',8),(51,'헌신적인',3),(52,'책임감 있는',4),(53,'호기심 있는',6),(54,'용서하는',4),(55,'성공적인',9),(56,'청결한',1),(57,'방종한',8);
/*!40000 ALTER TABLE `surveys` ENABLE KEYS */;
UNLOCK TABLES;
/*!40103 SET TIME_ZONE=@OLD_TIME_ZONE */;

/*!40101 SET SQL_MODE=@OLD_SQL_MODE */;
/*!40014 SET FOREIGN_KEY_CHECKS=@OLD_FOREIGN_KEY_CHECKS */;
/*!40014 SET UNIQUE_CHECKS=@OLD_UNIQUE_CHECKS */;
/*!40101 SET CHARACTER_SET_CLIENT=@OLD_CHARACTER_SET_CLIENT */;
/*!40101 SET CHARACTER_SET_RESULTS=@OLD_CHARACTER_SET_RESULTS */;
/*!40101 SET COLLATION_CONNECTION=@OLD_COLLATION_CONNECTION */;
/*!40111 SET SQL_NOTES=@OLD_SQL_NOTES */;

-- Dump completed on 2023-04-07  9:01:56
